data,bova11,ibov
2011-01-03,69.23999786376953,69962.0
2011-01-04,69.69999694824219,70318.0
2011-01-05,70.25,71091.0
2011-01-06,69.6500015258789,70579.0
2011-01-07,69.33000183105469,70057.0
2011-01-10,69.30999755859375,70127.0
2011-01-11,69.69999694824219,70423.0
2011-01-12,71.0,71633.0
2011-01-13,69.98999786376953,70721.0
2011-01-14,70.25,70940.0
2011-01-17,70.04000091552734,70609.0
2011-01-18,70.20999908447266,70920.0
2011-01-19,69.30000305175781,70058.0
2011-01-20,68.75,69562.0
2011-01-21,68.3499984741211,69133.0
2011-01-24,68.73999786376953,69427.0
2011-01-26,67.94999694824219,68709.0
2011-01-27,67.30000305175781,68051.0
2011-01-28,65.94000244140625,66698.0
2011-01-31,65.77999877929688,66575.0
2011-02-01,66.98999786376953,67847.0
2011-02-02,65.97000122070312,66688.0
2011-02-03,65.80000305175781,66765.0
2011-02-04,64.52999877929688,65269.0
2011-02-07,64.68000030517578,65362.0
2011-02-08,64.68000030517578,65771.0
2011-02-09,63.34000015258789,64218.0
2011-02-10,63.849998474121094,64578.0
2011-02-11,64.91000366210938,65756.0
2011-02-14,65.83000183105469,66558.0
2011-02-15,65.56999969482422,66341.0
2011-02-16,66.55000305175781,67571.0
2011-02-17,66.87999725341797,67685.0
2011-02-18,67.5,68067.0
2011-02-21,66.55000305175781,67259.0
2011-02-22,65.66999816894531,66440.0
2011-02-23,66.19999694824219,66910.0
2011-02-24,66.19999694824219,66949.0
2011-02-25,66.19999694824219,66903.0
2011-02-28,66.75,67383.0
2011-03-01,65.75,66243.0
2011-03-02,66.52999877929688,67282.0
2011-03-03,67.44999694824219,68146.0
2011-03-04,67.47000122070312,68012.0
2011-03-09,67.47000122070312,67264.0
2011-03-10,65.25,66041.0
2011-03-11,65.93000030517578,66685.0
2011-03-14,66.4000015258789,67169.0
2011-03-15,66.36000061035156,67005.0
2011-03-16,65.0999984741211,66003.0
2011-03-17,65.29000091552734,66216.0
2011-03-18,66.16999816894531,66880.0
2011-03-21,66.16999816894531,66690.0
2011-03-22,65.87999725341797,67578.0
2011-03-23,66.94999694824219,67796.0
2011-03-24,66.77999877929688,67533.0
2011-03-25,66.75,67766.0
2011-03-28,66.38999938964844,67193.0
2011-03-29,66.38999938964844,67419.0
2011-03-30,66.5999984741211,67997.0
2011-03-31,67.20999908447266,68587.0
2011-04-01,67.55000305175781,69268.0
2011-04-04,67.55000305175781,69704.0
2011-04-05,68.91000366210938,69838.0
2011-04-06,68.91999816894531,69037.0
2011-04-07,68.23999786376953,69176.0
2011-04-08,67.93000030517578,68718.0
2011-04-11,67.29000091552734,68164.0
2011-04-12,66.0999984741211,66896.0
2011-04-13,65.75,66486.0
2011-04-14,65.5,66279.0
2011-04-15,65.87000274658203,66684.0
2011-04-18,65.87000274658203,65415.0
2011-04-19,65.23999786376953,66158.0
2011-04-20,66.25,67058.0
2011-04-25,66.11000061035156,66972.0
2011-04-26,66.16000366210938,67144.0
2011-04-27,65.4000015258789,66264.0
2011-04-28,64.87000274658203,65673.0
2011-04-29,65.19999694824219,66133.0
2011-05-02,64.79000091552734,65463.0
2011-05-03,63.4900016784668,64318.0
2011-05-04,62.900001525878906,63616.0
2011-05-05,62.68000030517578,63407.0
2011-05-06,63.68000030517578,64417.0
2011-05-09,63.68000030517578,64622.0
2011-05-10,63.79999923706055,64877.0
2011-05-11,62.95000076293945,63776.0
2011-05-12,63.279998779296875,64003.0
2011-05-13,62.400001525878906,63235.0
2011-05-16,62.400001525878906,62830.0
2011-05-17,62.810001373291016,63673.0
2011-05-18,62.11000061035156,62841.0
2011-05-19,61.470001220703125,62367.0
2011-05-20,61.7400016784668,62597.0
2011-05-23,61.619998931884766,62345.0
2011-05-24,62.599998474121094,63337.0
2011-05-25,62.599998474121094,63388.0
2011-05-26,63.5,64099.0
2011-05-27,63.5,64295.0
2011-05-30,63.11000061035156,63954.0
2011-05-31,63.810001373291016,64620.0
2011-06-01,62.650001525878906,63411.0
2011-06-02,63.38999938964844,64218.0
2011-06-03,63.5,64341.0
2011-06-06,62.189998626708984,63068.0
2011-06-07,62.189998626708984,63218.0
2011-06-08,62.29999923706055,63033.0
2011-06-09,62.560001373291016,63469.0
2011-06-10,61.81999969482422,62697.0
2011-06-13,61.11000061035156,62023.0
2011-06-14,61.20000076293945,62205.0
2011-06-15,60.7599983215332,61604.0
2011-06-16,60.09000015258789,60881.0
2011-06-17,60.29999923706055,61060.0
2011-06-20,60.400001525878906,61168.0
2011-06-21,60.47999954223633,61424.0
2011-06-22,60.31999969482422,61194.0
2011-06-24,60.20000076293945,61017.0
2011-06-27,60.41999816894531,61217.0
2011-06-28,61.11000061035156,62303.0
2011-06-29,61.59000015258789,62334.0
2011-06-30,61.4900016784668,62404.0
2011-07-01,63.0,63394.0
2011-07-04,62.95000076293945,63891.0
2011-07-05,62.18000030517578,63039.0
2011-07-06,61.720001220703125,62565.0
2011-07-07,61.40999984741211,62207.0
2011-07-08,60.66999816894531,61513.0
2011-07-11,59.529998779296875,60224.0
2011-07-12,58.91999816894531,59705.0
2011-07-13,59.83000183105469,60670.0
2011-07-14,58.900001525878906,59679.0
2011-07-15,58.720001220703125,59478.0
2011-07-18,58.720001220703125,58838.0
2011-07-19,58.189998626708984,59082.0
2011-07-20,58.2599983215332,59120.0
2011-07-21,59.5,60263.0
2011-07-22,59.54999923706055,60270.0
2011-07-25,59.54999923706055,59971.0
2011-07-26,58.5099983215332,59340.0
2011-07-27,57.459999084472656,58288.0
2011-07-28,57.849998474121094,58708.0
2011-07-29,57.849998474121094,58823.0
2011-08-01,57.81999969482422,58536.0
2011-08-02,56.599998474121094,57311.0
2011-08-03,55.560001373291016,56017.0
2011-08-04,52.04999923706055,52811.0
2011-08-05,52.27000045776367,52949.0
2011-08-08,47.7599983215332,48668.0
2011-08-09,50.400001525878906,51151.0
2011-08-10,50.650001525878906,51395.0
2011-08-11,52.650001525878906,53343.0
2011-08-12,52.650001525878906,53473.0
2011-08-15,53.95000076293945,54652.0
2011-08-16,53.529998779296875,54324.0
2011-08-17,53.529998779296875,55073.0
2011-08-18,52.40999984741211,53134.0
2011-08-19,51.79999923706055,52448.0
2011-08-22,51.75,52440.0
2011-08-23,53.0,53787.0
2011-08-24,52.970001220703125,53796.0
2011-08-25,52.150001525878906,52953.0
2011-08-26,52.52000045776367,53351.0
2011-08-29,54.099998474121094,54861.0
2011-08-30,54.560001373291016,55385.0
2011-08-31,55.75,56495.0
2011-09-01,57.27000045776367,58118.0
2011-09-02,55.650001525878906,56532.0
2011-09-05,54.290000915527344,54998.0
2011-09-06,55.88999938964844,56607.0
2011-09-08,56.900001525878906,57624.0
2011-09-09,55.099998474121094,55778.0
2011-09-12,55.29999923706055,55685.0
2011-09-13,54.72999954223633,55544.0
2011-09-14,55.5099983215332,56286.0
2011-09-15,55.650001525878906,56381.0
2011-09-16,56.45000076293945,57210.0
2011-09-19,56.45000076293945,57103.0
2011-09-20,55.599998474121094,56379.0
2011-09-21,55.02000045776367,55982.0
2011-09-22,52.560001373291016,53280.0
2011-09-23,52.650001525878906,53230.0
2011-09-26,52.650001525878906,53748.0
2011-09-27,53.150001525878906,53920.0
2011-09-28,52.540000915527344,53270.0
2011-09-29,52.7599983215332,53385.0
2011-09-30,51.599998474121094,52324.0
2011-10-03,50.0,50792.0
2011-10-04,50.0,50686.0
2011-10-05,50.099998474121094,51014.0
2011-10-06,51.5,52290.0
2011-10-07,50.40999984741211,51244.0
2011-10-10,52.79999923706055,53273.0
2011-10-11,53.09000015258789,53838.0
2011-10-13,54.0,54601.0
2011-10-14,54.400001525878906,55030.0
2011-10-17,54.400001525878906,53911.0
2011-10-18,53.119998931884766,55032.0
2011-10-19,54.279998779296875,54966.0
2011-10-20,53.16999816894531,54010.0
2011-10-21,54.599998474121094,55255.0
2011-10-24,54.599998474121094,56892.0
2011-10-25,56.0,56286.0
2011-10-26,55.349998474121094,57144.0
2011-10-27,56.4900016784668,59270.0
2011-10-28,58.099998474121094,59513.0
2011-10-31,58.54999923706055,58338.0
2011-11-01,56.47999954223633,57323.0
2011-11-03,57.29999923706055,58196.0
2011-11-04,58.0,58670.0
2011-11-07,58.400001525878906,59199.0
2011-11-08,58.099998474121094,59026.0
2011-11-09,56.779998779296875,57550.0
2011-11-10,56.779998779296875,57322.0
2011-11-11,57.65999984741211,58547.0
2011-11-14,57.400001525878906,58258.0
2011-11-16,57.68000030517578,58560.0
2011-11-17,56.150001525878906,56989.0
2011-11-18,56.0,56731.0
2011-11-21,56.0,56285.0
2011-11-22,55.099998474121094,55878.0
2011-11-23,54.310001373291016,54972.0
2011-11-24,54.470001220703125,55280.0
2011-11-25,54.25,54894.0
2011-11-28,55.119998931884766,56017.0
2011-11-29,54.650001525878906,55300.0
2011-11-30,56.18000030517578,56875.0
2011-12-01,57.40999984741211,58143.0
2011-12-02,57.029998779296875,57886.0
2011-12-05,58.18000030517578,58910.0
2011-12-06,58.72999954223633,59536.0
2011-12-07,57.720001220703125,58663.0
2011-12-08,57.720001220703125,57455.0
2011-12-09,57.40999984741211,58236.0
2011-12-12,57.40999984741211,57347.0
2011-12-13,56.619998931884766,57495.0
2011-12-14,55.75,56647.0
2011-12-15,55.54999923706055,56331.0
2011-12-16,55.45000076293945,56097.0
2011-12-19,55.45000076293945,55298.0
2011-12-20,56.2599983215332,56865.0
2011-12-21,55.81999969482422,56653.0
2011-12-22,56.5,57348.0
2011-12-23,56.75,57701.0
2011-12-26,56.900001525878906,57669.0
2011-12-27,57.13999938964844,58005.0
2011-12-28,55.650001525878906,56534.0
2011-12-29,55.97999954223633,56754.0
2012-01-02,57.029998779296875,
2012-01-03,58.400001525878906,59265.0
2012-01-04,58.400001525878906,59365.0
2012-01-05,57.61000061035156,58546.0
2012-01-06,57.75,58600.0
2012-01-09,58.25,59083.0
2012-01-10,58.900001525878906,59806.0
2012-01-11,59.20000076293945,59962.0
2012-01-12,59.099998474121094,59921.0
2012-01-13,58.20000076293945,59147.0
2012-01-16,58.20000076293945,59956.0
2012-01-17,58.20000076293945,60646.0
2012-01-18,60.79999923706055,61723.0
2012-01-19,60.93000030517578,61927.0
2012-01-20,61.400001525878906,62312.0
2012-01-23,61.52000045776367,62386.0
2012-01-24,61.599998474121094,62486.0
2012-01-26,62.04999923706055,62953.0
2012-01-27,62.029998779296875,62904.0
2012-01-30,61.86000061035156,62770.0
2012-01-31,62.16999816894531,63072.0
2012-02-01,63.52000045776367,64567.0
2012-02-02,63.59000015258789,64593.0
2012-02-03,64.20999908447266,65217.0
2012-02-06,64.19000244140625,65224.0
2012-02-07,64.94999694824219,65917.0
2012-02-08,64.77999877929688,65831.0
2012-02-09,64.5199966430664,65530.0
2012-02-10,63.04999923706055,63998.0
2012-02-13,63.04999923706055,65692.0
2012-02-14,64.01000213623047,65039.0
2012-02-15,64.37999725341797,65368.0
2012-02-16,65.01000213623047,66142.0
2012-02-17,65.12000274658203,66204.0
2012-02-23,64.86000061035156,65820.0
2012-02-24,64.88999938964844,65943.0
2012-02-27,64.25,65241.0
2012-02-28,65.0,65959.0
2012-02-29,64.73999786376953,65812.0
2012-03-01,64.73999786376953,66810.0
2012-03-02,66.75,67782.0
2012-03-05,65.94999694824219,66964.0
2012-03-06,64.0199966430664,65114.0
2012-03-07,64.0199966430664,66017.0
2012-03-08,65.87000274658203,66908.0
2012-03-09,65.63999938964844,66704.0
2012-03-12,65.38999938964844,66385.0
2012-03-13,67.30000305175781,68394.0
2012-03-14,67.0999984741211,68257.0
2012-03-15,66.62000274658203,67749.0
2012-03-16,66.62999725341797,67684.0
2012-03-19,66.62999725341797,67730.0
2012-03-20,66.1500015258789,67296.0
2012-03-21,66.1500015258789,66860.0
2012-03-22,65.83999633789062,65828.0
2012-03-23,64.88999938964844,65813.0
2012-03-26,65.77999877929688,66685.0
2012-03-27,64.91000366210938,66037.0
2012-03-28,64.1500015258789,65079.0
2012-03-29,63.900001525878906,64872.0
2012-03-30,63.900001525878906,64511.0
2012-04-02,64.30000305175781,65216.0
2012-04-03,63.41999816894531,64284.0
2012-04-04,62.650001525878906,63529.0
2012-04-05,62.70000076293945,63691.0
2012-04-09,61.97999954223633,62923.0
2012-04-10,60.81999969482422,61738.0
2012-04-11,60.81999969482422,61293.0
2012-04-12,62.0,63058.0
2012-04-13,61.04999923706055,62106.0
2012-04-16,61.04999923706055,61955.0
2012-04-17,61.790000915527344,62699.0
2012-04-18,62.0,63010.0
2012-04-19,61.65999984741211,62618.0
2012-04-20,61.59000015258789,62494.0
2012-04-23,60.61000061035156,61539.0
2012-04-24,61.060001373291016,61971.0
2012-04-25,60.939998626708984,61750.0
2012-04-26,61.2400016784668,62198.0
2012-04-27,60.810001373291016,61691.0
2012-04-30,60.810001373291016,61820.0
2012-05-02,60.900001525878906,62424.0
2012-05-03,61.2400016784668,62104.0
2012-05-04,59.939998626708984,60821.0
2012-05-07,60.34000015258789,61220.0
2012-05-08,59.38999938964844,60365.0
2012-05-09,58.900001525878906,59786.0
2012-05-10,58.779998779296875,59702.0
2012-05-11,58.779998779296875,59445.0
2012-05-14,56.650001525878906,57540.0
2012-05-15,55.439998626708984,56238.0
2012-05-16,55.439998626708984,55888.0
2012-05-17,53.349998474121094,54038.0
2012-05-18,53.63999938964844,54513.0
2012-05-21,53.63999938964844,56590.0
2012-05-22,54.18000030517578,55039.0
2012-05-23,53.88999938964844,54619.0
2012-05-24,53.310001373291016,54063.0
2012-05-25,53.70000076293945,54463.0
2012-05-28,54.41999816894531,55213.0
2012-05-29,53.869998931884766,54633.0
2012-05-30,53.0,53798.0
2012-05-31,53.0,54490.0
2012-06-01,52.599998474121094,53403.0
2012-06-04,52.59000015258789,53417.0
2012-06-05,51.720001220703125,52481.0
2012-06-06,53.290000915527344,54156.0
2012-06-08,53.650001525878906,54430.0
2012-06-11,53.279998779296875,54001.0
2012-06-12,54.36000061035156,55049.0
2012-06-13,54.849998474121094,55651.0
2012-06-14,54.599998474121094,55352.0
2012-06-15,55.290000915527344,56105.0
2012-06-18,55.290000915527344,56195.0
2012-06-19,56.400001525878906,57195.0
2012-06-20,56.36000061035156,57167.0
2012-06-21,54.709999084472656,55505.0
2012-06-22,54.599998474121094,55440.0
2012-06-25,53.0099983215332,53805.0
2012-06-26,53.0,53837.0
2012-06-27,52.279998779296875,53109.0
2012-06-28,51.93000030517578,52652.0
2012-06-29,53.41999816894531,54355.0
2012-07-02,53.86000061035156,54693.0
2012-07-03,55.0,55780.0
2012-07-04,55.0,56077.0
2012-07-05,55.560001373291016,56379.0
2012-07-06,54.59000015258789,55394.0
2012-07-10,52.75,53706.0
2012-07-11,52.599998474121094,53569.0
2012-07-12,52.54999923706055,53421.0
2012-07-13,53.54999923706055,54331.0
2012-07-16,53.54999923706055,53402.0
2012-07-17,53.04999923706055,53909.0
2012-07-18,53.689998626708984,54583.0
2012-07-19,54.400001525878906,55347.0
2012-07-20,53.16999816894531,54195.0
2012-07-23,52.2400016784668,53034.0
2012-07-24,51.849998474121094,52639.0
2012-07-25,51.689998626708984,52608.0
2012-07-26,53.119998931884766,54003.0
2012-07-27,55.650001525878906,56553.0
2012-07-30,56.45000076293945,57241.0
2012-07-31,55.099998474121094,56097.0
2012-08-01,55.47999954223633,55623.0
2012-08-02,54.599998474121094,55520.0
2012-08-03,56.369998931884766,57255.0
2012-08-06,57.369998931884766,58345.0
2012-08-07,57.369998931884766,57726.0
2012-08-08,57.369998931884766,58951.0
2012-08-09,57.83000183105469,58797.0
2012-08-10,57.83000183105469,59281.0
2012-08-13,57.83000183105469,59123.0
2012-08-14,57.119998931884766,58083.0
2012-08-15,57.2400016784668,58189.0
2012-08-16,58.349998474121094,59446.0
2012-08-17,58.16999816894531,59082.0
2012-08-20,58.29999923706055,59283.0
2012-08-21,58.0,58918.0
2012-08-22,58.45000076293945,59381.0
2012-08-23,57.5099983215332,58512.0
2012-08-24,57.41999816894531,58426.0
2012-08-27,57.18000030517578,58111.0
2012-08-28,57.400001525878906,58406.0
2012-08-29,56.29999923706055,57369.0
2012-08-30,56.16999816894531,57256.0
2012-08-31,56.150001525878906,57061.0
2012-09-03,56.22999954223633,57281.0
2012-09-04,55.25,56234.0
2012-09-05,55.86000061035156,56864.0
2012-09-06,57.29999923706055,58321.0
2012-09-10,57.33000183105469,58404.0
2012-09-11,58.369998931884766,59423.0
2012-09-12,58.970001220703125,59922.0
2012-09-13,60.849998474121094,61958.0
2012-09-14,61.16999816894531,62105.0
2012-09-17,60.720001220703125,61806.0
2012-09-18,60.720001220703125,61804.0
2012-09-19,60.47999954223633,61652.0
2012-09-20,60.650001525878906,61688.0
2012-09-21,60.38999938964844,61320.0
2012-09-24,60.779998779296875,61910.0
2012-09-25,59.400001525878906,60501.0
2012-09-26,59.400001525878906,60478.0
2012-09-27,59.02000045776367,60240.0
2012-09-28,58.150001525878906,59176.0
2012-10-01,58.5,59571.0
2012-10-02,58.150001525878906,59222.0
2012-10-03,57.54999923706055,58627.0
2012-10-04,57.25,58458.0
2012-10-05,57.470001220703125,58572.0
2012-10-08,58.2400016784668,59317.0
2012-10-09,58.0,58939.0
2012-10-10,57.33000183105469,58456.0
2012-10-11,58.25,59162.0
2012-10-15,58.560001373291016,59602.0
2012-10-16,58.65999984741211,59744.0
2012-10-17,59.400001525878906,60087.0
2012-10-18,58.7400016784668,59734.0
2012-10-19,57.79999923706055,58922.0
2012-10-22,57.75,58700.0
2012-10-23,56.5,57690.0
2012-10-24,56.13999938964844,57161.0
2012-10-25,56.709999084472656,57837.0
2012-10-26,56.290000915527344,57277.0
2012-10-29,56.13999938964844,57177.0
2012-10-30,56.630001068115234,57684.0
2012-10-31,56.040000915527344,57068.0
2012-11-01,57.43000030517578,58383.0
2012-11-05,57.099998474121094,58210.0
2012-11-06,58.290000915527344,59459.0
2012-11-07,57.36000061035156,58517.0
2012-11-08,56.43000030517578,57524.0
2012-11-09,56.31999969482422,57358.0
2012-11-12,56.0099983215332,57064.0
2012-11-13,56.43000030517578,57486.0
2012-11-14,55.02000045776367,56279.0
2012-11-16,54.130001068115234,55402.0
2012-11-19,55.2599983215332,56451.0
2012-11-21,55.119998931884766,56242.0
2012-11-22,55.310001373291016,56437.0
2012-11-23,56.4900016784668,57574.0
2012-11-26,55.650001525878906,56737.0
2012-11-27,55.099998474121094,56248.0
2012-11-28,55.5,56539.0
2012-11-29,56.400001525878906,57853.0
2012-11-30,56.5,57475.0
2012-12-03,57.11000061035156,58202.0
2012-12-04,56.45000076293945,57563.0
2012-12-05,56.599998474121094,57679.0
2012-12-06,56.77000045776367,57656.0
2012-12-07,57.36000061035156,58487.0
2012-12-10,57.97999954223633,59248.0
2012-12-11,58.290000915527344,59623.0
2012-12-12,58.29999923706055,59474.0
2012-12-13,58.099998474121094,59317.0
2012-12-14,58.45000076293945,59605.0
2012-12-17,58.439998626708984,59567.0
2012-12-18,59.29999923706055,60461.0
2012-12-19,59.66999816894531,60998.0
2012-12-20,60.16999816894531,61276.0
2012-12-21,59.720001220703125,61007.0
2012-12-26,59.709999084472656,60960.0
2012-12-27,59.54999923706055,60416.0
2012-12-28,59.689998626708984,60952.0
2013-01-02,61.27000045776367,62550.0
2013-01-03,61.91999816894531,63312.0
2013-01-04,61.31999969482422,62523.0
2013-01-07,60.75,61933.0
2013-01-08,59.90999984741211,61128.0
2013-01-09,60.25,61579.0
2013-01-10,60.4900016784668,61678.0
2013-01-11,60.29999923706055,61497.0
2013-01-14,60.75,62081.0
2013-01-15,60.52000045776367,61728.0
2013-01-16,60.540000915527344,61787.0
2013-01-17,61.0099983215332,62194.0
2013-01-18,60.790000915527344,61956.0
2013-01-21,60.75,61900.0
2013-01-22,60.75,61692.0
2013-01-23,60.810001373291016,61966.0
2013-01-24,59.90999984741211,61170.0
2013-01-28,58.88999938964844,60027.0
2013-01-29,59.33000183105469,60406.0
2013-01-30,58.08000183105469,59337.0
2013-01-31,58.689998626708984,59761.0
2013-02-01,59.060001373291016,60351.0
2013-02-04,58.400001525878906,59576.0
2013-02-05,58.15999984741211,59445.0
2013-02-06,57.790000915527344,58951.0
2013-02-07,57.189998626708984,58372.0
2013-02-08,57.209999084472656,58498.0
2013-02-13,57.27000045776367,58406.0
2013-02-14,56.97999954223633,58077.0
2013-02-15,56.70000076293945,57903.0
2013-02-18,56.45000076293945,57614.0
2013-02-19,56.099998474121094,57314.0
2013-02-20,54.81999969482422,56178.0
2013-02-21,54.83000183105469,56155.0
2013-02-22,55.43000030517578,56697.0
2013-02-25,55.290000915527344,56618.0
2013-02-26,55.81999969482422,56949.0
2013-02-27,56.130001068115234,57274.0
2013-02-28,56.13999938964844,57424.0
2013-03-01,55.779998779296875,56884.0
2013-03-04,55.29999923706055,56499.0
2013-03-05,54.900001525878906,55951.0
2013-03-06,56.650001525878906,57940.0
2013-03-07,57.58000183105469,58847.0
2013-03-08,57.150001525878906,58433.0
2013-03-11,57.529998779296875,58545.0
2013-03-12,57.02000045776367,58209.0
2013-03-13,56.13999938964844,57386.0
2013-03-14,56.04999923706055,57281.0
2013-03-15,55.630001068115234,56869.0
2013-03-18,55.7599983215332,56973.0
2013-03-19,55.150001525878906,56361.0
2013-03-20,54.86000061035156,56030.0
2013-03-21,54.459999084472656,55577.0
2013-03-22,54.2599983215332,55243.0
2013-03-25,53.77000045776367,54873.0
2013-03-26,54.56999969482422,55671.0
2013-03-27,54.91999816894531,56034.0
2013-03-28,55.099998474121094,56352.0
2013-04-01,54.79999923706055,55902.0
2013-04-02,53.75,54889.0
2013-04-03,54.45000076293945,55563.0
2013-04-04,53.5,54648.0
2013-04-05,54.08000183105469,55051.0
2013-04-08,53.95000076293945,55092.0
2013-04-09,54.72999954223633,55912.0
2013-04-10,55.0099983215332,56187.0
2013-04-11,54.150001525878906,55401.0
2013-04-12,53.72999954223633,54963.0
2013-04-15,51.95000076293945,52950.0
2013-04-16,52.869998931884766,53991.0
2013-04-17,51.81999969482422,52882.0
2013-04-18,52.040000915527344,53166.0
2013-04-19,52.72999954223633,53929.0
2013-04-22,53.15999984741211,54298.0
2013-04-23,53.689998626708984,54885.0
2013-04-24,53.77000045776367,54984.0
2013-04-25,53.849998474121094,54963.0
2013-04-26,53.099998474121094,54252.0
2013-04-29,53.75,54887.0
2013-04-30,54.45000076293945,55910.0
2013-05-02,54.04999923706055,55322.0
2013-05-03,54.150001525878906,55488.0
2013-05-06,54.27000045776367,55430.0
2013-05-07,55.189998626708984,56275.0
2013-05-08,54.70000076293945,55805.0
2013-05-09,54.25,55448.0
2013-05-10,53.90999984741211,55108.0
2013-05-13,53.29999923706055,54448.0
2013-05-14,53.5099983215332,54667.0
2013-05-15,53.75,54936.0
2013-05-16,53.66999816894531,54773.0
2013-05-17,54.040000915527344,55164.0
2013-05-20,54.56999969482422,55701.0
2013-05-21,55.06999969482422,56265.0
2013-05-22,55.36000061035156,56429.0
2013-05-23,55.209999084472656,56350.0
2013-05-24,55.34000015258789,56406.0
2013-05-27,55.349998474121094,56396.0
2013-05-28,54.79999923706055,56036.0
2013-05-29,53.470001220703125,54635.0
2013-05-31,52.45000076293945,53506.0
2013-06-03,52.75,53944.0
2013-06-04,52.86000061035156,54018.0
2013-06-05,51.7400016784668,52799.0
2013-06-06,51.84000015258789,52885.0
2013-06-07,50.560001373291016,51619.0
2013-06-10,50.189998626708984,51317.0
2013-06-11,48.70000076293945,49770.0
2013-06-12,48.22999954223633,49181.0
2013-06-13,49.40999984741211,50415.0
2013-06-14,48.36000061035156,49332.0
2013-06-17,48.150001525878906,49089.0
2013-06-18,48.349998474121094,49465.0
2013-06-19,46.9900016784668,47893.0
2013-06-20,47.33000183105469,48214.0
2013-06-21,46.189998626708984,47056.0
2013-06-24,45.119998931884766,45965.0
2013-06-25,46.0,46893.0
2013-06-26,46.189998626708984,47172.0
2013-06-27,46.7400016784668,47609.0
2013-06-28,46.5,47457.0
2013-07-01,46.38999938964844,47230.0
2013-07-02,44.20000076293945,45229.0
2013-07-03,43.970001220703125,45044.0
2013-07-04,44.959999084472656,45763.0
2013-07-05,44.38999938964844,45210.0
2013-07-08,44.18000030517578,45076.0
2013-07-10,44.52000045776367,45483.0
2013-07-11,45.779998779296875,46626.0
2013-07-12,44.70000076293945,45533.0
2013-07-15,45.810001373291016,46739.0
2013-07-16,46.119998931884766,46869.0
2013-07-17,46.56999969482422,47407.0
2013-07-18,46.650001525878906,47657.0
2013-07-19,46.540000915527344,47400.0
2013-07-22,47.72999954223633,48574.0
2013-07-23,47.83000183105469,48820.0
2013-07-24,47.459999084472656,48374.0
2013-07-25,48.13999938964844,49067.0
2013-07-26,48.4900016784668,49422.0
2013-07-29,48.2599983215332,49212.0
2013-07-30,47.58000183105469,48562.0
2013-07-31,47.31999969482422,48234.0
2013-08-01,48.22999954223633,49141.0
2013-08-02,47.470001220703125,48474.0
2013-08-05,47.54999923706055,48436.0
2013-08-06,46.41999816894531,47422.0
2013-08-07,46.58000183105469,47447.0
2013-08-08,48.099998474121094,48929.0
2013-08-09,48.93000030517578,49875.0
2013-08-12,49.40999984741211,50299.0
2013-08-13,49.650001525878906,50601.0
2013-08-14,49.70000076293945,50896.0
2013-08-15,49.959999084472656,50908.0
2013-08-16,50.56999969482422,51539.0
2013-08-19,50.70000076293945,51574.0
2013-08-20,49.630001068115234,50507.0
2013-08-21,49.459999084472656,50405.0
2013-08-22,50.41999816894531,51398.0
2013-08-23,51.150001525878906,52197.0
2013-08-26,50.56999969482422,51429.0
2013-08-27,49.22999954223633,50092.0
2013-08-28,49.189998626708984,49867.0
2013-08-29,49.060001373291016,49922.0
2013-08-30,49.5,50008.0
2013-09-02,50.459999084472656,51835.0
2013-09-03,50.470001220703125,51626.0
2013-09-04,50.5099983215332,51716.0
2013-09-05,51.099998474121094,52352.0
2013-09-06,52.880001068115234,53749.0
2013-09-09,53.0099983215332,54252.0
2013-09-10,52.849998474121094,53979.0
2013-09-11,52.38999938964844,53570.0
2013-09-12,52.189998626708984,53307.0
2013-09-13,52.83000183105469,53798.0
2013-09-16,52.47999954223633,53822.0
2013-09-17,53.2400016784668,54271.0
2013-09-18,54.65999984741211,55703.0
2013-09-19,53.849998474121094,55096.0
2013-09-20,53.0,54110.0
2013-09-23,53.40999984741211,54602.0
2013-09-24,53.349998474121094,54431.0
2013-09-25,53.029998779296875,54261.0
2013-09-26,52.77000045776367,53783.0
2013-09-27,52.52000045776367,53739.0
2013-09-30,51.290000915527344,52338.0
2013-10-01,51.959999084472656,53179.0
2013-10-02,51.90999984741211,53100.0
2013-10-03,51.310001373291016,52490.0
2013-10-04,51.70000076293945,52849.0
2013-10-07,51.099998474121094,52417.0
2013-10-08,51.16999816894531,52312.0
2013-10-09,51.4900016784668,52548.0
2013-10-10,51.900001525878906,52997.0
2013-10-11,52.040000915527344,53150.0
2013-10-14,53.189998626708984,54171.0
2013-10-15,53.75,54981.0
2013-10-16,54.5,55973.0
2013-10-17,54.189998626708984,55358.0
2013-10-18,53.9900016784668,55378.0
2013-10-21,54.810001373291016,56077.0
2013-10-22,55.25,56460.0
2013-10-23,54.150001525878906,55440.0
2013-10-24,53.56999969482422,54877.0
2013-10-25,52.849998474121094,54154.0
2013-10-28,54.0,55073.0
2013-10-29,53.04999923706055,54539.0
2013-10-30,52.939998626708984,54173.0
2013-10-31,52.70000076293945,54256.0
2013-11-01,52.790000915527344,54013.0
2013-11-04,53.209999084472656,54437.0
2013-11-05,52.619998931884766,53832.0
2013-11-06,52.130001068115234,53385.0
2013-11-07,51.54999923706055,52741.0
2013-11-08,51.0,52249.0
2013-11-11,51.369998931884766,52624.0
2013-11-12,50.540000915527344,51804.0
2013-11-13,51.09000015258789,52230.0
2013-11-14,52.25,53452.0
2013-11-18,53.060001373291016,54307.0
2013-11-19,51.72999954223633,53033.0
2013-11-21,51.43000030517578,52688.0
2013-11-22,51.66999816894531,52801.0
2013-11-25,51.09000015258789,52264.0
2013-11-26,50.06999969482422,51447.0
2013-11-27,50.54999923706055,51861.0
2013-11-28,50.79999923706055,51847.0
2013-11-29,51.279998779296875,52482.0
2013-12-02,50.040000915527344,51245.0
2013-12-03,49.22999954223633,50349.0
2013-12-04,49.09000015258789,50216.0
2013-12-05,49.439998626708984,50788.0
2013-12-06,49.86000061035156,50944.0
2013-12-09,49.93000030517578,51165.0
2013-12-10,49.810001373291016,50993.0
2013-12-11,48.810001373291016,50068.0
2013-12-12,48.93000030517578,50122.0
2013-12-13,48.75,50051.0
2013-12-16,49.130001068115234,50280.0
2013-12-17,48.93000030517578,50090.0
2013-12-18,49.540000915527344,50563.0
2013-12-19,50.47999954223633,50819.0
2013-12-20,49.90999984741211,51186.0
2013-12-23,50.11000061035156,51356.0
2013-12-26,50.040000915527344,51221.0
2013-12-27,50.13999938964844,51267.0
2013-12-30,50.2400016784668,51507.0
2014-01-02,49.08000183105469,50341.0
2014-01-03,49.2599983215332,50981.0
2014-01-06,49.84000015258789,50974.0
2014-01-07,49.22999954223633,50430.0
2014-01-08,49.279998779296875,50577.0
2014-01-09,48.13999938964844,49322.0
2014-01-10,48.31999969482422,49696.0
2014-01-13,48.2599983215332,49427.0
2014-01-14,48.380001068115234,49703.0
2014-01-15,48.7599983215332,50105.0
2014-01-16,48.540000915527344,49696.0
2014-01-17,48.02000045776367,49182.0
2014-01-20,47.5,48708.0
2014-01-21,47.349998474121094,48542.0
2014-01-22,48.18000030517578,49300.0
2014-01-23,47.18000030517578,48321.0
2014-01-24,46.54999923706055,47787.0
2014-01-27,46.630001068115234,47701.0
2014-01-28,46.709999084472656,47841.0
2014-01-29,46.25,47557.0
2014-01-30,46.06999969482422,47244.0
2014-01-31,46.459999084472656,47639.0
2014-02-03,45.09000015258789,46148.0
2014-02-04,45.810001373291016,46964.0
2014-02-05,45.540000915527344,46624.0
2014-02-06,46.66999816894531,47738.0
2014-02-07,47.0099983215332,48074.0
2014-02-10,46.529998779296875,47711.0
2014-02-11,47.2400016784668,48463.0
2014-02-12,47.02000045776367,48217.0
2014-02-13,46.81999969482422,47813.0
2014-02-14,47.040000915527344,48201.0
2014-02-17,46.40999984741211,47576.0
2014-02-18,45.40999984741211,46600.0
2014-02-19,45.75,47151.0
2014-02-20,46.13999938964844,47289.0
2014-02-21,46.2599983215332,47380.0
2014-02-24,46.0099983215332,47393.0
2014-02-25,45.540000915527344,46716.0
2014-02-26,45.369998931884766,46599.0
2014-02-27,46.54999923706055,47607.0
2014-02-28,46.08000183105469,47094.0
2014-03-05,45.43000030517578,46589.0
2014-03-06,45.849998474121094,47093.0
2014-03-07,45.029998779296875,46244.0
2014-03-10,44.279998779296875,45533.0
2014-03-11,44.52000045776367,45698.0
2014-03-12,44.72999954223633,45862.0
2014-03-13,44.36000061035156,45444.0
2014-03-14,43.79999923706055,44966.0
2014-03-17,44.0,45118.0
2014-03-18,44.970001220703125,46150.0
2014-03-19,45.369998931884766,46567.0
2014-03-20,45.97999954223633,47278.0
2014-03-21,46.279998779296875,47381.0
2014-03-24,46.959999084472656,47993.0
2014-03-25,47.04999923706055,48180.0
2014-03-26,46.75,47966.0
2014-03-27,48.4900016784668,49647.0
2014-03-28,48.58000183105469,49768.0
2014-03-31,49.09000015258789,50415.0
2014-04-01,49.04999923706055,50270.0
2014-04-02,50.470001220703125,51701.0
2014-04-03,50.20000076293945,51408.0
2014-04-04,49.869998931884766,51082.0
2014-04-07,50.849998474121094,52155.0
2014-04-08,50.34000015258789,51629.0
2014-04-09,49.880001068115234,51185.0
2014-04-10,49.86000061035156,51127.0
2014-04-11,50.5099983215332,51867.0
2014-04-14,50.29999923706055,51596.0
2014-04-15,49.08000183105469,50454.0
2014-04-16,49.869998931884766,51201.0
2014-04-17,50.7599983215332,52112.0
2014-04-22,50.650001525878906,51977.0
2014-04-23,50.209999084472656,51570.0
2014-04-24,50.2400016784668,51817.0
2014-04-25,50.0,51399.0
2014-04-28,50.04999923706055,51384.0
2014-04-29,50.52000045776367,51839.0
2014-04-30,50.290000915527344,51626.0
2014-05-02,51.58000183105469,52980.0
2014-05-05,52.04999923706055,53446.0
2014-05-06,52.349998474121094,53780.0
2014-05-07,52.66999816894531,54053.0
2014-05-08,51.9900016784668,53422.0
2014-05-09,51.709999084472656,53100.0
2014-05-12,52.540000915527344,54053.0
2014-05-13,52.59000015258789,53907.0
2014-05-14,52.93000030517578,54413.0
2014-05-15,52.52000045776367,53856.0
2014-05-16,52.650001525878906,53976.0
2014-05-19,52.0099983215332,53353.0
2014-05-20,51.09000015258789,52366.0
2014-05-21,50.81999969482422,52203.0
2014-05-22,51.540000915527344,52806.0
2014-05-23,51.2599983215332,52626.0
2014-05-26,51.599998474121094,52932.0
2014-05-27,50.869998931884766,52172.0
2014-05-28,51.29999923706055,52640.0
2014-05-29,50.91999816894531,52239.0
2014-05-30,49.97999954223633,51239.0
2014-06-02,50.310001373291016,51606.0
2014-06-03,50.70000076293945,52032.0
2014-06-04,50.52000045776367,51833.0
2014-06-05,50.20000076293945,51559.0
2014-06-06,51.79999923706055,53129.0
2014-06-09,52.88999938964844,54273.0
2014-06-10,53.220001220703125,54604.0
2014-06-11,53.7400016784668,55102.0
2014-06-13,53.439998626708984,54807.0
2014-06-16,53.25,54630.0
2014-06-17,52.83000183105469,54300.0
2014-06-18,53.77000045776367,55203.0
2014-06-20,53.20000076293945,54638.0
2014-06-23,52.7599983215332,54210.0
2014-06-24,52.900001525878906,54281.0
2014-06-25,51.959999084472656,53426.0
2014-06-26,52.0,53506.0
2014-06-27,51.72999954223633,53157.0
2014-06-30,51.689998626708984,53168.0
2014-07-01,51.84000015258789,53171.0
2014-07-02,51.619998931884766,53029.0
2014-07-03,52.47999954223633,53875.0
2014-07-04,52.63999938964844,54055.0
2014-07-07,52.33000183105469,53802.0
2014-07-08,52.209999084472656,53635.0
2014-07-10,53.22999954223633,54593.0
2014-07-11,53.349998474121094,54786.0
2014-07-14,54.290000915527344,55744.0
2014-07-15,54.4900016784668,55974.0
2014-07-16,54.27000045776367,55717.0
2014-07-17,54.15999984741211,55638.0
2014-07-18,55.52000045776367,57013.0
2014-07-21,56.08000183105469,57634.0
2014-07-22,56.45000076293945,57983.0
2014-07-23,55.93000030517578,57420.0
2014-07-24,56.38999938964844,57978.0
2014-07-25,56.34000015258789,57821.0
2014-07-28,56.15999984741211,57696.0
2014-07-29,55.65999984741211,57119.0
2014-07-30,55.38999938964844,56878.0
2014-07-31,54.33000183105469,55829.0
2014-08-01,54.40999984741211,55903.0
2014-08-04,55.04999923706055,56616.0
2014-08-05,54.63999938964844,56202.0
2014-08-06,54.97999954223633,56487.0
2014-08-07,54.83000183105469,56188.0
2014-08-08,54.09000015258789,55573.0
2014-08-11,55.09000015258789,56613.0
2014-08-12,54.939998626708984,56442.0
2014-08-13,54.11000061035156,55581.0
2014-08-14,54.27000045776367,55780.0
2014-08-15,55.400001525878906,56964.0
2014-08-18,56.040000915527344,57561.0
2014-08-19,56.869998931884766,58449.0
2014-08-20,57.29999923706055,58878.0
2014-08-21,57.459999084472656,58992.0
2014-08-22,56.86000061035156,58407.0
2014-08-25,58.20000076293945,59735.0
2014-08-26,58.20000076293945,59821.0
2014-08-27,59.27000045776367,60951.0
2014-08-28,58.720001220703125,60291.0
2014-08-29,59.689998626708984,61288.0
2014-09-01,59.54999923706055,61141.0
2014-09-02,60.16999816894531,61896.0
2014-09-03,60.2400016784668,61837.0
2014-09-04,59.400001525878906,60800.0
2014-09-05,59.08000183105469,60681.0
2014-09-08,57.5,59193.0
2014-09-09,57.150001525878906,58676.0
2014-09-10,56.63999938964844,58199.0
2014-09-11,56.689998626708984,58337.0
2014-09-12,55.25,56928.0
2014-09-15,56.400001525878906,57949.0
2014-09-16,57.5099983215332,59115.0
2014-09-17,57.38999938964844,59108.0
2014-09-18,56.81999969482422,58374.0
2014-09-19,56.279998779296875,57789.0
2014-09-22,55.22999954223633,56818.0
2014-09-23,54.81999969482422,56541.0
2014-09-24,55.27000045776367,56824.0
2014-09-25,54.400001525878906,55962.0
2014-09-26,55.63999938964844,57212.0
2014-09-29,52.91999816894531,54625.0
2014-09-30,52.63999938964844,54116.0
2014-10-01,51.13999938964844,52858.0
2014-10-02,51.79999923706055,53519.0
2014-10-03,53.040000915527344,54540.0
2014-10-06,55.709999084472656,57116.0
2014-10-07,55.869998931884766,57436.0
2014-10-08,55.849998474121094,57058.0
2014-10-09,55.84000015258789,57268.0
2014-10-10,53.560001373291016,55312.0
2014-10-13,56.15999984741211,57957.0
2014-10-14,56.34000015258789,58015.0
2014-10-15,54.54999923706055,56135.0
2014-10-16,52.77000045776367,54298.0
2014-10-17,54.189998626708984,55724.0
2014-10-20,52.869998931884766,54303.0
2014-10-21,51.029998779296875,52432.0
2014-10-22,50.9900016784668,52411.0
2014-10-23,49.16999816894531,50713.0
2014-10-24,50.29999923706055,51941.0
2014-10-27,49.099998474121094,50504.0
2014-10-28,50.81999969482422,52330.0
2014-10-29,49.41999816894531,51049.0
2014-10-30,50.7599983215332,52337.0
2014-10-31,52.97999954223633,54629.0
2014-11-03,52.310001373291016,53947.0
2014-11-04,52.880001068115234,54384.0
2014-11-05,52.209999084472656,53698.0
2014-11-06,51.220001220703125,52637.0
2014-11-07,51.79999923706055,53223.0
2014-11-10,51.22999954223633,52725.0
2014-11-11,50.939998626708984,52474.0
2014-11-12,51.349998474121094,52979.0
2014-11-13,50.349998474121094,51846.0
2014-11-14,50.34000015258789,51772.0
2014-11-17,49.81999969482422,51257.0
2014-11-18,50.63999938964844,52062.0
2014-11-19,51.93000030517578,53403.0
2014-11-21,54.66999816894531,56084.0
2014-11-24,53.83000183105469,55407.0
2014-11-25,54.029998779296875,55561.0
2014-11-26,53.63999938964844,55098.0
2014-11-27,53.290000915527344,54721.0
2014-11-28,53.150001525878906,54664.0
2014-12-01,50.75,52276.0
2014-12-02,50.11000061035156,51612.0
2014-12-03,50.720001220703125,52320.0
2014-12-04,49.900001525878906,51427.0
2014-12-05,50.36000061035156,51992.0
2014-12-08,48.90999984741211,50274.0
2014-12-09,48.7599983215332,50193.0
2014-12-10,48.04999923706055,49548.0
2014-12-11,48.369998931884766,49861.0
2014-12-12,46.75,48002.0
2014-12-15,45.58000183105469,47019.0
2014-12-16,45.70000076293945,47008.0
2014-12-17,47.34000015258789,48714.0
2014-12-18,46.88999938964844,48496.0
2014-12-19,48.20000076293945,49651.0
2014-12-22,48.650001525878906,50121.0
2014-12-23,49.34000015258789,50890.0
2014-12-26,48.630001068115234,50145.0
2014-12-29,49.09000015258789,50594.0
2014-12-30,48.540000915527344,50007.0
2015-01-02,47.2599983215332,48512.0
2015-01-05,46.31999969482422,47517.0
2015-01-06,46.58000183105469,48001.0
2015-01-07,48.150001525878906,49463.0
2015-01-08,48.5099983215332,49943.0
2015-01-09,47.529998779296875,48840.0
2015-01-12,46.83000183105469,48140.0
2015-01-13,46.63999938964844,48042.0
2015-01-14,46.47999954223633,47646.0
2015-01-15,47.0,48026.0
2015-01-16,47.599998474121094,49017.0
2015-01-19,46.310001373291016,47758.0
2015-01-20,46.52000045776367,47877.0
2015-01-21,47.810001373291016,49224.0
2015-01-22,48.119998931884766,49443.0
2015-01-23,47.29999923706055,48775.0
2015-01-26,47.189998626708984,48577.0
2015-01-27,47.34000015258789,48591.0
2015-01-28,46.33000183105469,47695.0
2015-01-29,46.380001068115234,47762.0
2015-01-30,45.61000061035156,46908.0
2015-02-02,46.27000045776367,47651.0
2015-02-03,47.63999938964844,48964.0
2015-02-04,47.77000045776367,49301.0
2015-02-05,47.880001068115234,49234.0
2015-02-06,47.29999923706055,48792.0
2015-02-09,47.91999816894531,49383.0
2015-02-10,47.15999984741211,48510.0
2015-02-11,46.95000076293945,48240.0
2015-02-12,48.130001068115234,49533.0
2015-02-13,49.38999938964844,50636.0
2015-02-18,49.90999984741211,51280.0
2015-02-19,49.79999923706055,51294.0
2015-02-20,49.84000015258789,51238.0
2015-02-23,49.79999923706055,51281.0
2015-02-24,50.40999984741211,51874.0
2015-02-25,50.36000061035156,51811.0
2015-02-26,50.310001373291016,51761.0
2015-02-27,50.0099983215332,51583.0
2015-03-02,49.59000015258789,51021.0
2015-03-03,49.83000183105469,51304.0
2015-03-04,49.06999969482422,50468.0
2015-03-05,48.95000076293945,50365.0
2015-03-06,48.54999923706055,49981.0
2015-03-09,47.75,49181.0
2015-03-10,46.95000076293945,48293.0
2015-03-11,47.52000045776367,48906.0
2015-03-12,47.45000076293945,48880.0
2015-03-13,47.209999084472656,48596.0
2015-03-16,47.380001068115234,48848.0
2015-03-17,48.91999816894531,50285.0
2015-03-18,50.099998474121094,51526.0
2015-03-19,49.54999923706055,50954.0
2015-03-20,50.31999969482422,51967.0
2015-03-23,50.43000030517578,51908.0
2015-03-24,50.040000915527344,51506.0
2015-03-25,50.290000915527344,51858.0
2015-03-26,49.11000061035156,50580.0
2015-03-27,48.65999984741211,50095.0
2015-03-30,49.81999969482422,51243.0
2015-03-31,49.5,51150.0
2015-04-01,50.79999923706055,52322.0
2015-04-02,51.5,53123.0
2015-04-06,52.099998474121094,53737.0
2015-04-07,52.20000076293945,53729.0
2015-04-08,52.220001220703125,53661.0
2015-04-09,52.27000045776367,53803.0
2015-04-10,52.650001525878906,54214.0
2015-04-13,52.61000061035156,54240.0
2015-04-14,52.529998779296875,53982.0
2015-04-15,53.25,54919.0
2015-04-16,53.029998779296875,54674.0
2015-04-17,52.45000076293945,53955.0
2015-04-20,52.2400016784668,53761.0
2015-04-22,53.029998779296875,54617.0
2015-04-23,54.040000915527344,55685.0
2015-04-24,54.97999954223633,56594.0
2015-04-27,53.959999084472656,55535.0
2015-04-28,54.20000076293945,55812.0
2015-04-29,53.68000030517578,55325.0
2015-04-30,54.619998931884766,56229.0
2015-05-04,55.83000183105469,57354.0
2015-05-05,56.41999816894531,58052.0
2015-05-06,55.43000030517578,57103.0
2015-05-07,55.31999969482422,56921.0
2015-05-08,55.5,57149.0
2015-05-11,55.52000045776367,57197.0
2015-05-12,55.18000030517578,56792.0
2015-05-13,54.77000045776367,56372.0
2015-05-14,55.06999969482422,56657.0
2015-05-15,55.59000015258789,57249.0
2015-05-18,54.4900016784668,56204.0
2015-05-19,53.93000030517578,55499.0
2015-05-20,53.34000015258789,54901.0
2015-05-21,53.54999923706055,55112.0
2015-05-22,52.93000030517578,54377.0
2015-05-25,53.0,54609.0
2015-05-26,52.2400016784668,53630.0
2015-05-27,52.650001525878906,54236.0
2015-05-28,52.38999938964844,53976.0
2015-05-29,51.349998474121094,52760.0
2015-06-01,51.459999084472656,53031.0
2015-06-02,52.619998931884766,54236.0
2015-06-03,52.040000915527344,53523.0
2015-06-05,51.369998931884766,52973.0
2015-06-08,51.25,52810.0
2015-06-09,51.349998474121094,52816.0
2015-06-10,52.349998474121094,53876.0
2015-06-11,52.08000183105469,53689.0
2015-06-12,51.72999954223633,53348.0
2015-06-15,51.630001068115234,53138.0
2015-06-16,52.18000030517578,53702.0
2015-06-17,51.63999938964844,53249.0
2015-06-18,52.61000061035156,54239.0
2015-06-19,52.220001220703125,53749.0
2015-06-22,52.29999923706055,53864.0
2015-06-23,52.2599983215332,53772.0
2015-06-24,52.25,53843.0
2015-06-25,51.65999984741211,53176.0
2015-06-26,52.380001068115234,54017.0
2015-06-29,51.5099983215332,53014.0
2015-06-30,51.459999084472656,53081.0
2015-07-01,51.2400016784668,52758.0
2015-07-02,51.52000045776367,53106.0
2015-07-03,50.88999938964844,52519.0
2015-07-06,50.650001525878906,52149.0
2015-07-07,50.72999954223633,52344.0
2015-07-08,50.220001220703125,51782.0
2015-07-10,51.0,52591.0
2015-07-13,51.5,53119.0
2015-07-14,51.70000076293945,53239.0
2015-07-15,51.36000061035156,52902.0
2015-07-16,51.52000045776367,53070.0
2015-07-17,50.7599983215332,52342.0
2015-07-20,50.11000061035156,51600.0
2015-07-21,49.93000030517578,51474.0
2015-07-22,49.36000061035156,50916.0
2015-07-23,48.2400016784668,49807.0
2015-07-24,47.779998779296875,49246.0
2015-07-27,47.349998474121094,48736.0
2015-07-28,48.18000030517578,49602.0
2015-07-29,48.7400016784668,50245.0
2015-07-30,48.43000030517578,49897.0
2015-07-31,49.369998931884766,50865.0
2015-08-03,48.689998626708984,50138.0
2015-08-04,48.59000015258789,50058.0
2015-08-05,48.779998779296875,50287.0
2015-08-06,48.540000915527344,50011.0
2015-08-07,47.04999923706055,48577.0
2015-08-10,47.880001068115234,49353.0
2015-08-11,48.150001525878906,49072.0
2015-08-12,46.939998626708984,48388.0
2015-08-13,46.5099983215332,48010.0
2015-08-14,46.099998474121094,47508.0
2015-08-17,45.869998931884766,47217.0
2015-08-18,46.040000915527344,47451.0
2015-08-19,45.150001525878906,46588.0
2015-08-20,45.16999816894531,46649.0
2015-08-21,44.29999923706055,45720.0
2015-08-24,42.900001525878906,44336.0
2015-08-25,43.060001373291016,44545.0
2015-08-26,44.65999984741211,46038.0
2015-08-27,46.29999923706055,47715.0
2015-08-28,45.79999923706055,47154.0
2015-08-31,45.34000015258789,46626.0
2015-09-01,44.16999816894531,45477.0
2015-09-02,45.09000015258789,46464.0
2015-09-03,45.81999969482422,47366.0
2015-09-04,45.099998474121094,46498.0
2015-09-08,45.34000015258789,46762.0
2015-09-09,45.70000076293945,46657.0
2015-09-10,45.130001068115234,46504.0
2015-09-11,44.880001068115234,46401.0
2015-09-14,46.099998474121094,47282.0
2015-09-15,45.900001525878906,47364.0
2015-09-16,47.09000015258789,48553.0
2015-09-17,47.119998931884766,48551.0
2015-09-18,45.790000915527344,47264.0
2015-09-21,45.209999084472656,46590.0
2015-09-22,44.939998626708984,46265.0
2015-09-23,43.88999938964844,45340.0
2015-09-24,44.0,45292.0
2015-09-25,43.86000061035156,44831.0
2015-09-28,42.75,43957.0
2015-09-29,42.95000076293945,44132.0
2015-09-30,43.43000030517578,45059.0
2015-10-01,44.029998779296875,45313.0
2015-10-02,45.459999084472656,47033.0
2015-10-05,46.130001068115234,47598.0
2015-10-06,46.189998626708984,47735.0
2015-10-07,47.5,48914.0
2015-10-08,47.59000015258789,49107.0
2015-10-09,47.790000915527344,49338.0
2015-10-13,45.93000030517578,47363.0
2015-10-14,45.29999923706055,46710.0
2015-10-15,45.790000915527344,47161.0
2015-10-16,45.849998474121094,47236.0
2015-10-19,46.0,47447.0
2015-10-20,45.54999923706055,47077.0
2015-10-21,45.560001373291016,47026.0
2015-10-22,46.29999923706055,47772.0
2015-10-23,45.959999084472656,47597.0
2015-10-26,45.779998779296875,47209.0
2015-10-27,45.54999923706055,47043.0
2015-10-28,46.060001373291016,46741.0
2015-10-29,44.18000030517578,45628.0
2015-10-30,44.400001525878906,45869.0
2015-11-03,46.630001068115234,48054.0
2015-11-04,46.18000030517578,47710.0
2015-11-05,46.45000076293945,48047.0
2015-11-06,45.529998779296875,46919.0
2015-11-09,44.7599983215332,46195.0
2015-11-10,44.93000030517578,46179.0
2015-11-11,45.779998779296875,47065.0
2015-11-12,45.33000183105469,46884.0
2015-11-13,45.220001220703125,46517.0
2015-11-16,45.439998626708984,46847.0
2015-11-17,45.88999938964844,47248.0
2015-11-18,46.08000183105469,47436.0
2015-11-19,46.70000076293945,48139.0
2015-11-23,46.459999084472656,48150.0
2015-11-24,46.790000915527344,48284.0
2015-11-25,45.40999984741211,46867.0
2015-11-26,45.650001525878906,47146.0
2015-11-27,44.59000015258789,45873.0
2015-11-30,43.70000076293945,45120.0
2015-12-01,43.529998779296875,45047.0
2015-12-02,43.459999084472656,44915.0
2015-12-03,44.970001220703125,46393.0
2015-12-04,44.099998474121094,45361.0
2015-12-07,43.95000076293945,45223.0
2015-12-08,43.04999923706055,44443.0
2015-12-09,44.650001525878906,46108.0
2015-12-10,44.31999969482422,45631.0
2015-12-11,43.91999816894531,45263.0
2015-12-14,43.43000030517578,44747.0
2015-12-15,43.5,44872.0
2015-12-16,43.7400016784668,45016.0
2015-12-17,43.7400016784668,45261.0
2015-12-18,42.58000183105469,43911.0
2015-12-21,41.95000076293945,43200.0
2015-12-22,42.22999954223633,43470.0
2015-12-23,42.75,44015.0
2015-12-28,42.5,43764.0
2015-12-29,42.41999816894531,43654.0
2015-12-30,42.130001068115234,43350.0
2016-01-04,41.099998474121094,42141.0
2016-01-05,41.18000030517578,42419.0
2016-01-06,40.5,41773.0
2016-01-07,39.470001220703125,40695.0
2016-01-08,39.34000015258789,40612.0
2016-01-11,38.720001220703125,39950.0
2016-01-12,38.380001068115234,39514.0
2016-01-13,37.75,38944.0
2016-01-14,38.27000045776367,39500.0
2016-01-15,37.47999954223633,38569.0
2016-01-18,36.75,37937.0
2016-01-19,36.849998474121094,38057.0
2016-01-20,36.5,37645.0
2016-01-21,36.599998474121094,37717.0
2016-01-22,36.86000061035156,38031.0
2016-01-26,36.45000076293945,37497.0
2016-01-27,37.47999954223633,38376.0
2016-01-28,37.400001525878906,38630.0
2016-01-29,39.189998626708984,40406.0
2016-02-01,39.29999923706055,40570.0
2016-02-02,37.52000045776367,38596.0
2016-02-03,38.400001525878906,39589.0
2016-02-04,39.619998931884766,40822.0
2016-02-05,39.349998474121094,40592.0
2016-02-10,39.15999984741211,40377.0
2016-02-11,38.20000076293945,39318.0
2016-02-12,38.72999954223633,39808.0
2016-02-15,39.04999923706055,40093.0
2016-02-16,39.7400016784668,40948.0
2016-02-17,40.29999923706055,41631.0
2016-02-18,40.20000076293945,41478.0
2016-02-19,40.25,41543.0
2016-02-22,41.959999084472656,43235.0
2016-02-23,41.310001373291016,42521.0
2016-02-24,40.880001068115234,42085.0
2016-02-25,40.599998474121094,41888.0
2016-02-26,40.25,41593.0
2016-02-29,41.45000076293945,42794.0
2016-03-01,42.75,44122.0
2016-03-02,43.5,44893.0
2016-03-03,45.70000076293945,47193.0
2016-03-04,45.70000076293945,49085.0
2016-03-07,47.77000045776367,49246.0
2016-03-08,47.70000076293945,49102.0
2016-03-09,47.25,48665.0
2016-03-10,48.599998474121094,49571.0
2016-03-11,48.459999084472656,49639.0
2016-03-14,47.130001068115234,48867.0
2016-03-15,45.7599983215332,47130.0
2016-03-16,46.29999923706055,47763.0
2016-03-17,49.54999923706055,50914.0
2016-03-18,49.20000076293945,50815.0
2016-03-21,49.709999084472656,51172.0
2016-03-22,49.56999969482422,51010.0
2016-03-23,48.20000076293945,49690.0
2016-03-24,48.380001068115234,49657.0
2016-03-28,49.5,50838.0
2016-03-29,49.650001525878906,51155.0
2016-03-30,49.68000030517578,51249.0
2016-03-31,48.63999938964844,50055.0
2016-04-01,49.119998931884766,50562.0
2016-04-04,47.33000183105469,48780.0
2016-04-05,47.36000061035156,49054.0
2016-04-06,46.81999969482422,48096.0
2016-04-07,47.04999923706055,48513.0
2016-04-08,47.04999923706055,50293.0
2016-04-11,48.599998474121094,50165.0
2016-04-12,50.54999923706055,52002.0
2016-04-13,51.5099983215332,53150.0
2016-04-14,50.900001525878906,52411.0
2016-04-15,51.709999084472656,53228.0
2016-04-18,51.20000076293945,52894.0
2016-04-19,52.2400016784668,53710.0
2016-04-20,51.95000076293945,53631.0
2016-04-22,51.29999923706055,52908.0
2016-04-25,50.349998474121094,51862.0
2016-04-26,51.52000045776367,53083.0
2016-04-27,52.869998931884766,54478.0
2016-04-28,52.869998931884766,54312.0
2016-04-29,52.150001525878906,53911.0
2016-05-02,51.93000030517578,53562.0
2016-05-03,50.79999923706055,52260.0
2016-05-04,51.02000045776367,52553.0
2016-05-05,50.33000183105469,51671.0
2016-05-06,50.310001373291016,51718.0
2016-05-09,49.52000045776367,50990.0
2016-05-10,51.58000183105469,53071.0
2016-05-11,51.22999954223633,52764.0
2016-05-12,51.45000076293945,53241.0
2016-05-13,50.220001220703125,51804.0
2016-05-16,50.11000061035156,51803.0
2016-05-17,49.380001068115234,50839.0
2016-05-18,49.380001068115234,50562.0
2016-05-19,48.900001525878906,50133.0
2016-05-20,48.279998779296875,49723.0
2016-05-23,47.720001220703125,49330.0
2016-05-24,47.849998474121094,49345.0
2016-05-25,47.93000030517578,49483.0
2016-05-27,47.599998474121094,49051.0
2016-05-30,47.5099983215332,48964.0
2016-05-31,47.02000045776367,48472.0
2016-06-01,47.47999954223633,49013.0
2016-06-02,48.400001525878906,49887.0
2016-06-03,49.099998474121094,50619.0
2016-06-06,48.849998474121094,50432.0
2016-06-07,48.95000076293945,50488.0
2016-06-08,50.25,51629.0
2016-06-09,49.65999984741211,51118.0
2016-06-10,47.939998626708984,49422.0
2016-06-13,48.099998474121094,49661.0
2016-06-14,47.099998474121094,48648.0
2016-06-15,47.400001525878906,48915.0
2016-06-16,48.0,49412.0
2016-06-17,48.02000045776367,49534.0
2016-06-20,48.68000030517578,50329.0
2016-06-21,49.349998474121094,50838.0
2016-06-22,48.56999969482422,50156.0
2016-06-23,50.11000061035156,51560.0
2016-06-24,48.56999969482422,50105.0
2016-06-27,47.849998474121094,49246.0
2016-06-28,48.650001525878906,50007.0
2016-06-29,49.5099983215332,51002.0
2016-06-30,49.900001525878906,51527.0
2016-07-01,50.709999084472656,52233.0
2016-07-04,51.0099983215332,52569.0
2016-07-05,50.25,51842.0
2016-07-06,50.400001525878906,51902.0
2016-07-07,50.400001525878906,52015.0
2016-07-08,51.54999923706055,53141.0
2016-07-11,52.29999923706055,53960.0
2016-07-12,52.560001373291016,54256.0
2016-07-13,52.90999984741211,54598.0
2016-07-14,53.61000061035156,55481.0
2016-07-15,53.95000076293945,55578.0
2016-07-18,54.880001068115234,56484.0
2016-07-19,55.04999923706055,56698.0
2016-07-20,54.970001220703125,56578.0
2016-07-21,54.93000030517578,56641.0
2016-07-22,55.04999923706055,57002.0
2016-07-25,55.099998474121094,56873.0
2016-07-26,55.099998474121094,56783.0
2016-07-27,55.04999923706055,56853.0
2016-07-28,55.0,56667.0
2016-07-29,55.68000030517578,57308.0
2016-08-01,55.040000915527344,56756.0
2016-08-02,54.400001525878906,56162.0
2016-08-03,55.290000915527344,57077.0
2016-08-04,55.81999969482422,57594.0
2016-08-05,55.81999969482422,57661.0
2016-08-08,55.869998931884766,57635.0
2016-08-09,55.93000030517578,57689.0
2016-08-10,55.130001068115234,56920.0
2016-08-11,56.4900016784668,58300.0
2016-08-12,56.5099983215332,58298.0
2016-08-15,57.2400016784668,59146.0
2016-08-16,57.2400016784668,58855.0
2016-08-17,57.47999954223633,59324.0
2016-08-18,57.34000015258789,59166.0
2016-08-19,57.349998474121094,59099.0
2016-08-22,56.04999923706055,57781.0
2016-08-23,56.0,58020.0
2016-08-24,55.900001525878906,57718.0
2016-08-25,56.060001373291016,57722.0
2016-08-26,55.959999084472656,57716.0
2016-08-29,56.849998474121094,58610.0
2016-08-30,56.88999938964844,58575.0
2016-08-31,55.93000030517578,57901.0
2016-09-01,56.25,58236.0
2016-09-02,57.75,59616.0
2016-09-05,57.68000030517578,59566.0
2016-09-06,58.119998931884766,60129.0
2016-09-08,58.290000915527344,60232.0
2016-09-09,56.060001373291016,58000.0
2016-09-12,56.709999084472656,58586.0
2016-09-13,55.16999816894531,56821.0
2016-09-14,55.18000030517578,57059.0
2016-09-15,56.040000915527344,57909.0
2016-09-16,55.400001525878906,57080.0
2016-09-19,55.5099983215332,57350.0
2016-09-20,55.900001525878906,57736.0
2016-09-21,56.650001525878906,58394.0
2016-09-22,57.15999984741211,58994.0
2016-09-23,57.27000045776367,58697.0
2016-09-26,56.2599983215332,58054.0
2016-09-27,56.650001525878906,58382.0
2016-09-28,57.599998474121094,59356.0
2016-09-29,56.459999084472656,58351.0
2016-09-30,56.560001373291016,58367.0
2016-10-03,57.54999923706055,59461.0
2016-10-04,57.470001220703125,59339.0
2016-10-05,58.189998626708984,60254.0
2016-10-06,58.869998931884766,60644.0
2016-10-07,59.220001220703125,61109.0
2016-10-10,59.75,61668.0
2016-10-11,59.02000045776367,61022.0
2016-10-13,59.290000915527344,61119.0
2016-10-14,59.900001525878906,61767.0
2016-10-17,60.779998779296875,62696.0
2016-10-18,61.849998474121094,63782.0
2016-10-19,61.310001373291016,63506.0
2016-10-20,61.77000045776367,63838.0
2016-10-21,61.540000915527344,64108.0
2016-10-24,62.130001068115234,64060.0
2016-10-25,61.869998931884766,63866.0
2016-10-26,61.9900016784668,63826.0
2016-10-27,62.11000061035156,64250.0
2016-10-28,62.290000915527344,64308.0
2016-10-31,62.900001525878906,64925.0
2016-11-01,61.349998474121094,63326.0
2016-11-03,59.959999084472656,61750.0
2016-11-04,59.5,61598.0
2016-11-07,62.20000076293945,64052.0
2016-11-08,62.20000076293945,64158.0
2016-11-09,61.209999084472656,63258.0
2016-11-10,59.22999954223633,61201.0
2016-11-11,57.43000030517578,59184.0
2016-11-14,58.06999969482422,59657.0
2016-11-16,58.95000076293945,60759.0
2016-11-17,57.650001525878906,59770.0
2016-11-18,58.029998779296875,59962.0
2016-11-21,59.099998474121094,61070.0
2016-11-22,60.04999923706055,61954.0
2016-11-23,60.130001068115234,61986.0
2016-11-24,59.380001068115234,61396.0
2016-11-25,59.599998474121094,61559.0
2016-11-28,60.849998474121094,62855.0
2016-11-29,59.189998626708984,60987.0
2016-11-30,60.0,61906.0
2016-12-01,57.79999923706055,59507.0
2016-12-02,58.380001068115234,60316.0
2016-12-05,57.79999923706055,59832.0
2016-12-06,59.11000061035156,61088.0
2016-12-07,59.5099983215332,61414.0
2016-12-08,59.79999923706055,60677.0
2016-12-09,58.56999969482422,60501.0
2016-12-12,57.25,59179.0
2016-12-13,57.790000915527344,59281.0
2016-12-14,56.31999969482422,58212.0
2016-12-15,56.599998474121094,58396.0
2016-12-16,56.41999816894531,58389.0
2016-12-19,55.20000076293945,57111.0
2016-12-20,55.709999084472656,57583.0
2016-12-21,55.70000076293945,57647.0
2016-12-22,55.97999954223633,57255.0
2016-12-23,56.36000061035156,57937.0
2016-12-26,56.959999084472656,58620.0
2016-12-27,56.810001373291016,58697.0
2016-12-28,57.84000015258789,59782.0
2016-12-29,58.2400016784668,60227.0
2017-01-02,57.630001068115234,59589.0
2017-01-03,59.75,61814.0
2017-01-04,59.75,61589.0
2017-01-05,60.04999923706055,62071.0
2017-01-06,59.849998474121094,61665.0
2017-01-09,59.7400016784668,61700.0
2017-01-10,60.25,62132.0
2017-01-11,60.470001220703125,62446.0
2017-01-12,62.0,63954.0
2017-01-13,61.68000030517578,63652.0
2017-01-16,61.900001525878906,63831.0
2017-01-17,62.279998779296875,64354.0
2017-01-18,61.900001525878906,64150.0
2017-01-19,62.099998474121094,63951.0
2017-01-20,62.56999969482422,64521.0
2017-01-23,63.79999923706055,65749.0
2017-01-24,63.90999984741211,65840.0
2017-01-26,64.19999694824219,66191.0
2017-01-27,64.01000213623047,66034.0
2017-01-30,62.2599983215332,64302.0
2017-01-31,62.38999938964844,64671.0
2017-02-01,62.709999084472656,64836.0
2017-02-02,62.650001525878906,64578.0
2017-02-03,63.09000015258789,64954.0
2017-02-06,62.0099983215332,63993.0
2017-02-07,62.0099983215332,64199.0
2017-02-08,62.869998931884766,64835.0
2017-02-09,62.83000183105469,64965.0
2017-02-10,63.9900016784668,66125.0
2017-02-13,64.68000030517578,66968.0
2017-02-14,65.05000305175781,66713.0
2017-02-15,65.8499984741211,67976.0
2017-02-16,65.5999984741211,67814.0
2017-02-17,65.41999816894531,67748.0
2017-02-20,66.3499984741211,68533.0
2017-02-21,66.88999938964844,69052.0
2017-02-22,66.4800033569336,68590.0
2017-02-23,65.31999969482422,67461.0
2017-02-24,64.5,66662.0
2017-03-01,64.83000183105469,66989.0
2017-03-02,63.5,65855.0
2017-03-03,64.5999984741211,66786.0
2017-03-06,64.19999694824219,66341.0
2017-03-07,63.81999969482422,65742.0
2017-03-08,62.630001068115234,64718.0
2017-03-09,62.369998931884766,64585.0
2017-03-10,62.54999923706055,64675.0
2017-03-13,63.470001220703125,65534.0
2017-03-14,62.75,64699.0
2017-03-15,64.11000061035156,66235.0
2017-03-16,63.41999816894531,65783.0
2017-03-17,62.209999084472656,64210.0
2017-03-20,62.810001373291016,64884.0
2017-03-21,60.97999954223633,62980.0
2017-03-22,61.369998931884766,63521.0
2017-03-23,61.540000915527344,63531.0
2017-03-24,61.880001068115234,63854.0
2017-03-27,62.279998779296875,64308.0
2017-03-28,62.5,64640.0
2017-03-29,63.47999954223633,65528.0
2017-03-30,63.150001525878906,65266.0
2017-03-31,62.779998779296875,64984.0
2017-04-03,63.08000183105469,65211.0
2017-04-04,63.720001220703125,65769.0
2017-04-05,62.560001373291016,64775.0
2017-04-06,62.0,64223.0
2017-04-07,62.27000045776367,64593.0
2017-04-10,62.540000915527344,64650.0
2017-04-11,62.41999816894531,64360.0
2017-04-12,61.68000030517578,63892.0
2017-04-13,60.79999923706055,62826.0
2017-04-17,62.25,64335.0
2017-04-18,61.95000076293945,64159.0
2017-04-19,61.20000076293945,63407.0
2017-04-20,61.5099983215332,63761.0
2017-04-24,62.290000915527344,64389.0
2017-04-25,63.0,65148.0
2017-04-26,62.79999923706055,64862.0
2017-04-27,62.459999084472656,64677.0
2017-04-28,63.189998626708984,65403.0
2017-05-02,64.55999755859375,66722.0
2017-05-03,63.959999084472656,66094.0
2017-05-04,62.65999984741211,64863.0
2017-05-05,63.65999984741211,65710.0
2017-05-08,63.41999816894531,65526.0
2017-05-09,64.16999816894531,66278.0
2017-05-10,65.19999694824219,67350.0
2017-05-11,65.3499984741211,67538.0
2017-05-12,65.94000244140625,68222.0
2017-05-15,66.2699966430664,68474.0
2017-05-16,66.44999694824219,68684.0
2017-05-17,65.33000183105469,67540.0
2017-05-18,59.66999816894531,61597.0
2017-05-19,60.61000061035156,62639.0
2017-05-22,59.529998779296875,61673.0
2017-05-23,60.7400016784668,62662.0
2017-05-24,61.16999816894531,63257.0
2017-05-25,61.290000915527344,63227.0
2017-05-26,61.95000076293945,64085.0
2017-05-29,61.7400016784668,63761.0
2017-05-30,61.900001525878906,63962.0
2017-05-31,60.560001373291016,62711.0
2017-06-01,60.2599983215332,62289.0
2017-06-02,60.349998474121094,62511.0
2017-06-05,60.45000076293945,62450.0
2017-06-06,60.95000076293945,62955.0
2017-06-07,61.189998626708984,63171.0
2017-06-08,60.709999084472656,62756.0
2017-06-09,60.220001220703125,62211.0
2017-06-12,59.650001525878906,61700.0
2017-06-13,59.81999969482422,61829.0
2017-06-14,59.88999938964844,61923.0
2017-06-15,59.88999938964844,
2017-06-16,59.61000061035156,61626.0
2017-06-19,60.09000015258789,62014.0
2017-06-20,58.7400016784668,60766.0
2017-06-21,58.779998779296875,60762.0
2017-06-22,59.349998474121094,61272.0
2017-06-23,59.099998474121094,61087.0
2017-06-26,60.2599983215332,62188.0
2017-06-27,59.75,61675.0
2017-06-28,59.95000076293945,62018.0
2017-06-29,60.099998474121094,62239.0
2017-06-30,60.93000030517578,62900.0
2017-07-03,61.09000015258789,63280.0
2017-07-04,61.150001525878906,63232.0
2017-07-05,61.04999923706055,63154.0
2017-07-06,60.41999816894531,62470.0
2017-07-07,60.5,62322.0
2017-07-10,60.939998626708984,63025.0
2017-07-11,61.70000076293945,63832.0
2017-07-12,62.70000076293945,64836.0
2017-07-13,63.20000076293945,65178.0
2017-07-14,63.34000015258789,65436.0
2017-07-17,63.060001373291016,65212.0
2017-07-18,63.119998931884766,65338.0
2017-07-19,63.09000015258789,65180.0
2017-07-20,62.75,64938.0
2017-07-21,62.529998779296875,64684.0
2017-07-24,62.93000030517578,65100.0
2017-07-25,63.47999954223633,65668.0
2017-07-26,62.810001373291016,65011.0
2017-07-27,63.04999923706055,65277.0
2017-07-28,63.38999938964844,65497.0
2017-07-31,63.720001220703125,65920.0
2017-08-01,64.2300033569336,66516.0
2017-08-02,64.91999816894531,67136.0
2017-08-03,64.44999694824219,66777.0
2017-08-04,64.70999908447266,66898.0
2017-08-07,65.62999725341797,67940.0
2017-08-08,65.66000366210938,67899.0
2017-08-09,65.44000244140625,67671.0
2017-08-10,64.7300033569336,66992.0
2017-08-11,65.0999984741211,67359.0
2017-08-14,66.0199966430664,68285.0
2017-08-15,66.08000183105469,68355.0
2017-08-16,66.41999816894531,68594.0
2017-08-17,65.80000305175781,67977.0
2017-08-18,66.47000122070312,68715.0
2017-08-21,66.44999694824219,68635.0
2017-08-22,67.77999877929688,70011.0
2017-08-23,68.19999694824219,70478.0
2017-08-24,68.83999633789062,71133.0
2017-08-25,68.6500015258789,71074.0
2017-08-28,68.72000122070312,71017.0
2017-08-29,68.9800033569336,71330.0
2017-08-30,68.52999877929688,70886.0
2017-08-31,68.41000366210938,70835.0
2017-09-01,69.51000213623047,71923.0
2017-09-04,69.83999633789062,72129.0
2017-09-05,69.76000213623047,72151.0
2017-09-06,70.94999694824219,73412.0
2017-09-07,70.94999694824219,
2017-09-08,70.70999908447266,73079.0
2017-09-11,71.93000030517578,74319.0
2017-09-12,72.0999984741211,74539.0
2017-09-13,72.2699966430664,74788.0
2017-09-14,71.97000122070312,74657.0
2017-09-15,73.13999938964844,75757.0
2017-09-18,73.5,75990.0
2017-09-19,73.44999694824219,75974.0
2017-09-20,73.45999908447266,76004.0
2017-09-21,73.06999969482422,75604.0
2017-09-22,72.81999969482422,75390.0
2017-09-25,71.9000015258789,74443.0
2017-09-26,71.8499984741211,74319.0
2017-09-27,71.33999633789062,73797.0
2017-09-28,71.08000183105469,73567.0
2017-09-29,71.58000183105469,74294.0
2017-10-02,71.81999969482422,74360.0
2017-10-03,74.16000366210938,76763.0
2017-10-04,74.0199966430664,76591.0
2017-10-05,74.04000091552734,76618.0
2017-10-06,73.51000213623047,76055.0
2017-10-09,73.20999908447266,75727.0
2017-10-10,74.23999786376953,76897.0
2017-10-11,74.12999725341797,76660.0
2017-10-12,74.12999725341797,
2017-10-13,74.44999694824219,76990.0
2017-10-16,74.33999633789062,76892.0
2017-10-17,73.70999908447266,76201.0
2017-10-18,74.08999633789062,76591.0
2017-10-19,73.79000091552734,76283.0
2017-10-20,73.5999984741211,76391.0
2017-10-23,73.5999984741211,75413.0
2017-10-24,73.86000061035156,76350.0
2017-10-25,74.01000213623047,76671.0
2017-10-26,73.05000305175781,75896.0
2017-10-27,73.37000274658203,75976.0
2017-10-30,72.3499984741211,74800.0
2017-10-31,71.7699966430664,74308.0
2017-11-01,71.2699966430664,73824.0
2017-11-02,71.2699966430664,
2017-11-03,71.30000305175781,73915.0
2017-11-06,71.79000091552734,74311.0
2017-11-07,69.97000122070312,72415.0
2017-11-08,71.93000030517578,74363.0
2017-11-09,70.5,72931.0
2017-11-10,69.97000122070312,72166.0
2017-11-13,70.4800033569336,72475.0
2017-11-14,68.45999908447266,70827.0
2017-11-15,68.45999908447266,
2017-11-16,70.16999816894531,72512.0
2017-11-17,70.91000366210938,73437.0
2017-11-20,70.91000366210938,
2017-11-21,72.0,74595.0
2017-11-22,71.9000015258789,74519.0
2017-11-23,71.93000030517578,74487.0
2017-11-24,71.62999725341797,74157.0
2017-11-27,71.58999633789062,74059.0
2017-11-28,71.86000061035156,74140.0
2017-11-29,70.25,72700.0
2017-11-30,69.4000015258789,71971.0
2017-12-01,69.66999816894531,72264.0
2017-12-04,70.52999877929688,73090.0
2017-12-05,70.0,72546.0
2017-12-06,72.9800033569336,73268.0
2017-12-07,70.0,72487.0
2017-12-08,70.12000274658203,72732.0
2017-12-11,70.44000244140625,72800.0
2017-12-12,71.4000015258789,73814.0
2017-12-13,70.37999725341797,72914.0
2017-12-14,70.0,72429.0
2017-12-15,69.94999694824219,72608.0
2017-12-18,70.66999816894531,73115.0
2017-12-19,70.16999816894531,72680.0
2017-12-20,70.9000015258789,73367.0
2017-12-21,72.54000091552734,75133.0
2017-12-22,72.69999694824219,75187.0
2017-12-25,72.69999694824219,
2017-12-26,73.25,75688.0
2017-12-27,73.6500015258789,76073.0
2017-12-28,73.81999969482422,76402.0
2017-12-29,73.81999969482422,76402.0
2018-01-02,75.0999984741211,77891.0
2018-01-03,75.30000305175781,77995.0
2018-01-04,76.0,78647.0
2018-01-05,76.44000244140625,79071.0
2018-01-08,76.76000213623047,79379.0
2018-01-09,76.16000366210938,78864.0
2018-01-10,75.5999984741211,78201.0
2018-01-11,76.66000366210938,79365.0
2018-01-12,76.66999816894531,79349.0
2018-01-15,77.06999969482422,79752.0
2018-01-16,77.05999755859375,79832.0
2018-01-17,78.41000366210938,81189.0
2018-01-18,78.0999984741211,80963.0
2018-01-19,78.41999816894531,81220.0
2018-01-22,78.83999633789062,81675.0
2018-01-23,77.91000366210938,80678.0
2018-01-24,80.83000183105469,83680.0
2018-01-25,80.83000183105469,
2018-01-26,82.6500015258789,85531.0
2018-01-29,81.77999877929688,84698.0
2018-01-30,81.61000061035156,84482.0
2018-01-31,82.0,84913.0
2018-02-01,82.55000305175781,85495.0
2018-02-02,81.23999786376953,84041.0
2018-02-05,79.19999694824219,81861.0
2018-02-06,81.1500015258789,83894.0
2018-02-07,79.95999908447266,82767.0
2018-02-08,78.69999694824219,81533.0
2018-02-09,78.16999816894531,80899.0
2018-02-14,80.5999984741211,83543.0
2018-02-15,81.4000015258789,84291.0
2018-02-16,81.55999755859375,84525.0
2018-02-19,81.86000061035156,84793.0
2018-02-20,82.94000244140625,85804.0
2018-02-21,83.04000091552734,86052.0
2018-02-22,83.75,86686.0
2018-02-23,84.29000091552734,87293.0
2018-02-26,84.72000122070312,87653.0
2018-02-27,84.08999633789062,86935.0
2018-02-28,82.5,85481.0
2018-03-01,82.5199966430664,85378.0
2018-03-02,82.94999694824219,85761.0
2018-03-05,82.9000015258789,86023.0
2018-03-06,82.69000244140625,85653.0
2018-03-07,82.5999984741211,85484.0
2018-03-08,82.13999938964844,84985.0
2018-03-09,83.4000015258789,86371.0
2018-03-12,83.94999694824219,86900.0
2018-03-13,83.5,86384.0
2018-03-14,83.13999938964844,86051.0
2018-03-15,82.06999969482422,84928.0
2018-03-16,82.01000213623047,84886.0
2018-03-19,81.08999633789062,83913.0
2018-03-20,81.4000015258789,84164.0
2018-03-21,82.08999633789062,84977.0
2018-03-22,81.79000091552734,84768.0
2018-03-23,81.58000183105469,84377.0
2018-03-26,82.2300033569336,85088.0
2018-03-27,80.9800033569336,83808.0
2018-03-28,81.0199966430664,83874.0
2018-03-29,82.43000030517578,85366.0
2018-04-02,81.8499984741211,84666.0
2018-04-03,81.75,84623.0
2018-04-04,81.4000015258789,84360.0
2018-04-05,82.37000274658203,85210.0
2018-04-06,81.94000244140625,84820.0
2018-04-09,80.41999816894531,83307.0
2018-04-10,81.55999755859375,84510.0
2018-04-11,82.44999694824219,85246.0
2018-04-12,82.43000030517578,85444.0
2018-04-13,81.30000305175781,84334.0
2018-04-16,79.9800033569336,82862.0
2018-04-17,81.11000061035156,84086.0
2018-04-18,82.69999694824219,85776.0
2018-04-19,82.9000015258789,85824.0
2018-04-20,82.73999786376953,85550.0
2018-04-23,82.69999694824219,85602.0
2018-04-24,82.4800033569336,85469.0
2018-04-25,82.08000183105469,85044.0
2018-04-26,83.51000213623047,86383.0
2018-04-27,83.47000122070312,86445.0
2018-04-30,83.18000030517578,86115.0
2018-05-02,81.70999908447266,84547.0
2018-05-03,80.48999786376953,83288.0
2018-05-04,80.26000213623047,83118.0
2018-05-07,79.81999969482422,82714.0
2018-05-08,80.22000122070312,82956.0
2018-05-09,81.3499984741211,84265.0
2018-05-10,82.87000274658203,85861.0
2018-05-11,82.29000091552734,85220.0
2018-05-14,82.38999938964844,85232.0
2018-05-15,82.20999908447266,85130.0
2018-05-16,83.41999816894531,86537.0
2018-05-17,80.77999877929688,83622.0
2018-05-18,80.20999908447266,83082.0
2018-05-21,79.19999694824219,81815.0
2018-05-22,80.0,82739.0
2018-05-23,78.25,80867.0
2018-05-24,77.44999694824219,80122.0
2018-05-25,77.44999694824219,78898.0
2018-05-28,72.69000244140625,75356.0
2018-05-29,73.4000015258789,76072.0
2018-05-30,74.06999969482422,76754.0
2018-06-01,74.62000274658203,77240.0
2018-06-04,75.8499984741211,78596.0
2018-06-05,74.0999984741211,76642.0
2018-06-06,73.47000122070312,76117.0
2018-06-07,71.37000274658203,73851.0
2018-06-08,70.4000015258789,72942.0
2018-06-11,69.86000061035156,72308.0
2018-06-12,70.2699966430664,72754.0
2018-06-13,69.75,72122.0
2018-06-14,68.80000305175781,71421.0
2018-06-15,68.11000061035156,70758.0
2018-06-18,67.5199966430664,69815.0
2018-06-19,68.80999755859375,71394.0
2018-06-20,69.51000213623047,72123.0
2018-06-21,67.66000366210938,70075.0
2018-06-22,68.18000030517578,70641.0
2018-06-25,68.5999984741211,70953.0
2018-06-26,69.0,71405.0
2018-06-27,68.0,70609.0
2018-06-28,69.4000015258789,71767.0
2018-06-29,70.3499984741211,72763.0
2018-07-02,70.30000305175781,72840.0
2018-07-03,71.0999984741211,73668.0
2018-07-04,72.11000061035156,74743.0
2018-07-05,71.87000274658203,74553.0
2018-07-06,72.44999694824219,75010.0
2018-07-10,72.3499984741211,74862.0
2018-07-11,71.76000213623047,74399.0
2018-07-12,73.26000213623047,75856.0
2018-07-13,74.01000213623047,76594.0
2018-07-16,73.94999694824219,76653.0
2018-07-17,75.37000274658203,78130.0
2018-07-18,74.66000366210938,77363.0
2018-07-19,74.6500015258789,77487.0
2018-07-20,75.80000305175781,78571.0
2018-07-23,75.25,77996.0
2018-07-24,76.5,79155.0
2018-07-25,77.37000274658203,80218.0
2018-07-26,76.62000274658203,79405.0
2018-07-27,77.12999725341797,79866.0
2018-07-30,77.41999816894531,80276.0
2018-07-31,76.44999694824219,79220.0
2018-08-01,76.45999908447266,79302.0
2018-08-02,76.94999694824219,79637.0
2018-08-03,78.66000366210938,81435.0
2018-08-06,78.23999786376953,81051.0
2018-08-07,77.48999786376953,80347.0
2018-08-08,76.31999969482422,79152.0
2018-08-09,75.95999908447266,78768.0
2018-08-10,73.80000305175781,76514.0
2018-08-13,74.88999938964844,77496.0
2018-08-14,75.9000015258789,78602.0
2018-08-15,74.38999938964844,77078.0
2018-08-16,74.13999938964844,76819.0
2018-08-17,73.3499984741211,76029.0
2018-08-20,73.68000030517578,76328.0
2018-08-21,72.51000213623047,75180.0
2018-08-22,74.1500015258789,76902.0
2018-08-23,73.02999877929688,75634.0
2018-08-24,73.68000030517578,76262.0
2018-08-27,75.0999984741211,77930.0
2018-08-28,74.79000091552734,77473.0
2018-08-29,75.68000030517578,78389.0
2018-08-30,73.73999786376953,76404.0
2018-08-31,74.12000274658203,76678.0
2018-09-03,73.4800033569336,76193.0
2018-09-04,72.06999969482422,74712.0
2018-09-05,72.41999816894531,75092.0
2018-09-06,74.0999984741211,76416.0
2018-09-10,74.0,76436.0
2018-09-11,72.12999725341797,74657.0
2018-09-12,72.56999969482422,75125.0
2018-09-13,72.0199966430664,74687.0
2018-09-14,72.80999755859375,75429.0
2018-09-17,74.06999969482422,76789.0
2018-09-18,75.3499984741211,78314.0
2018-09-19,75.2699966430664,78169.0
2018-09-20,75.33000183105469,78116.0
2018-09-21,76.5,79444.0
2018-09-24,75.19999694824219,77984.0
2018-09-25,75.87999725341797,78630.0
2018-09-26,75.8499984741211,78656.0
2018-09-27,77.06999969482422,80000.0
2018-09-28,76.61000061035156,79342.0
2018-10-01,75.80000305175781,78624.0
2018-10-02,78.77999877929688,81612.0
2018-10-03,80.29000091552734,83273.0
2018-10-04,79.87999725341797,82953.0
2018-10-05,79.44999694824219,82322.0
2018-10-08,83.63999938964844,86084.0
2018-10-09,83.0,86088.0
2018-10-10,80.7300033569336,83679.0
2018-10-11,80.1500015258789,82921.0
2018-10-15,80.45999908447266,83360.0
2018-10-16,82.5999984741211,85718.0
2018-10-17,82.72000122070312,85764.0
2018-10-18,82.72000122070312,83847.0
2018-10-19,81.22000122070312,84220.0
2018-10-22,82.62000274658203,85597.0
2018-10-23,82.29000091552734,85300.0
2018-10-24,80.1500015258789,83064.0
2018-10-25,81.02999877929688,84084.0
2018-10-26,82.70999908447266,85720.0
2018-10-29,80.80999755859375,83797.0
2018-10-30,83.76000213623047,86886.0
2018-10-31,84.08000183105469,87424.0
2018-11-01,85.25,88419.0
2018-11-05,86.0999984741211,89598.0
2018-11-06,85.27999877929688,88669.0
2018-11-07,84.58999633789062,87714.0
2018-11-08,82.5999984741211,85620.0
2018-11-09,82.5199966430664,85641.0
2018-11-12,82.3499984741211,85525.0
2018-11-13,81.63999938964844,84914.0
2018-11-14,82.6500015258789,85973.0
2018-11-16,85.30000305175781,88515.0
2018-11-19,84.30000305175781,87901.0
2018-11-21,84.27999877929688,87269.0
2018-11-22,84.30000305175781,87477.0
2018-11-23,83.02999877929688,86230.0
2018-11-26,82.33999633789062,85547.0
2018-11-27,84.48999786376953,87891.0
2018-11-28,86.0,89251.0
2018-11-29,86.37999725341797,89710.0
2018-11-30,86.37000274658203,89504.0
2018-12-03,86.48999786376953,89820.0
2018-12-04,85.2300033569336,88624.0
2018-12-05,86.02999877929688,89040.0
2018-12-06,85.54000091552734,88846.0
2018-12-07,84.93000030517578,88115.0
2018-12-10,82.86000061035156,85915.0
2018-12-11,83.5,86420.0
2018-12-12,83.9000015258789,86977.0
2018-12-13,84.27999877929688,87838.0
2018-12-14,84.20999908447266,87450.0
2018-12-17,83.23999786376953,86400.0
2018-12-18,83.5,86610.0
2018-12-19,82.5,85674.0
2018-12-20,82.41999816894531,85269.0
2018-12-21,82.44000244140625,85697.0
2018-12-26,82.13999938964844,85136.0
2018-12-27,82.6500015258789,85460.0
2018-12-28,84.5999984741211,87887.0
2019-01-02,87.9000015258789,91012.0
2019-01-03,88.0,91564.0
2019-01-04,88.5,91841.0
2019-01-07,88.4800033569336,91699.0
2019-01-08,88.83000183105469,92032.0
2019-01-09,90.31999969482422,93613.0
2019-01-10,90.41999816894531,93806.0
2019-01-11,90.37999725341797,93658.0
2019-01-14,91.20999908447266,94474.0
2019-01-15,90.61000061035156,94056.0
2019-01-16,91.1500015258789,94393.0
2019-01-17,91.97000122070312,95351.0
2019-01-18,92.61000061035156,96097.0
2019-01-21,92.63999938964844,96010.0
2019-01-22,91.4000015258789,95103.0
2019-01-23,93.0999984741211,96558.0
2019-01-24,94.16999816894531,97677.0
2019-01-28,92.08000183105469,95444.0
2019-01-29,92.19000244140625,95639.0
2019-01-30,93.5199966430664,96996.0
2019-01-31,94.0,97394.0
2019-02-01,94.36000061035156,97861.0
2019-02-04,95.02999877929688,98589.0
2019-02-05,94.80000305175781,98311.0
2019-02-06,91.2699966430664,94636.0
2019-02-07,91.0,94406.0
2019-02-08,91.69999694824219,95343.0
2019-02-11,90.98999786376953,94413.0
2019-02-12,92.44999694824219,96168.0
2019-02-13,92.5999984741211,95842.0
2019-02-14,94.33999633789062,98015.0
2019-02-15,94.04000091552734,97526.0
2019-02-18,92.9800033569336,96510.0
2019-02-19,93.77999877929688,97659.0
2019-02-20,93.16999816894531,96545.0
2019-02-21,93.58000183105469,96932.0
2019-02-22,94.44000244140625,97886.0
2019-02-25,93.7699966430664,97240.0
2019-02-26,94.12000274658203,97603.0
2019-02-27,93.83999633789062,97307.0
2019-02-28,91.8499984741211,95584.0
2019-03-01,91.08000183105469,94604.0
2019-03-06,90.76000213623047,94217.0
2019-03-07,91.05000305175781,94340.0
2019-03-08,91.8499984741211,95365.0
2019-03-11,94.55000305175781,98027.0
2019-03-12,94.4000015258789,97828.0
2019-03-13,95.30999755859375,98904.0
2019-03-14,94.94999694824219,98605.0
2019-03-15,95.52999877929688,99137.0
2019-03-18,96.37999725341797,99994.0
2019-03-19,96.05999755859375,99588.0
2019-03-20,94.3499984741211,98041.0
2019-03-21,93.01000213623047,96729.0
2019-03-22,90.25,93735.0
2019-03-25,90.3499984741211,93662.0
2019-03-26,91.91000366210938,95307.0
2019-03-27,88.0999984741211,91903.0
2019-03-28,91.0199966430664,94389.0
2019-03-29,91.80999755859375,95415.0
2019-04-01,92.3499984741211,96054.0
2019-04-02,91.83000183105469,95387.0
2019-04-03,91.16000366210938,94491.0
2019-04-04,92.87000274658203,96313.0
2019-04-05,93.55999755859375,97108.0
2019-04-08,93.77999877929688,97369.0
2019-04-09,92.69999694824219,96292.0
2019-04-10,92.48999786376953,95953.0
2019-04-11,91.37999725341797,94755.0
2019-04-12,89.51000213623047,92875.0
2019-04-15,89.80999755859375,93083.0
2019-04-16,91.0,94333.0
2019-04-17,90.0,93285.0
2019-04-18,91.16000366210938,94578.0
2019-04-22,91.19999694824219,94588.0
2019-04-23,92.37000274658203,95923.0
2019-04-24,91.5999984741211,95045.0
2019-04-25,92.9000015258789,96552.0
2019-04-26,92.62999725341797,96236.0
2019-04-29,92.72000122070312,96188.0
2019-04-30,92.87999725341797,96353.0
2019-05-02,92.16000366210938,95528.0
2019-05-03,92.5999984741211,96008.0
2019-05-06,91.61000061035156,95009.0
2019-05-07,90.9800033569336,94389.0
2019-05-08,92.11000061035156,95597.0
2019-05-09,91.37000274658203,94808.0
2019-05-10,90.80000305175781,94258.0
2019-05-13,88.30999755859375,91727.0
2019-05-14,88.76000213623047,92092.0
2019-05-15,87.87000274658203,91623.0
2019-05-16,86.55999755859375,90024.0
2019-05-17,86.73999786376953,89993.0
2019-05-20,88.83000183105469,91946.0
2019-05-21,91.19000244140625,94485.0
2019-05-22,90.95999908447266,94361.0
2019-05-23,90.43000030517578,93910.0
2019-05-24,90.25,93628.0
2019-05-27,91.5,94864.0
2019-05-28,92.8499984741211,96393.0
2019-05-29,93.05999755859375,96567.0
2019-05-30,93.95999908447266,97457.0
2019-05-31,93.58999633789062,97030.0
2019-06-03,93.4800033569336,97020.0
2019-06-04,93.80000305175781,97380.0
2019-06-05,92.63999938964844,95999.0
2019-06-06,93.69000244140625,97205.0
2019-06-07,94.22000122070312,97821.0
2019-06-10,93.8499984741211,97467.0
2019-06-11,95.41999816894531,98960.0
2019-06-12,94.66000366210938,98321.0
2019-06-13,95.13999938964844,98774.0
2019-06-14,94.51000213623047,98040.0
2019-06-17,94.25,97623.0
2019-06-18,95.7699966430664,99404.0
2019-06-19,96.62999725341797,100303.0
2019-06-21,98.22000122070312,102013.0
2019-06-24,98.30999755859375,102062.0
2019-06-25,96.36000061035156,100093.0
2019-06-26,96.8499984741211,100689.0
2019-06-27,97.06999969482422,100724.0
2019-06-28,97.11000061035156,100967.0
2019-07-01,97.44999694824219,101340.0
2019-07-02,96.7699966430664,100605.0
2019-07-03,100.0,102043.0
2019-07-04,100.0,103636.0
2019-07-05,100.2699966430664,104089.0
2019-07-08,100.55999755859375,104530.0
2019-07-10,101.95999908447266,105817.0
2019-07-11,101.20999908447266,105146.0
2019-07-12,100.05000305175781,103906.0
2019-07-15,100.04000091552734,103803.0
2019-07-16,99.9000015258789,103775.0
2019-07-17,100.01000213623047,103856.0
2019-07-18,100.69999694824219,104717.0
2019-07-19,99.5999984741211,103452.0
2019-07-22,100.0,103949.0
2019-07-23,100.0999984741211,103704.0
2019-07-24,100.38999938964844,104120.0
2019-07-25,98.80000305175781,102655.0
2019-07-26,99.1500015258789,102819.0
2019-07-29,99.55999755859375,103483.0
2019-07-30,99.12000274658203,102933.0
2019-07-31,97.9800033569336,101812.0
2019-08-01,98.43000030517578,102126.0
2019-08-02,98.77999877929688,102674.0
2019-08-05,96.47000122070312,100098.0
2019-08-06,98.44000244140625,102164.0
2019-08-07,99.05000305175781,102782.0
2019-08-08,100.36000061035156,104115.0
2019-08-09,100.23999786376953,103996.0
2019-08-12,98.16000366210938,101915.0
2019-08-13,99.5199966430664,103299.0
2019-08-14,96.6500015258789,100258.0
2019-08-15,95.37999725341797,99057.0
2019-08-16,96.1500015258789,99806.0
2019-08-19,95.7699966430664,99469.0
2019-08-20,95.54000091552734,99222.0
2019-08-21,97.52999877929688,101202.0
2019-08-22,96.3499984741211,100011.0
2019-08-23,94.0199966430664,97667.0
2019-08-26,92.6500015258789,96430.0
2019-08-27,93.6500015258789,97276.0
2019-08-28,94.58000183105469,98194.0
2019-08-29,96.86000061035156,100524.0
2019-08-30,97.61000061035156,101135.0
2019-09-02,96.76000213623047,100626.0
2019-09-03,95.9000015258789,99681.0
2019-09-04,97.37000274658203,101201.0
2019-09-05,98.44000244140625,102243.0
2019-09-06,99.12999725341797,102935.0
2019-09-09,99.33000183105469,103181.0
2019-09-10,99.19000244140625,103032.0
2019-09-11,99.75,103446.0
2019-09-12,100.36000061035156,104371.0
2019-09-13,99.58000183105469,103501.0
2019-09-16,99.80000305175781,103680.0
2019-09-17,100.76000213623047,104617.0
2019-09-18,100.62999725341797,104532.0
2019-09-19,100.44000244140625,104339.0
2019-09-20,100.76000213623047,104817.0
2019-09-23,100.77999877929688,104638.0
2019-09-24,100.0,103876.0
2019-09-25,100.44999694824219,104481.0
2019-09-26,101.43000030517578,105319.0
2019-09-27,101.23999786376953,105078.0
2019-09-30,101.01000213623047,104745.0
2019-10-01,100.05999755859375,104053.0
2019-10-02,97.1500015258789,101031.0
2019-10-03,97.72000122070312,101516.0
2019-10-04,98.69000244140625,102551.0
2019-10-07,96.80000305175781,100573.0
2019-10-08,96.1500015258789,99981.0
2019-10-09,97.5,101249.0
2019-10-10,98.08000183105469,101817.0
2019-10-11,99.97000122070312,103832.0
2019-10-14,100.3499984741211,104302.0
2019-10-15,100.58000183105469,104490.0
2019-10-16,101.4000015258789,105423.0
2019-10-17,101.05000305175781,105016.0
2019-10-18,100.75,104729.0
2019-10-21,102.0,106022.0
2019-10-22,103.23999786376953,107381.0
2019-10-23,103.4000015258789,107544.0
2019-10-24,103.0,106986.0
2019-10-25,103.37000274658203,107364.0
2019-10-28,103.94999694824219,108187.0
2019-10-29,103.5,107556.0
2019-10-30,104.29000091552734,108408.0
2019-10-31,103.2300033569336,107220.0
2019-11-01,104.2699966430664,108196.0
2019-11-04,104.62999725341797,108601.0
2019-11-05,104.66999816894531,108451.0
2019-11-06,104.3499984741211,108336.0
2019-11-07,105.30999755859375,109581.0
2019-11-08,103.4000015258789,107629.0
2019-11-11,104.23999786376953,108215.0
2019-11-12,102.44999694824219,106785.0
2019-11-13,102.37000274658203,105914.0
2019-11-14,102.55000305175781,106557.0
2019-11-18,102.0,106347.0
2019-11-19,101.95999908447266,105618.0
2019-11-21,103.5,107497.0
2019-11-22,104.5999984741211,108692.0
2019-11-25,104.25,108424.0
2019-11-26,103.44000244140625,107059.0
2019-11-27,103.68000030517578,107708.0
2019-11-28,104.37999725341797,108290.0
2019-11-29,104.3499984741211,108233.0
2019-12-02,104.80999755859375,109061.0
2019-12-03,105.0,108956.0
2019-12-04,106.0999984741211,110301.0
2019-12-05,106.44000244140625,110622.0
2019-12-06,106.93000030517578,111126.0
2019-12-09,106.7699966430664,110977.0
2019-12-10,106.58000183105469,110672.0
2019-12-11,106.75,110964.0
2019-12-12,107.8499984741211,112200.0
2019-12-13,108.30999755859375,112565.0
2019-12-16,107.72000122070312,111896.0
2019-12-17,108.41000366210938,112616.0
2019-12-18,110.16000366210938,114315.0
2019-12-19,110.81999969482422,115131.0
2019-12-20,110.83999633789062,115121.0
2019-12-23,111.66999816894531,115863.0
2019-12-26,112.80999755859375,117203.0
2019-12-27,112.16999816894531,116534.0
2019-12-30,111.2300033569336,115964.0
2020-01-02,114.23999786376953,118573.0
2020-01-03,113.80000305175781,117707.0
2020-01-06,112.58999633789062,116878.0
2020-01-07,112.23999786376953,116662.0
2020-01-08,111.94999694824219,116247.0
2020-01-09,111.66000366210938,115947.0
2020-01-10,111.27999877929688,115503.0
2020-01-13,113.08000183105469,117325.0
2020-01-14,113.31999969482422,117632.0
2020-01-15,112.18000030517578,116414.0
2020-01-16,112.3499984741211,116704.0
2020-01-17,114.0999984741211,118478.0
2020-01-20,114.41000366210938,118862.0
2020-01-21,112.6500015258789,117026.0
2020-01-22,114.0999984741211,118391.0
2020-01-23,115.20999908447266,119528.0
2020-01-24,114.0,118376.0
2020-01-27,110.29000091552734,114482.0
2020-01-28,112.30000305175781,116479.0
2020-01-29,110.87999725341797,115385.0
2020-01-30,111.19000244140625,115528.0
2020-01-31,108.9000015258789,113761.0
2020-02-03,110.41999816894531,114629.0
2020-02-04,111.20999908447266,115557.0
2020-02-05,111.7699966430664,116028.0
2020-02-06,110.94999694824219,115190.0
2020-02-07,109.3499984741211,113770.0
2020-02-10,108.79000091552734,112570.0
2020-02-11,111.30000305175781,115371.0
2020-02-12,112.44999694824219,116674.0
2020-02-13,110.9000015258789,115662.0
2020-02-14,110.08000183105469,114381.0
2020-02-17,110.80000305175781,115309.0
2020-02-18,111.13999938964844,114977.0
2020-02-19,112.08000183105469,116518.0
2020-02-20,110.19999694824219,114586.0
2020-02-21,109.44999694824219,113681.0
2020-02-26,101.9000015258789,105718.0
2020-02-27,99.19999694824219,102984.0
2020-02-28,100.5999984741211,104172.0
2020-03-02,102.98999786376953,106625.0
2020-03-03,101.75,105537.0
2020-03-04,103.0999984741211,107224.0
2020-03-05,98.79000091552734,102233.0
2020-03-06,94.4000015258789,97997.0
2020-03-09,82.69999694824219,86067.0
2020-03-10,88.62999725341797,92214.0
2020-03-11,82.05999755859375,85171.0
2020-03-12,70.0999984741211,72583.0
2020-03-13,79.48999786376953,82678.0
2020-03-16,68.4000015258789,71168.0
2020-03-17,71.0,74617.0
2020-03-18,65.01000213623047,66895.0
2020-03-19,65.0,68332.0
2020-03-20,64.7699966430664,67069.0
2020-03-23,61.13999938964844,63570.0
2020-03-24,67.4000015258789,69729.0
2020-03-25,71.7300033569336,74956.0
2020-03-26,74.56999969482422,77710.0
2020-03-27,70.22000122070312,73429.0
2020-03-30,71.97000122070312,74640.0
2020-03-31,69.3499984741211,73020.0
2020-04-01,68.18000030517578,70967.0
2020-04-02,69.62999725341797,72253.0
2020-04-03,66.9000015258789,69538.0
2020-04-06,71.56999969482422,74073.0
2020-04-07,73.51000213623047,76358.0
2020-04-08,75.7300033569336,78625.0
2020-04-09,74.87000274658203,77682.0
2020-04-13,75.95999908447266,78836.0
2020-04-14,76.8499984741211,79918.0
2020-04-15,76.05000305175781,78831.0
2020-04-16,74.93000030517578,77812.0
2020-04-17,76.0,78990.0
2020-04-20,75.66000366210938,78973.0
2020-04-22,77.69999694824219,80687.0
2020-04-23,76.6500015258789,79673.0
2020-04-24,72.41000366210938,75331.0
2020-04-27,75.29000091552734,78239.0
2020-04-28,78.30000305175781,81312.0
2020-04-29,80.18000030517578,83171.0
2020-04-30,77.20999908447266,80506.0
2020-05-04,76.0999984741211,78876.0
2020-05-05,76.54000091552734,79471.0
2020-05-06,76.19999694824219,79064.0
2020-05-07,75.4000015258789,78119.0
2020-05-08,77.43000030517578,80263.0
2020-05-11,76.13999938964844,79065.0
2020-05-12,75.0,77872.0
2020-05-13,75.1500015258789,77772.0
2020-05-14,76.25,79011.0
2020-05-15,74.55999755859375,77557.0
2020-05-18,78.02999877929688,81194.0
2020-05-19,77.6500015258789,80742.0
2020-05-20,78.44999694824219,81319.0
2020-05-21,79.97000122070312,83027.0
2020-05-22,79.94000244140625,82173.0
2020-05-25,82.5999984741211,85663.0
2020-05-26,82.44999694824219,85469.0
2020-05-27,84.68000030517578,87946.0
2020-05-28,83.6500015258789,86949.0
2020-05-29,84.1500015258789,87403.0
2020-06-01,85.33000183105469,88620.0
2020-06-02,87.77999877929688,91046.0
2020-06-03,89.37000274658203,93002.0
2020-06-04,90.30999755859375,93829.0
2020-06-05,91.05000305175781,94637.0
2020-06-08,93.94999694824219,97645.0
2020-06-09,92.94999694824219,96747.0
2020-06-10,91.16999816894531,94686.0
2020-06-12,89.25,92795.0
2020-06-15,89.06999969482422,92376.0
2020-06-16,90.0,93531.0
2020-06-17,91.94999694824219,95547.0
2020-06-18,92.62999725341797,96125.0
2020-06-19,92.63999938964844,96572.0
2020-06-22,91.75,95336.0
2020-06-23,92.26000213623047,95975.0
2020-06-24,90.7699966430664,94377.0
2020-06-25,92.38999938964844,95983.0
2020-06-26,90.22000122070312,93834.0
2020-06-29,92.30000305175781,95735.0
2020-06-30,91.62000274658203,95056.0
2020-07-01,92.68000030517578,96203.0
2020-07-02,92.5,96235.0
2020-07-03,93.19000244140625,96765.0
2020-07-06,95.30999755859375,98937.0
2020-07-07,94.0999984741211,97761.0
2020-07-08,96.0999984741211,99770.0
2020-07-09,95.41000366210938,99160.0
2020-07-10,96.33999633789062,100032.0
2020-07-13,95.05000305175781,98697.0
2020-07-14,96.5999984741211,100440.0
2020-07-15,98.02999877929688,101791.0
2020-07-16,96.81999969482422,100553.0
2020-07-17,99.12999725341797,102888.0
2020-07-20,100.5,104426.0
2020-07-21,100.29000091552734,104310.0
2020-07-22,100.37999725341797,104290.0
2020-07-23,98.4000015258789,102293.0
2020-07-24,98.58999633789062,102382.0
2020-07-27,100.45999908447266,104477.0
2020-07-28,100.05000305175781,104109.0
2020-07-29,101.4800033569336,105605.0
2020-07-30,101.30999755859375,105009.0
2020-07-31,99.29000091552734,102912.0
2020-08-03,99.19999694824219,102830.0
2020-08-04,97.5999984741211,101216.0
2020-08-05,98.98999786376953,102802.0
2020-08-06,100.16999816894531,104126.0
2020-08-07,98.83000183105469,102776.0
2020-08-10,99.54000091552734,103444.0
2020-08-11,98.19999694824219,102174.0
2020-08-12,98.33000183105469,102118.0
2020-08-13,96.51000213623047,100461.0
2020-08-14,97.47000122070312,101353.0
2020-08-17,95.83000183105469,99595.0
2020-08-18,98.25,102065.0
2020-08-19,97.0,100854.0
2020-08-20,97.66999816894531,101468.0
2020-08-21,97.5999984741211,101521.0
2020-08-24,98.5,102298.0
2020-08-25,98.3499984741211,102118.0
2020-08-26,96.62999725341797,100627.0
2020-08-27,96.87000274658203,100624.0
2020-08-28,98.30000305175781,102143.0
2020-08-31,95.69999694824219,99369.0
2020-09-01,98.3499984741211,102168.0
2020-09-02,98.1500015258789,101911.0
2020-09-03,96.95999908447266,100721.0
2020-09-04,97.41999816894531,101242.0
2020-09-08,96.80000305175781,100050.0
2020-09-09,97.5,101292.0
2020-09-10,95.04000091552734,98835.0
2020-09-11,94.4800033569336,98363.0
2020-09-14,96.51000213623047,100275.0
2020-09-15,96.45999908447266,100298.0
2020-09-16,95.91000366210938,99676.0
2020-09-17,96.37000274658203,100098.0
2020-09-18,94.63999938964844,98290.0
2020-09-21,93.4000015258789,96991.0
2020-09-22,93.66999816894531,97294.0
2020-09-23,92.16999816894531,95735.0
2020-09-24,93.30000305175781,97012.0
2020-09-25,93.5,96999.0
2020-09-28,91.19999694824219,94666.0
2020-09-29,89.91999816894531,93580.0
2020-09-30,91.05000305175781,94603.0
2020-10-01,91.91000366210938,95479.0
2020-10-02,90.11000061035156,94016.0
2020-10-05,92.63999938964844,96089.0
2020-10-06,92.02999877929688,95615.0
2020-10-07,91.94999694824219,95526.0
2020-10-08,94.2699966430664,97920.0
2020-10-09,93.6500015258789,97483.0
2020-10-13,94.80000305175781,98503.0
2020-10-14,95.58999633789062,99334.0
2020-10-15,95.33999633789062,99054.0
2020-10-16,94.54000091552734,98309.0
2020-10-19,95.0,98658.0
2020-10-20,96.66999816894531,100540.0
2020-10-21,96.6500015258789,100552.0
2020-10-22,98.05999755859375,101918.0
2020-10-23,97.44000244140625,101260.0
2020-10-26,97.2300033569336,101017.0
2020-10-27,95.68000030517578,99606.0
2020-10-28,91.55999755859375,95369.0
2020-10-29,92.80000305175781,96582.0
2020-10-30,90.66000366210938,93952.0
2020-11-03,92.26000213623047,95587.0
2020-11-04,94.16000366210938,97811.0
2020-11-05,96.94999694824219,100774.0
2020-11-06,97.19000244140625,100799.0
2020-11-09,99.5,103913.0
2020-11-10,101.0,105351.0
2020-11-11,100.88999938964844,104532.0
2020-11-12,98.69999694824219,102175.0
2020-11-13,100.83000183105469,104512.0
2020-11-16,102.51000213623047,106430.0
2020-11-17,103.0999984741211,107229.0
2020-11-18,101.91999816894531,106483.0
2020-11-19,102.7300033569336,106517.0
2020-11-23,103.27999877929688,107379.0
2020-11-24,105.72000122070312,109786.0
2020-11-25,105.83000183105469,110133.0
2020-11-26,106.0199966430664,110227.0
2020-11-27,106.44000244140625,110575.0
2020-11-30,105.0,108888.0
2020-12-01,107.05000305175781,111335.0
2020-12-02,107.75,111814.0
2020-12-03,108.1500015258789,112919.0
2020-12-04,109.43000030517578,113682.0
2020-12-07,109.30999755859375,113625.0
2020-12-08,109.44000244140625,113571.0
2020-12-09,108.7699966430664,112722.0
2020-12-10,110.69999694824219,114992.0
2020-12-11,110.79000091552734,115323.0
2020-12-14,110.19999694824219,114975.0
2020-12-15,111.76000213623047,116146.0
2020-12-16,113.3499984741211,117947.0
2020-12-17,113.98999786376953,118157.0
2020-12-18,113.5,117679.0
2020-12-21,111.43000030517578,116016.0
2020-12-22,112.25,116348.0
2020-12-23,113.13999938964844,117857.0
2020-12-28,114.69999694824219,119051.0
2020-12-29,114.97000122070312,119475.0
2020-12-30,114.6500015258789,119306.0
2021-01-04,114.08999633789062,118558.0
2021-01-05,114.69000244140625,119223.0
2021-01-06,115.55000305175781,119851.0
2021-01-07,118.37000274658203,121956.0
2021-01-08,120.4000015258789,125077.0
2021-01-11,118.62000274658203,122807.0
2021-01-12,119.44999694824219,123998.0
2021-01-13,117.36000061035156,122040.0
2021-01-14,118.68000030517578,123481.0
2021-01-15,115.77999877929688,120502.0
2021-01-18,116.54000091552734,121242.0
2021-01-19,116.0,120673.0
2021-01-20,115.23999786376953,119708.0
2021-01-21,113.80999755859375,118443.0
2021-01-22,113.18000030517578,117172.0
2021-01-26,112.08000183105469,116464.0
2021-01-27,111.58999633789062,115882.0
2021-01-28,114.51000213623047,119314.0
2021-01-29,110.55999755859375,116007.0
2021-02-01,113.05999755859375,117365.0
2021-02-02,113.8499984741211,118234.0
2021-02-03,115.25,119725.0
2021-02-04,114.62000274658203,119261.0
2021-02-05,115.81999969482422,119925.0
2021-02-08,115.18000030517578,119516.0
2021-02-09,114.91000366210938,119429.0
2021-02-10,113.91999816894531,118430.0
2021-02-11,114.9000015258789,119235.0
2021-02-12,115.05000305175781,119116.0
2021-02-17,115.86000061035156,120391.0
2021-02-18,114.61000061035156,119140.0
2021-02-19,113.81999969482422,118748.0
2021-02-22,108.25,112668.0
2021-02-23,110.76000213623047,115227.0
2021-02-24,111.45999908447266,115668.0
2021-02-25,108.08999633789062,112256.0
2021-02-26,105.58999633789062,110035.0
2021-03-01,105.94000244140625,110335.0
2021-03-02,107.5,111540.0
2021-03-03,107.16000366210938,111184.0
2021-03-04,108.56999969482422,112690.0
2021-03-05,110.93000030517578,115202.0
2021-03-08,105.3499984741211,110612.0
2021-03-09,107.19000244140625,111331.0
2021-03-10,108.62999725341797,112776.0
2021-03-11,110.44999694824219,114984.0
2021-03-12,109.85135650634766,114160.0
2021-03-15,110.51969909667969,114851.0
2021-03-16,109.71434020996094,114019.0
2021-03-17,112.1492919921875,116549.0
2021-03-18,110.49861145019531,114835.0
2021-03-19,111.83014678955078,116222.0
2021-03-22,110.63616180419922,114979.0
2021-03-23,108.98515319824219,113262.0
2021-03-24,107.83213806152344,112064.0
2021-03-25,109.45245361328125,113750.0
2021-03-26,110.44692993164062,114781.0
2021-03-29,111.060302734375,115419.0
2021-03-30,112.4375228881836,116850.0
2021-03-31,112.22679901123047,116634.0
2021-04-01,110.9017105102539,115253.0
2021-04-05,113.0841064453125,117518.0
2021-04-06,113.06353759765625,117499.0
2021-04-07,113.18211364746094,117624.0
2021-04-08,113.75,118313.0
2021-04-09,113.01000213623047,117670.0
2021-04-12,114.4000015258789,118812.0
2021-04-13,114.66999816894531,119297.0
2021-04-14,115.5999984741211,120295.0
2021-04-15,116.19999694824219,120701.0
2021-04-16,116.45999908447266,121114.0
2021-04-19,116.33999633789062,120934.0
2021-04-20,115.4800033569336,120062.0
2021-04-22,114.94999694824219,119371.0
2021-04-23,115.97000122070312,120530.0
2021-04-26,115.94999694824219,120595.0
2021-04-27,114.77999877929688,119388.0
2021-04-28,116.4000015258789,121053.0
2021-04-29,115.31999969482422,120066.0
2021-04-30,114.4000015258789,118894.0
2021-05-03,114.68000030517578,119209.0
2021-05-04,113.2699966430664,117712.0
2021-05-05,115.1500015258789,119564.0
2021-05-06,115.43000030517578,119921.0
2021-05-07,117.45999908447266,122038.0
2021-05-10,117.13999938964844,121909.0
2021-05-11,118.12999725341797,122964.0
2021-05-12,115.2699966430664,119710.0
2021-05-13,116.04000091552734,120706.0
2021-05-14,117.23999786376953,121881.0
2021-05-17,118.30999755859375,122938.0
2021-05-18,118.19000244140625,122980.0
2021-05-19,118.01000213623047,122636.0
2021-05-20,117.91000366210938,122701.0
2021-05-21,118.01000213623047,122592.0
2021-05-24,119.26000213623047,124032.0
2021-05-25,118.4000015258789,122988.0
2021-05-26,119.23999786376953,123989.0
2021-05-27,119.58999633789062,124367.0
2021-05-28,120.72000122070312,125561.0
2021-05-31,121.25,126216.0
2021-06-01,123.33000183105469,128267.0
2021-06-02,124.66999816894531,129601.0
2021-06-04,125.05000305175781,130126.0
2021-06-07,125.75,130776.0
2021-06-08,124.70999908447266,129787.0
2021-06-09,124.87999725341797,129907.0
2021-06-10,125.0,130076.0
2021-06-11,124.4800033569336,129441.0
2021-06-14,125.1500015258789,130208.0
2021-06-15,125.18000030517578,130091.0
2021-06-16,124.22000122070312,129259.0
2021-06-17,123.08999633789062,128057.0
2021-06-18,123.2699966430664,128405.0
2021-06-21,124.2300033569336,129265.0
2021-06-22,123.81999969482422,128767.0
2021-06-23,123.54000091552734,128428.0
2021-06-24,124.52999877929688,129514.0
2021-06-25,122.5,127256.0
2021-06-28,122.44999694824219,127429.0
2021-06-29,122.30999755859375,127327.0
2021-06-30,121.80999755859375,126802.0
2021-07-01,120.7300033569336,125666.0
2021-07-02,122.77999877929688,127622.0
2021-07-05,121.97000122070312,126920.0
2021-07-06,120.30000305175781,125095.0
2021-07-07,122.27999877929688,127019.0
2021-07-08,120.66000366210938,125428.0
2021-07-12,122.77999877929688,127594.0
2021-07-13,123.31999969482422,128168.0
2021-07-14,123.47000122070312,128407.0
2021-07-15,122.80000305175781,127468.0
2021-07-16,121.1500015258789,125960.0
2021-07-19,119.73999786376953,124395.0
2021-07-20,120.5999984741211,125401.0
2021-07-21,121.12000274658203,125929.0
2021-07-22,121.43000030517578,126147.0
2021-07-23,120.19999694824219,125053.0
2021-07-26,121.19999694824219,126004.0
2021-07-27,119.76000213623047,124612.0
2021-07-28,121.44999694824219,126286.0
2021-07-29,120.7300033569336,125675.0
2021-07-30,117.11000061035156,121801.0
2021-08-02,117.5999984741211,122516.0
2021-08-03,118.7300033569336,123577.0
2021-08-04,116.95999908447266,121801.0
2021-08-05,116.93000030517578,121633.0
2021-08-06,118.23999786376953,122810.0
2021-08-09,118.13999938964844,123019.0
2021-08-10,117.56999969482422,122202.0
2021-08-11,117.26000213623047,122056.0
2021-08-12,115.87000274658203,120701.0
2021-08-13,116.55999755859375,121194.0
2021-08-16,114.62999725341797,119180.0
2021-08-17,113.3499984741211,117904.0
2021-08-18,112.05999755859375,116643.0
2021-08-19,112.8499984741211,117165.0
2021-08-20,113.6500015258789,118053.0
2021-08-23,113.05000305175781,117472.0
2021-08-24,115.62999725341797,120211.0
2021-08-25,116.13999938964844,120818.0
2021-08-26,114.06999969482422,118724.0
2021-08-27,116.18000030517578,120678.0
2021-08-30,115.08000183105469,119740.0
2021-08-31,114.08000183105469,118781.0
2021-09-01,114.80000305175781,119396.0
2021-09-02,112.1500015258789,116677.0
2021-09-03,112.08999633789062,116933.0
2021-09-06,113.4800033569336,117869.0
2021-09-08,109.08000183105469,113413.0
2021-09-09,111.51000213623047,115361.0
2021-09-10,109.87999725341797,114286.0
2021-09-13,112.12000274658203,116404.0
2021-09-14,111.69999694824219,116181.0
2021-09-15,110.68000030517578,115063.0
2021-09-16,109.44000244140625,113794.0
2021-09-17,107.13999938964844,111439.0
2021-09-20,104.7699966430664,108844.0
2021-09-21,105.7699966430664,110250.0
2021-09-22,107.98999786376953,112282.0
2021-09-23,109.5999984741211,114064.0
2021-09-24,109.02999877929688,113283.0
2021-09-27,108.88999938964844,113583.0
2021-09-28,105.83000183105469,110124.0
2021-09-29,106.83000183105469,111107.0
2021-09-30,106.48999786376953,110979.0
2021-10-01,108.48999786376953,112900.0
2021-10-04,106.18000030517578,110393.0
2021-10-05,106.12000274658203,110458.0
2021-10-06,106.37000274658203,110560.0
2021-10-07,106.41999816894531,110585.0
2021-10-08,108.38999938964844,112833.0
2021-10-11,107.75,112180.0
2021-10-13,109.23999786376953,113456.0
2021-10-14,108.97000122070312,113185.0
2021-10-15,110.22000122070312,114648.0
2021-10-18,109.94999694824219,114428.0
2021-10-19,106.80000305175781,110673.0
2021-10-20,106.7300033569336,110786.0
2021-10-21,103.6500015258789,107735.0
2021-10-22,102.33000183105469,106296.0
2021-10-25,104.55000305175781,108715.0
2021-10-26,102.25,106420.0
2021-10-27,102.4000015258789,106363.0
2021-10-28,100.61000061035156,105705.0
2021-10-29,99.68000030517578,103501.0
2021-11-01,101.5199966430664,105551.0
2021-11-03,102.0,105617.0
2021-11-04,99.6500015258789,103412.0
2021-11-05,100.80999755859375,104824.0
2021-11-08,100.83000183105469,104781.0
2021-11-09,101.38999938964844,105535.0
2021-11-10,102.0199966430664,105968.0
2021-11-11,103.55000305175781,107725.0
2021-11-12,102.12999725341797,106312.0
2021-11-16,100.36000061035156,104508.0
2021-11-17,99.25,102945.0
2021-11-18,98.6500015258789,102524.0
2021-11-19,99.2699966430664,103035.0
2021-11-22,98.23999786376953,102122.0
2021-11-23,100.0,103663.0
2021-11-24,100.66000366210938,104514.0
2021-11-25,101.98999786376953,105811.0
2021-11-26,98.38999938964844,102224.0
2021-11-29,99.01000213623047,102814.0
2021-11-30,98.3499984741211,101915.0
2021-12-01,97.08999633789062,100775.0
2021-12-02,100.43000030517578,104466.0
2021-12-03,101.31999969482422,105070.0
2021-12-06,103.0,106859.0
2021-12-07,103.62999725341797,107558.0
2021-12-08,104.19999694824219,108096.0
2021-12-09,102.13999938964844,106291.0
2021-12-10,103.7300033569336,107758.0
2021-12-13,103.5,107383.0
2021-12-14,102.69999694824219,106760.0
2021-12-15,103.19999694824219,107370.0
2021-12-16,104.41000366210938,108212.0
2021-12-17,103.0999984741211,107201.0
2021-12-20,101.0,105020.0
2021-12-21,101.41999816894531,105500.0
2021-12-22,101.43000030517578,105244.0
2021-12-23,100.8499984741211,104891.0
2021-12-27,101.5999984741211,105531.0
2021-12-28,101.05999755859375,104864.0
2021-12-29,100.25,104107.0
2021-12-30,100.80000305175781,104822.0
2022-01-03,99.93000030517578,103922.0
2022-01-04,99.56999969482422,103514.0
2022-01-05,97.0999984741211,101006.0
2022-01-06,97.8499984741211,101561.0
2022-01-07,98.69999694824219,102719.0
2022-01-10,98.43000030517578,101945.0
2022-01-11,100.0999984741211,103779.0
2022-01-12,101.91000366210938,105686.0
2022-01-13,101.55000305175781,105530.0
2022-01-14,103.06999969482422,106928.0
2022-01-17,102.58000183105469,106692.0
2022-01-18,102.8499984741211,106522.0
2022-01-19,104.05000305175781,108013.0
2022-01-20,104.9000015258789,109102.0
2022-01-21,104.69999694824219,108942.0
2022-01-24,104.08000183105469,107752.0
2022-01-25,106.33000183105469,109845.0
2022-01-26,107.38999938964844,111573.0
2022-01-27,108.19999694824219,112315.0
2022-01-28,107.58000183105469,111478.0
2022-01-31,107.9800033569336,112388.0
2022-02-01,109.1500015258789,113147.0
2022-02-02,107.69000244140625,112161.0
2022-02-03,107.7699966430664,111696.0
2022-02-04,108.0199966430664,112245.0
2022-02-07,107.72000122070312,111996.0
2022-02-08,108.2300033569336,112234.0
2022-02-09,108.2300033569336,112461.0
2022-02-10,109.0999984741211,113359.0
2022-02-11,109.30999755859375,113572.0
2022-02-14,109.5199966430664,113807.0
2022-02-15,110.5999984741211,114660.0
2022-02-16,110.7699966430664,115181.0
2022-02-17,109.0999984741211,113528.0
2022-02-18,108.51000213623047,112768.0
2022-02-21,107.44999694824219,111725.0
2022-02-22,109.0,112892.0
2022-02-23,107.58000183105469,112008.0
2022-02-24,107.4800033569336,111592.0
2022-02-25,108.9000015258789,113142.0
2022-03-02,111.0999984741211,115174.0
2022-03-03,111.0199966430664,115166.0
2022-03-04,110.4000015258789,114474.0
2022-03-07,107.11000061035156,111593.0
2022-03-08,107.29000091552734,111203.0
2022-03-09,109.77999877929688,113900.0
2022-03-10,109.4000015258789,113663.0
2022-03-11,107.69999694824219,111713.0
2022-03-14,106.04000091552734,109928.0
2022-03-15,104.9000015258789,108959.0
2022-03-16,107.13999938964844,111112.0
2022-03-17,108.83000183105469,113076.0
2022-03-18,110.7300033569336,115311.0
2022-03-21,111.94000244140625,116155.0
2022-03-22,113.0999984741211,117272.0
2022-03-23,112.9000015258789,117457.0
2022-03-24,114.73999786376953,119053.0
2022-03-25,114.75,119081.0
2022-03-28,114.51000213623047,118738.0
2022-03-29,115.75,120014.0
2022-03-30,115.9000015258789,120260.0
2022-03-31,115.5999984741211,119999.0
2022-04-01,117.19999694824219,121570.0
2022-04-04,116.80000305175781,121280.0
2022-04-05,114.51000213623047,118885.0
2022-04-06,113.87000274658203,118228.0
2022-04-07,114.6500015258789,118862.0
2022-04-08,113.9800033569336,118322.0
2022-04-11,112.56999969482422,116953.0
2022-04-12,111.7699966430664,116147.0
2022-04-13,112.5199966430664,116782.0
2022-04-14,111.6500015258789,116182.0
2022-04-18,111.45999908447266,115687.0
2022-04-19,110.91999816894531,115057.0
2022-04-20,110.05000305175781,114344.0
2022-04-22,106.75,111078.0
2022-04-25,106.76000213623047,110685.0
2022-04-26,104.27999877929688,108213.0
2022-04-27,105.5199966430664,109349.0
2022-04-28,105.86000061035156,109919.0
2022-04-29,103.4000015258789,107876.0
2022-05-02,102.72000122070312,106639.0
2022-05-03,102.72000122070312,106528.0
2022-05-04,104.37999725341797,108344.0
2022-05-05,101.5,105304.0
2022-05-06,101.2300033569336,105135.0
2022-05-09,99.68000030517578,103250.0
2022-05-10,99.23999786376953,103110.0
2022-05-11,100.63999938964844,104397.0
2022-05-12,102.04000091552734,105688.0
2022-05-13,103.29000091552734,106924.0
2022-05-16,104.4000015258789,108233.0
2022-05-17,104.9000015258789,108789.0
2022-05-18,102.20999908447266,106247.0
2022-05-19,103.08000183105469,107005.0
2022-05-20,104.66000366210938,108488.0
2022-05-23,106.76000213623047,110346.0
2022-05-24,106.63999938964844,110581.0
2022-05-25,106.66000366210938,110580.0
2022-05-26,108.0199966430664,111890.0
2022-05-27,107.9000015258789,111942.0
2022-05-30,106.91999816894531,111032.0
2022-05-31,107.18000030517578,111351.0
2022-06-01,107.47000122070312,111360.0
2022-06-02,108.43000030517578,112393.0
2022-06-03,107.4800033569336,111102.0
2022-06-06,106.41999816894531,110186.0
2022-06-07,106.1500015258789,110070.0
2022-06-08,104.5999984741211,108368.0
2022-06-09,103.68000030517578,107094.0
2022-06-10,101.81999969482422,105481.0
2022-06-13,99.12000274658203,102598.0
2022-06-14,98.36000061035156,102063.0
2022-06-15,99.37999725341797,102807.0
2022-06-17,96.20999908447266,99825.0
2022-06-20,96.29000091552734,99853.0
2022-06-21,96.4000015258789,99685.0
2022-06-22,96.02999877929688,99522.0
2022-06-23,94.66000366210938,98080.0
2022-06-24,95.47000122070312,98672.0
2022-06-27,97.3499984741211,100764.0
2022-06-28,97.05000305175781,100591.0
2022-06-29,96.0,99622.0
2022-06-30,95.0,98542.0
2022-07-01,95.62999725341797,98954.0
2022-07-04,95.19999694824219,98609.0
2022-07-05,94.80000305175781,98295.0
2022-07-06,95.41999816894531,98719.0
2022-07-07,97.37999725341797,100730.0
2022-07-08,96.87999725341797,100289.0
2022-07-11,94.80000305175781,98212.0
2022-07-12,94.9000015258789,98271.0
2022-07-13,94.51000213623047,97881.0
2022-07-14,92.55000305175781,96121.0
2022-07-15,93.2699966430664,96551.0
2022-07-18,93.37000274658203,96916.0
2022-07-19,94.69999694824219,98245.0
2022-07-20,94.94999694824219,98287.0
2022-07-21,95.3499984741211,99033.0
2022-07-22,95.41999816894531,98925.0
2022-07-25,96.75,100270.0
2022-07-26,96.1500015258789,99772.0
2022-07-27,97.83000183105469,101438.0
2022-07-28,99.0999984741211,102597.0
2022-07-29,99.30000305175781,103165.0
2022-08-01,98.55999755859375,102225.0
2022-08-02,99.52999877929688,103362.0
2022-08-03,100.19999694824219,103775.0
2022-08-04,102.4800033569336,105892.0
2022-08-05,102.73999786376953,106472.0
2022-08-08,104.80000305175781,108402.0
2022-08-09,105.05000305175781,108651.0
2022-08-10,106.55999755859375,110236.0
2022-08-11,105.87999725341797,109718.0
2022-08-12,108.63999938964844,112764.0
2022-08-15,108.97000122070312,113032.0
2022-08-16,109.76000213623047,113512.0
2022-08-17,109.98999786376953,113708.0
2022-08-18,109.94000244140625,113813.0
2022-08-19,107.52999877929688,111496.0
2022-08-22,106.7300033569336,110501.0
2022-08-23,109.0999984741211,112857.0
2022-08-24,109.18000030517578,112898.0
2022-08-25,109.5999984741211,113532.0
2022-08-26,108.36000061035156,112299.0
2022-08-29,108.4000015258789,112323.0
2022-08-30,106.4000015258789,110431.0
2022-08-31,105.83000183105469,109523.0
2022-09-01,106.58999633789062,110405.0
2022-09-02,107.08999633789062,110864.0
2022-09-05,108.44999694824219,112203.0
2022-09-06,105.94999694824219,109764.0
2022-09-08,106.18000030517578,109916.0
2022-09-09,108.4000015258789,112300.0
2022-09-12,109.44000244140625,113407.0
2022-09-13,106.9800033569336,110794.0
2022-09-14,106.75,110547.0
2022-09-15,106.11000061035156,109954.0
2022-09-16,105.5999984741211,109280.0
2022-09-19,108.22000122070312,111824.0
2022-09-20,108.8499984741211,112517.0
2022-09-21,108.16000366210938,111936.0
2022-09-22,110.12999725341797,114070.0
2022-09-23,107.83999633789062,111716.0
2022-09-26,105.12999725341797,109114.0
2022-09-27,104.68000030517578,108376.0
2022-09-28,104.81999969482422,108451.0
2022-09-29,103.80000305175781,107664.0
2022-09-30,106.45999908447266,110037.0
2022-10-03,112.4000015258789,116134.0
2022-10-04,112.3499984741211,116230.0
2022-10-05,113.31999969482422,117198.0
2022-10-06,113.47000122070312,117561.0
2022-10-07,112.77999877929688,116375.0
2022-10-10,112.08000183105469,115941.0
2022-10-11,110.88999938964844,114827.0
2022-10-13,110.26000213623047,114300.0
2022-10-14,108.22000122070312,112072.0
2022-10-17,109.9000015258789,113624.0
2022-10-18,111.94000244140625,115743.0
2022-10-19,112.3499984741211,116274.0
2022-10-20,112.9000015258789,117171.0
2022-10-21,116.43000030517578,119929.0
2022-10-24,112.13999938964844,116013.0
2022-10-25,110.4800033569336,114626.0
2022-10-26,108.77999877929688,112764.0
2022-10-27,110.0,114641.0
2022-10-28,113.0,114539.0
2022-10-31,112.1500015258789,116037.0
2022-11-01,112.80999755859375,116929.0
2022-11-03,113.0999984741211,116896.0
2022-11-04,114.0,118155.0
2022-11-07,111.22000122070312,115342.0
2022-11-08,112.30000305175781,116160.0
2022-11-09,109.75,113580.0
2022-11-10,106.0999984741211,109775.0
2022-11-11,108.55000305175781,112253.0
2022-11-14,109.23999786376953,113161.0
2022-11-16,106.04000091552734,110243.0
2022-11-17,105.69000244140625,109703.0
2022-11-18,104.8499984741211,108880.0
2022-11-21,106.08000183105469,109748.0
2022-11-22,105.06999969482422,109037.0
2022-11-23,105.23999786376953,108683.0
2022-11-24,108.19999694824219,111831.0
2022-11-25,105.06999969482422,108977.0
2022-11-28,105.1500015258789,108782.0
2022-11-29,107.29000091552734,110910.0
2022-11-30,108.58000183105469,112486.0
2022-12-01,107.05999755859375,110926.0
2022-12-02,107.94999694824219,111924.0
2022-12-05,105.62999725341797,109401.0
2022-12-06,106.73999786376953,109533.0
2022-12-07,105.58999633789062,109361.0
2022-12-08,103.56999969482422,107245.0
2022-12-09,103.9000015258789,107689.0
2022-12-12,101.80000305175781,105264.0
2022-12-13,100.30000305175781,103892.0
2022-12-14,100.69999694824219,103803.0
2022-12-15,100.5,103738.0
2022-12-16,99.4000015258789,102825.0
2022-12-19,101.37000274658203,104530.0
2022-12-20,103.55000305175781,106979.0
2022-12-21,103.87000274658203,107313.0
2022-12-22,103.93000030517578,107317.0
2022-12-23,106.0,109698.0
2022-12-26,105.1500015258789,108738.0
2022-12-27,104.9000015258789,108347.0
2022-12-28,106.80000305175781,110237.0
2022-12-29,105.94999694824219,110031.0
2023-01-02,102.62999725341797,106376.0
2023-01-03,100.4800033569336,104166.0
2023-01-04,101.91999816894531,105334.0
2023-01-05,104.2699966430664,107518.0
2023-01-06,105.5,108836.0
2023-01-09,105.3499984741211,109227.0
2023-01-10,107.18000030517578,110912.0
2023-01-11,109.0999984741211,111763.0
2023-01-12,108.26000213623047,111877.0
2023-01-13,107.3499984741211,110916.0
2023-01-16,105.47000122070312,109213.0
2023-01-17,107.80000305175781,111439.0
2023-01-18,108.33000183105469,112452.0
2023-01-19,109.11000061035156,113006.0
2023-01-20,108.44999694824219,112301.0
2023-01-23,107.9000015258789,111709.0
2023-01-24,109.43000030517578,113028.0
2023-01-25,110.6500015258789,114195.0
2023-01-26,110.41999816894531,114109.0
2023-01-27,108.4000015258789,112502.0
2023-01-30,108.69999694824219,111888.0
2023-01-31,109.83999633789062,113532.0
2023-02-01,108.4000015258789,112303.0
2023-02-02,106.30000305175781,109935.0
2023-02-03,104.87000274658203,108490.0
2023-02-06,105.25,108456.0
2023-02-07,104.0999984741211,107920.0
2023-02-08,106.33999633789062,109882.0
2023-02-09,104.44000244140625,107783.0
2023-02-10,104.75,108150.0
2023-02-13,105.47000122070312,108846.0
2023-02-14,104.43000030517578,107659.0
2023-02-15,106.05000305175781,109442.0
2023-02-16,106.5,109905.0
2023-02-17,105.55999755859375,109303.0
2023-02-22,103.5999984741211,107152.0
2023-02-23,104.1500015258789,107720.0
2023-02-24,102.37999725341797,105873.0
2023-02-27,102.29000091552734,105711.0
2023-02-28,101.1500015258789,104932.0
2023-03-01,101.19999694824219,104385.0
2023-03-02,99.94000244140625,103326.0
2023-03-03,100.41999816894531,103866.0
2023-03-06,101.47000122070312,104700.0
2023-03-07,100.9000015258789,104228.0
2023-03-08,103.22000122070312,106540.0
2023-03-09,101.55999755859375,105071.0
2023-03-10,100.20999908447266,103618.0
2023-03-13,99.77999877929688,103121.0
2023-03-14,99.58000183105469,102932.0
2023-03-15,99.38999938964844,102675.0
2023-03-16,100.0,103435.0
2023-03-17,98.72000122070312,101982.0
2023-03-20,97.69999694824219,100923.0
2023-03-21,97.93000030517578,100998.0
2023-03-22,97.02999877929688,100221.0
2023-03-23,94.58000183105469,97926.0
2023-03-24,95.86000061035156,98829.0
2023-03-27,96.54000091552734,99670.0
2023-03-28,98.02999877929688,101185.0
2023-03-29,98.55000305175781,101793.0
2023-03-30,100.47000122070312,103713.0
2023-03-31,98.48999786376953,101882.0
2023-04-03,98.30000305175781,101506.0
2023-04-04,98.51000213623047,101869.0
2023-04-05,97.62999725341797,100978.0
2023-04-06,97.58999633789062,100822.0
2023-04-10,98.66000366210938,101847.0
2023-04-11,102.91000366210938,106214.0
2023-04-12,103.3499984741211,106890.0
2023-04-13,102.93000030517578,106458.0
2023-04-14,103.04000091552734,106279.0
2023-04-17,102.70999908447266,106016.0
2023-04-18,102.69999694824219,106163.0
2023-04-19,100.4800033569336,103913.0
2023-04-20,101.0,104367.0
2023-04-24,100.62000274658203,103947.0
2023-04-25,99.91999816894531,103220.0
2023-04-26,99.01000213623047,102312.0
2023-04-27,99.52999877929688,102923.0
2023-04-28,100.9000015258789,104432.0
2023-05-02,98.48999786376953,101927.0
2023-05-03,98.5999984741211,101797.0
2023-05-04,98.94999694824219,102174.0
2023-05-05,101.91000366210938,105148.0
2023-05-08,102.48999786376953,106042.0
2023-05-09,103.80000305175781,107114.0
2023-05-10,103.97000122070312,107448.0
2023-05-11,104.81999969482422,108256.0
2023-05-12,105.05000305175781,108464.0
2023-05-15,105.47000122070312,109029.0
2023-05-16,104.62999725341797,108194.0
2023-05-17,106.01000213623047,109460.0
2023-05-18,106.75,110108.0
2023-05-19,107.16000366210938,110745.0
2023-05-22,106.55000305175781,110213.0
2023-05-23,106.44000244140625,109929.0
2023-05-24,105.2699966430664,108800.0
2023-05-25,106.55000305175781,110054.0
2023-05-26,107.51000213623047,110906.0
2023-05-29,106.7699966430664,110333.0
2023-05-30,105.37999725341797,108967.0
2023-05-31,104.83999633789062,108335.0
2023-06-01,107.19999694824219,110565.0
2023-06-02,109.0199966430664,112558.0
2023-06-05,109.13999938964844,112696.0
2023-06-06,111.06999969482422,114610.0
2023-06-07,111.77999877929688,115488.0
2023-06-09,113.20999908447266,117019.0
2023-06-12,113.63999938964844,117336.0
2023-06-13,112.94000244140625,116743.0
2023-06-14,115.11000061035156,119069.0
2023-06-15,115.4000015258789,119221.0
2023-06-16,114.9000015258789,118758.0
2023-06-19,116.12999725341797,119858.0
2023-06-20,115.81999969482422,119622.0
2023-06-21,116.2699966430664,120420.0
2023-06-22,115.26000213623047,118934.0
2023-06-23,115.30999755859375,118977.0
2023-06-26,114.41999816894531,118243.0
2023-06-27,113.7699966430664,117523.0
2023-06-28,113.02999877929688,116681.0
2023-06-29,114.91000366210938,118383.0
2023-06-30,114.16999816894531,118087.0
2023-07-03,115.94000244140625,119673.0
2023-07-04,115.23999786376953,119076.0
2023-07-05,115.83999633789062,119549.0
2023-07-06,113.63999938964844,117426.0
2023-07-07,115.19000244140625,118898.0
2023-07-10,114.0999984741211,117942.0
2023-07-11,113.80000305175781,117220.0
2023-07-12,113.83000183105469,117666.0
2023-07-13,115.58000183105469,119264.0
2023-07-14,113.95999908447266,117711.0
2023-07-17,114.70999908447266,118219.0
2023-07-18,113.94999694824219,117841.0
2023-07-19,113.75,117552.0
2023-07-20,114.33999633789062,118083.0
2023-07-21,116.4000015258789,120217.0
2023-07-24,117.56999969482422,121342.0
2023-07-25,117.9800033569336,122008.0
2023-07-26,118.73999786376953,122560.0
2023-07-27,116.04000091552734,119990.0
2023-07-28,116.5199966430664,120187.0
2023-07-31,117.94999694824219,121943.0
2023-08-01,117.5199966430664,121248.0
2023-08-02,117.01000213623047,120859.0
2023-08-03,116.70999908447266,120586.0
2023-08-04,115.66000366210938,119508.0
2023-08-07,115.61000061035156,119380.0
2023-08-08,115.2699966430664,119090.0
2023-08-09,114.69999694824219,118409.0
2023-08-10,114.51000213623047,118350.0
2023-08-11,114.25,118065.0
2023-08-14,113.30999755859375,116810.0
2023-08-15,112.37000274658203,116171.0
2023-08-16,111.87000274658203,115592.0
2023-08-17,111.36000061035156,114982.0
2023-08-18,111.69999694824219,115409.0
2023-08-21,110.79000091552734,114429.0
2023-08-22,112.41000366210938,116156.0
2023-08-23,114.30000305175781,118135.0
2023-08-24,113.30000305175781,117026.0
2023-08-25,112.1500015258789,115837.0
2023-08-28,113.5,117121.0
2023-08-29,114.62000274658203,118404.0
2023-08-30,113.9000015258789,117535.0
2023-08-31,112.30999755859375,115742.0
2023-09-01,114.05000305175781,117893.0
2023-09-04,114.13999938964844,117777.0
2023-09-05,113.62000274658203,117331.0
2023-09-06,112.25,115985.0
2023-09-08,111.66000366210938,115313.0
2023-09-11,113.4800033569336,116883.0
2023-09-12,114.22000122070312,117968.0
2023-09-13,114.45999908447266,118176.0
2023-09-14,115.58999633789062,119392.0
2023-09-15,114.91999816894531,118758.0
2023-09-18,114.6500015258789,118288.0
2023-09-19,114.0999984741211,117846.0
2023-09-20,115.02999877929688,118695.0
2023-09-21,112.5999984741211,116145.0
2023-09-22,112.61000061035156,116009.0
2023-09-25,112.56999969482422,115925.0
2023-09-26,110.6500015258789,114193.0
2023-09-27,110.69999694824219,114327.0
2023-09-28,112.18000030517578,115731.0
2023-09-29,113.1500015258789,116565.0
2023-10-02,111.48999786376953,115057.0
2023-10-03,109.81999969482422,113419.0
2023-10-04,110.18000030517578,113607.0
2023-10-05,109.75,113284.0
2023-10-06,110.66000366210938,114170.0
2023-10-09,111.73999786376953,115156.0
2023-10-10,113.12999725341797,116737.0
2023-10-11,113.5,117051.0
2023-10-13,112.05999755859375,115754.0
2023-10-16,112.94000244140625,116534.0
2023-10-17,112.33999633789062,115908.0
2023-10-18,110.37000274658203,114060.0
2023-10-19,110.5999984741211,114004.0
2023-10-20,109.5,113155.0
2023-10-23,109.3499984741211,112785.0
2023-10-24,110.23999786376953,113762.0
2023-10-25,109.3499984741211,112830.0
2023-10-26,111.4000015258789,114777.0
2023-10-27,109.8499984741211,113301.0
2023-10-30,108.95999908447266,112532.0
2023-10-31,109.62000274658203,113144.0
2023-11-01,111.55999755859375,115053.0
2023-11-03,114.75,118160.0
2023-11-06,114.80999755859375,118487.0
2023-11-07,115.66999816894531,119268.0
2023-11-08,115.5199966430664,119099.0
2023-11-09,115.18000030517578,119012.0
2023-11-10,117.01000213623047,120636.0
2023-11-13,116.81999969482422,120376.0
2023-11-14,119.61000061035156,123328.0
2023-11-16,120.95999908447266,124576.0
2023-11-17,121.20999908447266,125062.0
2023-11-20,122.25,126095.0
2023-11-21,121.76000213623047,125607.0
2023-11-22,122.1500015258789,126035.0
2023-11-23,122.83000183105469,126576.0
2023-11-24,121.66000366210938,125542.0
2023-11-27,121.94000244140625,125683.0
2023-11-28,122.72000122070312,126538.0
2023-11-29,122.2699966430664,126101.0
2023-11-30,123.56999969482422,127331.0
2023-12-01,124.12000274658203,128103.0
2023-12-04,122.95999908447266,126803.0
2023-12-05,123.01000213623047,126903.0
2023-12-06,121.72000122070312,125623.0
2023-12-07,122.29000091552734,126010.0
2023-12-08,123.30999755859375,127094.0
2023-12-11,123.11000061035156,126916.0
2023-12-12,122.5999984741211,126403.0
2023-12-13,126.12000274658203,129465.0
2023-12-14,126.87999725341797,130842.0
2023-12-15,126.27999877929688,130197.0
2023-12-18,127.2699966430664,131084.0
2023-12-19,128.0500030517578,131851.0
2023-12-20,126.81999969482422,130804.0
2023-12-21,128.35000610351562,132182.0
2023-12-22,128.94000244140625,132753.0
2023-12-26,129.64999389648438,133533.0
2023-12-27,130.4600067138672,134194.0
2023-12-28,130.38999938964844,134185.0
2024-01-02,128.75999450683594,132697.0
2024-01-03,128.99000549316406,132834.0
2024-01-04,127.3499984741211,131226.0
2024-01-05,128.25,132023.0
2024-01-08,128.57000732421875,132427.0
2024-01-09,127.58999633789062,131447.0
2024-01-10,126.94000244140625,130841.0
2024-01-11,126.80999755859375,130649.0
2024-01-12,127.2300033569336,130988.0
2024-01-15,127.81999969482422,131521.0
2024-01-16,125.48999786376953,129294.0
2024-01-17,124.52999877929688,128524.0
2024-01-18,123.55999755859375,127316.0
2024-01-19,123.83999633789062,127636.0
2024-01-22,122.69999694824219,126602.0
2024-01-23,124.55000305175781,128263.0
2024-01-24,123.97000122070312,127816.0
2024-01-25,124.45999908447266,128169.0
2024-01-26,125.08000183105469,128967.0
2024-01-29,124.75,128503.0
2024-01-30,123.56999969482422,127402.0
2024-01-31,123.94999694824219,127752.0
2024-02-01,124.76000213623047,128481.0
2024-02-02,123.31999969482422,127182.0
2024-02-05,123.86000061035156,127593.0
2024-02-06,126.87999725341797,130416.0
2024-02-07,126.05000305175781,129608.0
2024-02-08,124.51000213623047,128217.0
2024-02-09,124.12999725341797,128026.0
2024-02-14,123.2300033569336,127018.0
2024-02-15,124.05999755859375,127804.0
2024-02-16,124.87999725341797,128726.0
2024-02-19,125.13999938964844,129036.0
2024-02-20,126.19000244140625,129916.0
2024-02-21,126.18000030517578,130032.0
2024-02-22,126.30000305175781,130241.0
2024-02-23,125.61000061035156,129419.0
2024-02-26,125.7699966430664,129609.0
2024-02-27,127.83999633789062,131689.0
2024-02-28,126.26000213623047,130155.0
2024-02-29,125.25,129020.0
2024-03-01,125.23999786376953,129180.0
2024-03-04,124.5,128341.0
2024-03-05,124.4000015258789,128098.0
2024-03-06,125.1500015258789,128890.0
2024-03-07,124.66999816894531,128340.0
2024-03-08,123.26000213623047,127071.0
2024-03-11,122.31999969482422,126124.0
2024-03-12,123.80999755859375,127668.0
2024-03-13,124.37000274658203,128006.0
2024-03-14,123.81999969482422,127690.0
2024-03-15,122.87000274658203,126742.0
2024-03-18,123.05000305175781,126954.0
2024-03-19,123.94999694824219,127529.0
2024-03-20,125.44999694824219,129125.0
2024-03-21,124.37000274658203,128159.0
2024-03-22,123.20999908447266,127027.0
2024-03-25,123.19000244140625,126931.0
2024-03-26,123.23999786376953,126863.0
2024-03-27,124.05000305175781,127691.0
2024-03-28,124.33000183105469,128106.0
2024-04-01,123.29000091552734,126990.0
2024-04-02,123.73999786376953,127549.0
2024-04-03,123.54000091552734,127318.0
2024-04-04,123.68000030517578,127428.0
2024-04-05,122.9000015258789,126795.0
2024-04-08,125.12999725341797,128857.0
2024-04-09,125.91000366210938,129890.0
2024-04-10,124.1500015258789,128054.0
2024-04-11,123.72000122070312,127396.0
2024-04-12,122.12000274658203,125946.0
2024-04-15,121.55000305175781,125334.0
2024-04-16,120.8499984741211,124389.0
2024-04-17,120.54000091552734,124171.0
2024-04-18,120.4800033569336,124196.0
2024-04-19,121.5199966430664,125124.0
2024-04-22,121.80000305175781,125573.0
2024-04-23,121.41000366210938,125148.0
2024-04-24,120.97000122070312,124741.0
2024-04-25,120.91000366210938,124646.0
2024-04-26,122.83000183105469,126526.0
2024-04-29,123.7699966430664,127352.0
2024-04-30,122.37999725341797,125924.0
2024-05-02,123.3499984741211,127122.0
2024-05-03,124.94999694824219,128509.0
2024-05-06,124.70999908447266,128466.0
2024-05-07,125.4000015258789,129210.0
2024-05-08,125.75,129481.0
2024-05-09,124.5199966430664,128188.0
2024-05-10,124.01000213623047,127600.0
2024-05-13,124.55999755859375,128155.0
2024-05-14,124.80999755859375,128515.0
2024-05-15,124.2300033569336,128028.0
2024-05-16,124.55000305175781,128284.0
2024-05-17,124.37000274658203,128151.0
2024-05-20,124.12000274658203,127751.0
2024-05-21,123.69999694824219,127412.0
2024-05-22,122.06999969482422,125650.0
2024-05-23,121.0999984741211,124729.0
2024-05-24,120.63999938964844,124306.0
2024-05-27,120.87000274658203,124496.0
2024-05-28,120.18000030517578,123780.0
2024-05-29,119.12000274658203,122707.0
2024-05-31,118.66000366210938,122098.0
2024-06-03,118.44000244140625,122032.0
2024-06-04,118.16000366210938,121802.0
2024-06-05,117.9000015258789,121407.0
2024-06-06,119.4000015258789,122899.0
2024-06-07,117.12999725341797,120767.0
2024-06-10,117.3499984741211,120760.0
2024-06-11,118.0,121635.0
2024-06-12,116.45999908447266,119936.0
2024-06-13,116.18000030517578,119568.0
2024-06-14,116.22000122070312,119662.0
2024-06-17,115.73999786376953,119138.0
2024-06-18,116.12000274658203,119630.0
2024-06-19,116.76000213623047,120261.0
2024-06-20,117.12000274658203,120446.0
2024-06-21,118.0199966430664,121341.0
2024-06-24,119.08000183105469,122637.0
2024-06-25,118.9000015258789,122331.0
2024-06-26,119.13999938964844,122641.0
2024-06-27,120.80000305175781,124308.0
2024-06-28,120.37999725341797,123907.0
2024-07-01,121.08000183105469,124718.0
2024-07-02,121.33000183105469,124787.0
2024-07-03,122.13999938964844,125662.0
2024-07-04,122.62000274658203,126164.0
2024-07-05,122.69999694824219,126267.0
2024-07-08,122.94000244140625,126548.0
2024-07-09,123.54000091552734,127108.0
2024-07-10,123.5,127218.0
2024-07-11,124.56999969482422,128294.0
2024-07-12,125.19999694824219,128897.0
2024-07-15,125.72000122070312,129321.0
2024-07-16,125.37000274658203,129110.0
2024-07-17,125.81999969482422,129450.0
2024-07-18,124.0199966430664,127652.0
2024-07-19,124.0,127616.0
2024-07-22,124.26000213623047,127860.0
2024-07-23,122.94999694824219,126590.0
2024-07-24,122.86000061035156,126423.0
2024-07-25,122.41000366210938,125954.0
2024-07-26,123.9800033569336,127492.0
2024-07-29,123.45999908447266,126954.0
2024-07-30,122.70999908447266,126139.0
2024-07-31,124.04000091552734,127652.0
2024-08-01,123.73999786376953,127395.0
2024-08-02,122.37999725341797,125854.0
2024-08-05,121.7699966430664,125270.0
2024-08-06,122.73999786376953,126267.0
2024-08-07,124.04000091552734,127514.0
2024-08-08,125.30000305175781,128661.0
2024-08-09,127.12999725341797,130615.0
2024-08-12,127.6500015258789,131116.0
2024-08-13,128.77999877929688,132398.0
2024-08-14,129.67999267578125,133318.0
2024-08-15,130.49000549316406,134153.0
2024-08-16,130.2899932861328,133953.0
2024-08-19,131.97999572753906,135778.0
2024-08-20,132.44000244140625,136087.0
2024-08-21,132.74000549316406,136464.0
2024-08-22,131.57000732421875,135173.0
2024-08-23,131.97999572753906,135608.0
2024-08-26,133.2100067138672,136889.0
2024-08-27,133.00999450683594,136776.0
2024-08-28,133.6199951171875,137344.0
2024-08-29,132.1699981689453,136041.0
2024-08-30,132.60000610351562,136004.0
2024-09-02,131.10000610351562,134981.0
2024-09-03,130.6300048828125,134353.0
2024-09-04,132.3800048828125,136111.0
2024-09-05,132.88999938964844,136502.0
2024-09-06,130.9600067138672,134572.0
2024-09-09,131.0399932861328,134737.0
2024-09-10,130.6300048828125,134320.0
2024-09-11,131.2100067138672,134677.0
2024-09-12,130.30999755859375,134029.0
2024-09-13,131.2100067138672,134882.0
2024-09-16,131.3800048828125,135118.0
2024-09-17,131.3300018310547,134960.0
2024-09-18,130.0500030517578,133748.0
2024-09-19,129.3699951171875,133123.0
2024-09-20,127.62999725341797,131065.0
2024-09-23,127.0,130568.0
2024-09-24,128.67999267578125,132156.0
2024-09-25,127.91999816894531,131586.0
2024-09-26,129.3300018310547,133010.0
2024-09-27,129.0399932861328,132730.0
2024-09-30,128.42999267578125,131816.0
2024-10-01,128.86000061035156,132495.0
2024-10-02,129.85000610351562,133515.0
2024-10-03,128.02999877929688,131672.0
2024-10-04,128.1999969482422,131792.0
2024-10-07,128.4499969482422,132018.0
2024-10-08,127.93000030517578,131512.0
2024-10-09,126.3499984741211,129962.0
2024-10-10,126.80000305175781,130353.0
2024-10-11,126.47000122070312,129992.0
2024-10-14,127.5,131005.0
2024-10-15,127.4000015258789,131043.0
2024-10-16,128.07000732421875,131750.0
2024-10-17,127.30999755859375,130793.0
2024-10-18,127.0,130499.0
2024-10-21,126.75,130362.0
2024-10-22,126.5,129721.0
2024-10-23,125.80999755859375,129233.0
2024-10-24,126.5999984741211,130067.0
2024-10-25,126.3499984741211,129893.0
2024-10-28,127.83999633789062,131213.0
2024-10-29,127.25,130730.0
2024-10-30,127.2300033569336,130639.0
2024-10-31,126.26000213623047,129713.0
2024-11-01,124.5999984741211,128121.0
2024-11-04,127.1500015258789,130515.0
2024-11-05,127.1500015258789,130661.0
2024-11-06,126.30000305175781,130341.0
2024-11-07,126.05999755859375,129682.0
2024-11-08,124.5,127830.0
2024-11-11,124.3499984741211,127874.0
2024-11-12,124.19999694824219,127698.0
2024-11-13,124.33000183105469,127734.0
2024-11-14,124.2699966430664,127792.0
2024-11-18,124.41000366210938,127768.0
2024-11-19,124.87999725341797,128197.0
2024-11-21,123.5999984741211,126922.0
2024-11-22,126.0199966430664,129126.0
2024-11-25,125.66999816894531,129036.0
2024-11-26,126.6500015258789,129922.0
2024-11-27,124.0999984741211,127669.0
2024-11-28,121.30000305175781,124610.0
2024-11-29,122.31999969482422,125668.0
2024-12-02,121.87999725341797,125236.0
2024-12-03,122.68000030517578,126139.0
2024-12-04,122.75,126087.0
2024-12-05,124.51000213623047,127858.0
2024-12-06,122.45999908447266,125946.0
2024-12-09,123.76000213623047,127210.0
2024-12-10,124.77999877929688,128228.0
2024-12-11,126.61000061035156,129593.0
2024-12-12,122.72000122070312,126042.0
2024-12-13,121.62999725341797,124612.0
2024-12-16,120.22000122070312,123560.0
2024-12-17,121.5999984741211,124698.0
2024-12-18,118.19999694824219,120772.0
2024-12-19,117.9800033569336,121188.0
2024-12-20,119.05000305175781,122102.0
2024-12-23,117.69999694824219,120767.0
2024-12-26,117.95999908447266,121078.0
2024-12-27,117.26000213623047,120269.0
2024-12-30,117.2699966430664,120283.0
2025-01-02,117.0999984741211,120125.0
2025-01-03,115.44999694824219,118533.0
2025-01-06,117.06999969482422,120022.0
2025-01-07,118.1500015258789,121163.0
2025-01-08,116.66999816894531,119625.0
2025-01-09,116.81999969482422,119781.0
2025-01-10,115.95999908447266,118856.0
2025-01-13,116.0199966430664,119007.0
2025-01-14,116.45999908447266,119299.0
2025-01-15,119.56999969482422,122650.0
2025-01-16,118.33000183105469,121234.0
2025-01-17,119.25,122350.0
2025-01-20,119.80999755859375,122543.0
2025-01-21,120.30000305175781,123338.0
2025-01-22,119.91999816894531,122972.0
2025-01-23,119.31999969482422,122483.0
2025-01-24,119.44999694824219,122447.0
2025-01-27,121.87000274658203,124862.0
2025-01-28,121.02999877929688,124056.0
2025-01-29,120.16999816894531,123432.0
2025-01-30,123.94999694824219,126913.0
2025-01-31,123.0,126135.0
2025-02-03,122.63999938964844,125970.0
2025-02-04,121.91000366210938,125147.0
2025-02-05,122.37000274658203,125534.0
2025-02-06,123.16000366210938,126225.0
2025-02-07,121.4800033569336,124619.0
2025-02-10,122.55000305175781,125572.0
2025-02-11,123.44999694824219,126522.0
2025-02-12,121.25,124380.0
2025-02-13,121.68000030517578,124850.0
2025-02-14,124.87000274658203,128219.0
2025-02-17,125.25,128869.0
2025-02-18,125.30000305175781,128532.0
2025-02-19,124.01000213623047,127309.0
2025-02-20,124.47000122070312,127601.0
2025-02-21,123.94000244140625,127128.0
2025-02-24,122.48999786376953,125401.0
2025-02-25,122.83000183105469,125980.0
2025-02-26,121.81999969482422,124769.0
2025-02-27,121.75,124799.0
2025-02-28,120.01000213623047,122799.0
2025-03-05,120.05000305175781,123047.0
2025-03-06,120.4000015258789,123358.0
2025-03-07,121.94999694824219,125035.0
2025-03-10,121.30000305175781,124519.0
2025-03-11,120.55000305175781,123507.0
2025-03-12,120.73999786376953,123864.0
2025-03-13,122.51000213623047,125637.0
2025-03-14,125.75,128957.0
2025-03-17,127.76000213623047,130834.0
2025-03-18,128.25999450683594,131475.0
2025-03-19,129.60000610351562,132508.0
2025-03-20,128.85000610351562,131955.0
2025-03-21,128.97999572753906,132345.0
2025-03-24,128.19000244140625,131321.0
2025-03-25,129.0399932861328,132068.0
2025-03-26,129.24000549316406,132520.0
2025-03-27,129.77999877929688,133149.0
2025-03-28,128.69000244140625,131902.0
2025-03-31,127.30000305175781,130260.0
2025-04-01,128.0399932861328,131147.0
2025-04-02,128.89999389648438,131190.0
2025-04-03,128.10000610351562,131141.0
2025-04-04,124.12999725341797,127256.0
2025-04-07,122.7300033569336,125588.0
2025-04-08,121.04000091552734,123932.0
2025-04-09,124.55000305175781,127796.0
2025-04-10,123.41000366210938,126355.0
2025-04-11,124.72000122070312,127682.0
2025-04-14,126.41000366210938,129454.0
2025-04-15,126.19999694824219,129245.0
2025-04-16,125.27999877929688,128317.0
2025-04-17,126.52999877929688,129650.0
2025-04-22,127.33000183105469,130464.0
2025-04-23,129.0800018310547,132216.0
2025-04-24,131.3800048828125,134580.0
2025-04-25,131.49000549316406,134739.0
2025-04-28,131.64999389648438,135016.0
2025-04-29,131.86000061035156,135093.0
2025-04-30,131.6300048828125,135067.0
2025-05-02,131.85000610351562,135134.0
2025-05-05,130.33999633789062,133491.0
2025-05-06,130.3800048828125,133516.0
2025-05-07,130.2100067138672,133398.0
2025-05-08,133.0399932861328,136232.0
2025-05-09,133.24000549316406,136512.0
2025-05-12,133.38999938964844,136563.0
2025-05-13,135.61000061035156,138963.0
2025-05-14,135.30999755859375,138423.0
2025-05-15,136.07000732421875,139334.0
2025-05-16,136.11000061035156,139187.0
2025-05-19,136.4199981689453,139636.0
2025-05-20,136.83999633789062,140110.0
2025-05-21,134.58999633789062,137881.0
2025-05-22,134.0500030517578,137273.0
2025-05-23,134.47000122070312,137824.0
2025-05-26,135.00999450683594,138136.0
2025-05-27,136.4600067138672,139541.0
2025-05-28,135.7100067138672,138888.0
2025-05-29,135.36000061035156,138534.0
2025-05-30,133.99000549316406,137027.0
2025-06-02,133.60000610351562,136787.0
2025-06-03,134.39999389648438,137546.0
2025-06-04,133.80999755859375,137002.0
2025-06-05,133.25,136236.0
2025-06-06,133.05999755859375,136102.0
2025-06-09,132.72999572753906,135699.0
2025-06-10,133.35000610351562,136436.0
2025-06-11,133.97000122070312,137128.0
2025-06-12,134.66000366210938,137800.0
2025-06-13,133.99000549316406,137213.0
2025-06-16,136.07000732421875,139256.0
2025-06-17,135.3800048828125,138840.0
2025-06-18,135.4199981689453,138717.0
2025-06-20,133.89999389648438,137116.0
2025-06-23,133.47000122070312,136551.0
2025-06-24,134.07000732421875,137165.0
2025-06-25,132.5500030517578,135767.0
2025-06-26,133.9600067138672,137114.0
2025-06-27,133.7899932861328,136866.0
2025-06-30,135.85000610351562,138855.0
2025-07-01,136.52000427246094,139549.0
2025-07-02,135.91000366210938,139051.0
2025-07-03,137.9199981689453,140928.0
2025-07-04,138.1300048828125,141478.0
2025-07-07,136.4499969482422,139490.0
2025-07-08,136.14999389648438,139303.0
2025-07-09,134.11000061035156,137481.0
2025-07-10,133.61000061035156,136743.0
2025-07-11,133.5,136187.0
2025-07-14,132.08999633789062,135299.0
2025-07-15,132.3699951171875,135250.0
2025-07-16,132.39999389648438,135511.0
2025-07-17,132.47000122070312,135565.0
2025-07-18,130.3000030517578,133382.0
2025-07-21,131.1999969482422,134167.0
2025-07-22,131.14999389648438,134036.0
2025-07-23,132.38999938964844,135368.0
2025-07-24,130.77999877929688,133808.0
2025-07-25,130.4499969482422,133524.0
2025-07-28,129.25,132129.0
2025-07-29,129.5,132726.0
2025-07-30,130.92999267578125,133990.0
2025-07-31,129.8800048828125,133071.0
2025-08-01,129.57000732421875,132437.0
2025-08-04,130.0,132971.0
2025-08-05,130.16000366210938,133151.0
2025-08-06,131.49000549316406,134538.0
2025-08-07,133.52000427246094,136528.0
2025-08-08,132.91000366210938,135913.0
2025-08-11,132.5,135623.0
2025-08-12,135.10000610351562,137914.0
2025-08-13,133.66000366210938,136687.0
2025-08-14,133.36000061035156,136356.0
2025-08-15,133.55999755859375,136341.0
2025-08-18,134.3300018310547,137322.0
2025-08-19,131.1699981689453,134432.0
2025-08-20,131.8000030517578,134667.0
2025-08-21,131.6300048828125,134511.0
2025-08-22,135.14999389648438,137968.0
2025-08-25,135.11000061035156,138025.0
2025-08-26,134.94000244140625,137771.0
2025-08-27,136.1999969482422,139206.0
2025-08-28,138.30999755859375,141049.0
2025-08-29,138.5,141422.0
2025-09-01,138.2899932861328,141125.0
2025-09-02,137.3699951171875,140335.0
2025-09-03,136.8699951171875,139864.0
2025-09-04,138.00999450683594,140993.0
2025-09-05,139.64999389648438,142640.0
2025-09-08,138.8000030517578,141792.0
2025-09-09,138.60000610351562,141618.0
2025-09-10,139.16000366210938,142349.0
2025-09-11,139.9600067138672,143151.0
2025-09-12,139.2100067138672,142272.0
2025-09-15,140.4499969482422,143547.0
2025-09-16,141.11000061035156,144062.0
2025-09-17,142.60000610351562,145594.0
2025-09-18,142.52999877929688,145500.0
2025-09-19,142.7899932861328,145865.0
2025-09-22,141.99000549316406,145109.0
2025-09-23,143.3300018310547,146425.0
2025-09-24,143.4199981689453,146492.0
2025-09-25,142.27999877929688,145306.0
2025-09-26,142.44000244140625,145447.0
2025-09-29,143.4499969482422,146337.0
2025-09-30,143.24000549316406,146237.0
2025-10-01,142.52000427246094,145517.0
2025-10-02,140.99000549316406,143950.0
2025-10-03,141.22000122070312,144201.0
2025-10-06,140.6699981689453,143608.0
2025-10-07,138.4499969482422,141356.0
2025-10-08,139.1999969482422,142145.0
2025-10-09,138.75,141708.0
2025-10-10,137.80999755859375,140680.0
2025-10-13,138.75,141783.0
2025-10-14,138.74000549316406,141683.0
2025-10-15,139.49000549316406,142604.0
2025-10-16,139.16000366210938,142200.0
2025-10-17,140.39999389648438,143399.0
2025-10-20,141.27000427246094,144509.0
2025-10-21,141.4499969482422,144085.0
2025-10-22,141.8800048828125,144873.0
2025-10-23,142.67999267578125,145721.0
2025-10-24,,146172.0
2025-10-27,144.0,146969.0
2025-10-28,144.32000732421875,147429.0
2025-10-29,145.3000030517578,148633.0
2025-10-30,145.6999969482422,148780.0
2025-10-31,146.41000366210938,149540.0
2025-11-03,147.3699951171875,150454.0
2025-11-04,147.52999877929688,150704.0
2025-11-05,150.3800048828125,153294.0
2025-11-06,150.10000610351562,153339.0
2025-11-07,150.8000030517578,154064.0
2025-11-10,152.25,155257.0
2025-11-11,154.8000030517578,157749.0
2025-11-12,154.44000244140625,157633.0
2025-11-13,154.10000610351562,157162.0
2025-11-14,154.33999633789062,157739.0
2025-11-17,153.7899932861328,156993.0
2025-11-18,153.52999877929688,156522.0
2025-11-19,152.0,155381.0
2025-11-21,151.9499969482422,154770.0
2025-11-24,152.35000610351562,155278.0
2025-11-25,152.97000122070312,155910.0
2025-11-26,155.74000549316406,158555.0
2025-11-27,155.32000732421875,158292.0
2025-11-28,155.85000610351562,159072.0
2025-12-01,155.5,158611.0
2025-12-02,157.97000122070312,161092.0
2025-12-03,158.39999389648438,161755.0
2025-12-04,161.2899932861328,164456.0
2025-12-05,154.17999267578125,157369.0
2025-12-08,155.25,158187.0
2025-12-09,154.5500030517578,157981.0
2025-12-10,156.0,159075.0
2025-12-11,156.19000244140625,159189.0
2025-12-12,157.5,160766.0
2025-12-15,159.3699951171875,162482.0
2025-12-16,155.16000366210938,158578.0
2025-12-17,154.35000610351562,157327.0
2025-12-18,154.86000061035156,157923.0
2025-12-19,155.3000030517578,158473.0
2025-12-22,155.07000732421875,158142.0
2025-12-23,157.42999267578125,160456.0
2025-12-26,157.82000732421875,160897.0
2025-12-29,157.41000366210938,160490.0
2025-12-30,158.0,161125.0
2026-01-02,157.36000061035156,160539.0
2026-01-05,158.52000427246094,161870.0
2026-01-06,160.1999969482422,163664.0
2026-01-07,158.8000030517578,161975.0
2026-01-08,159.60000610351562,162937.0
2026-01-09,160.10000610351562,163370.0
2026-01-12,160.14999389648438,163150.0
2026-01-13,159.07000732421875,161973.0
2026-01-14,162.24000549316406,165146.0
2026-01-15,162.5500030517578,165568.0
2026-01-16,161.57000732421875,164800.0
2026-01-19,161.94000244140625,164849.0
2026-01-20,162.9199981689453,166277.0
2026-01-21,168.9499969482422,171817.0
2026-01-22,172.74000549316406,175589.0
2026-01-23,175.6999969482422,178859.0
2026-01-26,175.3000030517578,178721.0
2026-01-27,178.22999572753906,181919.0
2026-01-28,181.39999389648438,184691.0
2026-01-29,179.64999389648438,183134.0
2026-01-30,178.1999969482422,181364.0
2026-02-02,179.1999969482422,182793.0
2026-02-03,182.19000244140625,185674.0
2026-02-04,178.1999969482422,181708.0
2026-02-05,178.64999389648438,182127.0
2026-02-06,179.24000549316406,182950.0
2026-02-09,182.7899932861328,186241.0
2026-02-10,182.39999389648438,185929.0
2026-02-11,185.99000549316406,189699.0
2026-02-12,184.27999877929688,187766.0
2026-02-13,182.97999572753906,186464.0
2026-02-18,182.42999267578125,186016.0
2026-02-19,184.99000549316406,188534.0
2026-02-20,186.69000244140625,190534.0
2026-02-23,185.1699981689453,188854.0
2026-02-24,187.77999877929688,191490.0
2026-02-25,187.4600067138672,191248.0
2026-02-26,187.35000610351562,191005.0
2026-02-27,185.16000366210938,188787.0
2026-03-02,185.5,189307.0
2026-03-03,179.3000030517578,183105.0
2026-03-04,181.60000610351562,185366.0
2026-03-05,176.75,180464.0
2026-03-06,175.88999938964844,179365.0
2026-03-09,177.25999450683594,180915.0
2026-03-10,179.75,183447.0
2026-03-11,180.2100067138672,183969.0
2026-03-12,175.85000610351562,179285.0
2026-03-13,174.5500030517578,177653.0
2026-03-16,176.5500030517578,179875.0
2026-03-17,176.8300018310547,180410.0
2026-03-18,175.8000030517578,179640.0
2026-03-19,177.5,180271.0
2026-03-20,172.3000030517578,176219.0
2026-03-23,178.89999389648438,181932.0
2026-03-24,179.19000244140625,182509.0
2026-03-25,182.1999969482422,185424.0
2026-03-26,179.4499969482422,182733.0
2026-03-27,177.74000549316406,181557.0
2026-03-30,179.0,182514.0
2026-03-31,184.27999877929688,187462.0
2026-04-01,184.17999267578125,187953.0
2026-04-02,184.3699951171875,188052.0
2026-04-06,184.55999755859375,188162.0
2026-04-07,185.0,188259.0
2026-04-08,189.0,192201.0
2026-04-09,191.6999969482422,195129.0
2026-04-10,193.83999633789062,197324.0
2026-04-13,194.3000030517578,198001.0
2026-04-14,195.16000366210938,198657.0
2026-04-15,193.86000061035156,197738.0
2026-04-16,193.0500030517578,196819.0
2026-04-17,192.10000610351562,195734.0
2026-04-20,192.63999938964844,196132.0
2026-04-22,189.3300018310547,192889.0
2026-04-23,187.8699951171875,191378.0
2026-04-24,187.00999450683594,190745.0
2026-04-27,186.05999755859375,189579.0
2026-04-28,185.16000366210938,188619.0
2026-04-29,181.02999877929688,184750.0
2026-04-30,184.08999633789062,187318.0
2026-05-04,181.75999450683594,185600.0
2026-05-05,183.27000427246094,186754.0
2026-05-06,184.25,187691.0
2026-05-07,179.6999969482422,183218.0
2026-05-08,180.92999267578125,184108.0
2026-05-11,178.58999633789062,181909.0
2026-05-12,177.19000244140625,180342.0
2026-05-13,173.7899932861328,177098.0
2026-05-14,175.16000366210938,178366.0
2026-05-15,173.8800048828125,177284.0
2026-05-18,174.0,176976.0
2026-05-19,170.8699951171875,174279.0
2026-05-20,173.9499969482422,177356.0
2026-05-21,174.1699981689453,177650.0
2026-05-22,173.3000030517578,176210.0
2026-05-25,174.47999572753906,177359.0
2026-05-26,173.2899932861328,176589.0
2026-05-27,172.5399932861328,175744.0
2026-05-28,171.6999969482422,175063.0
2026-05-29,170.75,173788.0
2026-06-01,169.1199951171875,172198.0
2026-06-02,171.42999267578125,174198.0
2026-06-03,167.27999877929688,170331.0
2026-06-05,165.75,169019.0
2026-06-08,165.5,168669.0
2026-06-09,166.4199981689453,169813.0
2026-06-10,165.82000732421875,168619.0
2026-06-11,168.6999969482422,171497.0
2026-06-12,167.9199981689453,171133.0
2026-06-15,167.58999633789062,170415.0
2026-06-16,166.35000610351562,169649.0
2026-06-17,165.13999938964844,168454.0
2026-06-18,165.3800048828125,168278.0
2026-06-19,165.1300048828125,168576.0
2026-06-22,167.1199951171875,170370.0
2026-06-23,168.2100067138672,171259.0
2026-06-24,167.61000061035156,170507.0
2026-06-25,169.0,171990.0
2026-06-26,170.22000122070312,173295.0
2026-06-29,170.2100067138672,173205.0
2026-06-30,169.0500030517578,172024.0
2026-07-01,168.8000030517578,171689.0
2026-07-02,169.89999389648438,172788.0
2026-07-03,171.11000061035156,174266.0
2026-07-06,169.25,172448.0
2026-07-07,169.02999877929688,172021.0
2026-07-08,167.55999755859375,170654.0
2026-07-09,169.8000030517578,172742.0
2026-07-10,175.00999450683594,177866.0
2026-07-13,172.25,175739.0
2026-07-14,173.60000610351562,176641.0
2026-07-15,172.75999450683594,176011.0
2026-07-16,170.77000427246094,173825.0
2026-07-17,170.6300048828125,173714.0
2026-07-20,170.3000030517578,173371.0
2026-07-21,170.33999633789062,173326.0
2026-07-22,174.6999969482422,177548.0
2026-07-23,173.4499969482422,176724.0
2026-07-24,170.9499969482422,174042.0
2026-07-27,172.75,175335.0
2026-07-28,173.74000549316406,176565.0
2026-07-29,170.5500030517578,173885.0
2026-07-30,174.30999755859375,177159.0
2026-07-31,175.02000427246094,177999.0
2026-08-03,174.89999389648438,178000.0
2026-08-04,174.85000610351562,177895.0
2026-08-05,174.6999969482422,177726.0
