data,cdi_dia_pct,fator,cdi_acumulado
2011-01-03,0.040132,1.00040132,1.00040132
2011-01-04,0.040132,1.00040132,1.0008028010577423
2011-01-05,0.040132,1.00040132,1.0012044432378628
2011-01-06,0.040132,1.00040132,1.001606246605023
2011-01-07,0.040132,1.00040132,1.0020082112239106
2011-01-10,0.040132,1.00040132,1.002410337159239
2011-01-11,0.040132,1.00040132,1.0028126244757476
2011-01-12,0.040132,1.00040132,1.0032150732382021
2011-01-13,0.040132,1.00040132,1.003617683511394
2011-01-14,0.040132,1.00040132,1.0040204553601406
2011-01-17,0.040132,1.00040132,1.0044233888492857
2011-01-18,0.040132,1.00040132,1.0048264840436987
2011-01-19,0.040132,1.00040132,1.0052297410082751
2011-01-20,0.041922,1.00041922,1.0056511534203005
2011-01-21,0.041922,1.00041922,1.0060727424968374
2011-01-24,0.041922,1.00041922,1.006494508311947
2011-01-25,0.041922,1.00041922,1.0069164509397215
2011-01-26,0.041922,1.00041922,1.0073385704542843
2011-01-27,0.041922,1.00041922,1.0077608669297902
2011-01-28,0.041922,1.00041922,1.0081833404404243
2011-01-31,0.041922,1.00041922,1.0086059910604037
2011-02-01,0.041922,1.00041922,1.009028818863976
2011-02-02,0.041922,1.00041922,1.00945182392542
2011-02-03,0.041922,1.00041922,1.009875006319046
2011-02-04,0.041922,1.00041922,1.010298366119195
2011-02-07,0.041922,1.00041922,1.0107219034002395
2011-02-08,0.041922,1.00041922,1.0111456182365828
2011-02-09,0.041922,1.00041922,1.0115695107026599
2011-02-10,0.041957,1.00041957,1.0119939349222655
2011-02-11,0.041922,1.00041922,1.0124181830196637
2011-02-14,0.041957,1.00041957,1.0128429633167133
2011-02-15,0.041957,1.00041957,1.013267921838832
2011-02-16,0.041957,1.00041957,1.013693058660798
2011-02-17,0.041957,1.00041957,1.0141183738574202
2011-02-18,0.041993,1.00041993,1.0145442325861542
2011-02-21,0.041993,1.00041993,1.0149702701457441
2011-02-22,0.041993,1.00041993,1.0153964866112866
2011-02-23,0.041993,1.00041993,1.0158228820579094
2011-02-24,0.041993,1.00041993,1.016249456560772
2011-02-25,0.041993,1.00041993,1.0166762101950657
2011-02-28,0.041957,1.00041957,1.0171027770325773
2011-03-01,0.041993,1.00041993,1.0175298890017368
2011-03-02,0.041993,1.00041993,1.0179571803280254
2011-03-03,0.043704,1.00043704,1.018402068334116
2011-03-04,0.043704,1.00043704,1.0188471507740606
2011-03-09,0.043704,1.00043704,1.019292427732835
2011-03-10,0.043704,1.00043704,1.0197378992954513
2011-03-11,0.043704,1.00043704,1.0201835655469593
2011-03-14,0.043704,1.00043704,1.020629426572446
2011-03-15,0.043739,1.00043739,1.0210758396773347
2011-03-16,0.043739,1.00043739,1.0215224480388514
2011-03-17,0.043704,1.00043704,1.0219688942095424
2011-03-18,0.043739,1.00043739,1.022415893184181
2011-03-21,0.043704,1.00043704,1.0228627298261381
2011-03-22,0.043704,1.00043704,1.0233097617535813
2011-03-23,0.043739,1.00043739,1.0237573472102748
2011-03-24,0.043739,1.00043739,1.0242051284363711
2011-03-25,0.043739,1.00043739,1.024653105517498
2011-03-28,0.043775,1.00043775,1.0251016474144383
2011-03-29,0.043775,1.00043775,1.0255503856605939
2011-03-30,0.043775,1.00043775,1.0259993203419167
2011-03-31,0.043775,1.00043775,1.0264484515443961
2011-04-01,0.04381,1.0004381,1.0268981386110176
2011-04-04,0.043775,1.00043775,1.0273476632711944
2011-04-05,0.043739,1.00043739,1.0277970148656328
2011-04-06,0.043704,1.00043704,1.0282462032730098
2011-04-07,0.043739,1.00043739,1.0286959478798594
2011-04-08,0.043704,1.00043704,1.029145529156921
2011-04-11,0.043704,1.00043704,1.0295953069189836
2011-04-12,0.043668,1.00043668,1.030044910597609
2011-04-13,0.043739,1.00043739,1.0304954419410555
2011-04-14,0.043775,1.00043775,1.030946541320765
2011-04-15,0.043775,1.00043775,1.0313978381692281
2011-04-18,0.043881,1.00043881,1.031850425854595
2011-04-19,0.043775,1.00043775,1.0323021183785128
2011-04-20,0.043704,1.00043704,1.032753275696329
2011-04-25,0.044556,1.00044556,1.0332134292458481
2011-04-26,0.044592,1.00044592,1.0336741597782175
2011-04-27,0.044592,1.00044592,1.0341350957595459
2011-04-28,0.044592,1.00044592,1.034596237281447
2011-04-29,0.044663,1.00044663,1.035058318998904
2011-05-02,0.044627,1.00044627,1.0355202344749237
2011-05-03,0.044627,1.00044627,1.0359823560899628
2011-05-04,0.044627,1.00044627,1.036444683936015
2011-05-05,0.044627,1.00044627,1.0369072181051153
2011-05-06,0.044627,1.00044627,1.0373699586893392
2011-05-09,0.044592,1.00044592,1.037832542701318
2011-05-10,0.044592,1.00044592,1.0382953329887594
2011-05-11,0.044556,1.00044556,1.0387579558573259
2011-05-12,0.044521,1.00044521,1.0392204212868532
2011-05-13,0.044521,1.00044521,1.0396830926106144
2011-05-16,0.044485,1.00044485,1.0401455956343624
2011-05-17,0.044556,1.00044556,1.0406090429059531
2011-05-18,0.044556,1.00044556,1.0410726966711104
2011-05-19,0.044556,1.00044556,1.0415365570218391
2011-05-20,0.044627,1.00044627,1.0420013635411414
2011-05-23,0.044627,1.00044627,1.042466377489649
2011-05-24,0.044592,1.00044592,1.0429312340966992
2011-05-25,0.044592,1.00044592,1.0433962979926075
2011-05-26,0.044556,1.00044556,1.043861193647141
2011-05-27,0.044592,1.00044592,1.044326672230612
2011-05-30,0.044556,1.00044556,1.044791982422691
2011-05-31,0.04445,1.0004445,1.0452563924588778
2011-06-01,0.044663,1.00044663,1.0457232353214416
2011-06-02,0.044592,1.00044592,1.046189544226536
2011-06-03,0.044592,1.00044592,1.0466560610680975
2011-06-06,0.044663,1.00044663,1.0471235290646523
2011-06-07,0.044592,1.00044592,1.0475904623887329
2011-06-08,0.044556,1.00044556,1.0480572267951547
2011-06-09,0.04523,1.0004523,1.0485312630788342
2011-06-10,0.045301,1.00045301,1.0490062582263215
2011-06-13,0.04523,1.0004523,1.0494807237569175
2011-06-14,0.045194,1.00045194,1.0499550260752122
2011-06-15,0.045442,1.00045442,1.0504321466381614
2011-06-16,0.045442,1.00045442,1.0509094840142368
2011-06-17,0.045442,1.00045442,1.0513870383019626
2011-06-20,0.045407,1.00045407,1.0518644416144443
2011-06-21,0.045478,1.00045478,1.0523428085252018
2011-06-22,0.045442,1.00045442,1.0528210141442518
2011-06-24,0.045407,1.00045407,1.0532990685821442
2011-06-27,0.045407,1.00045407,1.0537773400902153
2011-06-28,0.045372,1.00045372,1.0542554599449612
2011-06-29,0.045407,1.00045407,1.0547341657216585
2011-06-30,0.045513,1.00045513,1.0552142068825032
2011-07-01,0.045513,1.00045513,1.0556944665244816
2011-07-04,0.045513,1.00045513,1.0561749447470308
2011-07-05,0.045549,1.00045549,1.0566560218726135
2011-07-06,0.045513,1.00045513,1.0571369377278483
2011-07-07,0.045513,1.00045513,1.0576180724623163
2011-07-08,0.045513,1.00045513,1.058099426175636
2011-07-11,0.045513,1.00045513,1.0585809989674713
2011-07-12,0.045513,1.00045513,1.0590627909375312
2011-07-13,0.045549,1.00045549,1.0595451834481753
2011-07-14,0.045549,1.00045549,1.060027795683784
2011-07-15,0.045549,1.00045549,1.06051062774444
2011-07-18,0.045549,1.00045549,1.0609936797302715
2011-07-19,0.045513,1.00045513,1.0614765697837272
2011-07-20,0.045513,1.00045513,1.0619596796149329
2011-07-21,0.046397,1.00046397,1.0624523970474837
2011-07-22,0.046397,1.00046397,1.0629453430861417
2011-07-25,0.046432,1.00046432,1.0634388898678435
2011-07-26,0.046397,1.00046397,1.0639322936095754
2011-07-27,0.046397,1.00046397,1.0644259262758415
2011-07-28,0.046397,1.00046397,1.0649197879728558
2011-07-29,0.046397,1.00046397,1.0654138788068817
2011-08-01,0.046432,1.00046432,1.0659085717790893
2011-08-02,0.046397,1.00046397,1.0664031213791376
2011-08-03,0.046397,1.00046397,1.0668979004353638
2011-08-04,0.046397,1.00046397,1.0673929090542287
2011-08-05,0.046397,1.00046397,1.0678881473422426
2011-08-08,0.046397,1.00046397,1.068383615405965
2011-08-09,0.046397,1.00046397,1.068879313352005
2011-08-10,0.046397,1.00046397,1.0693752412870208
2011-08-11,0.046397,1.00046397,1.0698713993177207
2011-08-12,0.046397,1.00046397,1.0703677875508621
2011-08-15,0.046397,1.00046397,1.0708644060932522
2011-08-16,0.046397,1.00046397,1.0713612550517473
2011-08-17,0.046397,1.00046397,1.0718583345332535
2011-08-18,0.046362,1.00046362,1.07235526949431
2011-08-19,0.046397,1.00046397,1.0728528101686972
2011-08-22,0.046362,1.00046362,1.0733502061885476
2011-08-23,0.046397,1.00046397,1.0738482084837129
2011-08-24,0.046397,1.00046397,1.074346441837003
2011-08-25,0.046362,1.00046362,1.0748445303343677
2011-08-26,0.046362,1.00046362,1.0753428497555213
2011-08-29,0.046362,1.00046362,1.0758414002075252
2011-08-30,0.046362,1.00046362,1.0763401817974896
2011-08-31,0.046362,1.00046362,1.0768391946325746
2011-09-01,0.044556,1.00044556,1.077318991104135
2011-09-02,0.044556,1.00044556,1.0777990013538112
2011-09-05,0.044556,1.00044556,1.0782792254768543
2011-09-06,0.044556,1.00044556,1.0787596635685577
2011-09-08,0.044556,1.00044556,1.0792403157242572
2011-09-09,0.044556,1.00044556,1.0797211820393313
2011-09-12,0.044556,1.00044556,1.0802022626092007
2011-09-13,0.044556,1.00044556,1.0806835575293288
2011-09-14,0.044556,1.00044556,1.0811650668952215
2011-09-15,0.044556,1.00044556,1.0816467908024272
2011-09-16,0.044556,1.00044556,1.0821287293465371
2011-09-19,0.044521,1.00044521,1.0826105038781295
2011-09-20,0.044521,1.00044521,1.0830924929005612
2011-09-21,0.044556,1.00044556,1.083575075591698
2011-09-22,0.044556,1.00044556,1.0840578733023785
2011-09-23,0.044556,1.00044556,1.084540886128407
2011-09-26,0.044556,1.00044556,1.0850241141656303
2011-09-27,0.044556,1.00044556,1.0855075575099378
2011-09-28,0.044556,1.00044556,1.0859912162572618
2011-09-29,0.044556,1.00044556,1.0864750905035774
2011-09-30,0.044556,1.00044556,1.0869591803449021
2011-10-03,0.044592,1.00044592,1.0874438771826016
2011-10-04,0.044556,1.00044556,1.0879283986765191
2011-10-05,0.044556,1.00044556,1.0884131360538334
2011-10-06,0.044556,1.00044556,1.0888980894107334
2011-10-07,0.044556,1.00044556,1.089383258843451
2011-10-10,0.044556,1.00044556,1.0898686444482613
2011-10-11,0.044556,1.00044556,1.0903542463214815
2011-10-13,0.044521,1.00044521,1.0908396829354863
2011-10-14,0.044521,1.00044521,1.091325335670726
2011-10-17,0.044521,1.00044521,1.09181120462342
2011-10-18,0.044521,1.00044521,1.0922972898898307
2011-10-19,0.044556,1.00044556,1.092783973870314
2011-10-20,0.042814,1.00042814,1.0932518384008867
2011-10-21,0.042814,1.00042814,1.0937199032429796
2011-10-24,0.042814,1.00042814,1.094188168482354
2011-10-25,0.042814,1.00042814,1.0946566342048079
2011-10-26,0.042814,1.00042814,1.0951253004961763
2011-10-27,0.042814,1.00042814,1.0955941674423306
2011-10-28,0.042814,1.00042814,1.0960632351291792
2011-10-31,0.042814,1.00042814,1.0965325036426674
2011-11-01,0.042814,1.00042814,1.0970019730687768
2011-11-03,0.042849,1.00042849,1.0974720274442171
2011-11-04,0.042814,1.00042814,1.097941899118047
2011-11-07,0.042921,1.00042921,1.0984131467605676
2011-11-08,0.042814,1.00042814,1.0988834213652214
2011-11-09,0.042778,1.00042778,1.0993535017152132
2011-11-10,0.042742,1.00042742,1.0998233873889163
2011-11-11,0.042742,1.00042742,1.100293473901154
2011-11-14,0.042671,1.00042671,1.1007629801294023
2011-11-16,0.042707,1.00042707,1.101233082975326
2011-11-17,0.042707,1.00042707,1.1017033865880723
2011-11-18,0.042742,1.00042742,1.102174276649568
2011-11-21,0.042778,1.00042778,1.1026457647616332
2011-11-22,0.042778,1.00042778,1.1031174545668831
2011-11-23,0.042778,1.00042778,1.103589346151598
2011-11-24,0.042778,1.00042778,1.104061439602095
2011-11-25,0.042707,1.00042707,1.1045329511211057
2011-11-28,0.042671,1.00042671,1.1050042663766786
2011-11-29,0.042635,1.00042635,1.1054753849456482
2011-11-30,0.042707,1.00042707,1.105947500318297
2011-12-01,0.040956,1.00040956,1.1064004521765274
2011-12-02,0.040992,1.00040992,1.1068539878498838
2011-12-05,0.041028,1.00041028,1.107308107904019
2011-12-06,0.040992,1.00040992,1.1077620156436112
2011-12-07,0.040956,1.00040956,1.1082157106547383
2011-12-08,0.040884,1.00040884,1.1086687935658823
2011-12-09,0.040813,1.00040813,1.1091212745606005
2011-12-12,0.040777,1.00040777,1.109573540942728
2011-12-13,0.040813,1.00040813,1.1100263911919932
2011-12-14,0.04092,1.0004092,1.110480613991269
2011-12-15,0.040956,1.00040956,1.1109354224315353
2011-12-16,0.040992,1.00040992,1.1113908170798985
2011-12-19,0.041028,1.00041028,1.11184679850433
2011-12-20,0.041063,1.00041063,1.1123033561551998
2011-12-21,0.041028,1.00041028,1.1127597119761632
2011-12-22,0.040992,1.00040992,1.1132158544372965
2011-12-23,0.040992,1.00040992,1.1136721838803476
2011-12-26,0.040884,1.00040884,1.1141274976160052
2011-12-27,0.04092,1.0004092,1.1145833985880296
2011-12-28,0.040884,1.00040884,1.1150390848647083
2011-12-29,0.040956,1.00040956,1.1154957602723055
2011-12-30,0.040956,1.00040956,1.1159526227158827
2012-01-02,0.041028,1.00041028,1.1164104757579307
2012-01-03,0.040992,1.00040992,1.1168681147401536
2012-01-04,0.040992,1.00040992,1.1173259413177479
2012-01-05,0.040884,1.00040884,1.1177827488555963
2012-01-06,0.04092,1.0004092,1.118240145556428
2012-01-09,0.040777,1.00040777,1.1186961303405816
2012-01-10,0.040813,1.00040813,1.1191527037922575
2012-01-11,0.040777,1.00040777,1.1196090606902829
2012-01-12,0.040741,1.00040741,1.1200652006176988
2012-01-13,0.040777,1.00040777,1.1205219296045548
2012-01-16,0.040777,1.00040777,1.1209788448317897
2012-01-17,0.040741,1.00040741,1.1214355428229625
2012-01-18,0.040705,1.00040705,1.1218920231606686
2012-01-19,0.038946,1.00038946,1.122328955228009
2012-01-20,0.038982,1.00038982,1.122766461501336
2012-01-23,0.038982,1.00038982,1.1232041383233584
2012-01-24,0.039018,1.00039018,1.1236423901140493
2012-01-25,0.039018,1.00039018,1.1240808129018238
2012-01-26,0.038946,1.00038946,1.1245185974152165
2012-01-27,0.03891,1.0003891,1.124956147601471
2012-01-30,0.03891,1.0003891,1.1253938680385027
2012-01-31,0.038946,1.00038946,1.1258321639343492
2012-02-01,0.03891,1.0003891,1.126270225229336
2012-02-02,0.03891,1.0003891,1.1267084569739727
2012-02-03,0.038982,1.00038982,1.1271476704646703
2012-02-06,0.03891,1.0003891,1.1275862436232482
2012-02-07,0.03891,1.0003891,1.128024987430642
2012-02-08,0.038874,1.00038874,1.1284634958642559
2012-02-09,0.03891,1.0003891,1.1289025810104967
2012-02-10,0.03891,1.0003891,1.1293418370047679
2012-02-13,0.038838,1.00038838,1.1297804507874238
2012-02-14,0.038874,1.00038874,1.1302196416398629
2012-02-15,0.038874,1.00038874,1.1306590032233539
2012-02-16,0.038838,1.00038838,1.1310981285670256
2012-02-17,0.038982,1.00038982,1.1315390532395038
2012-02-22,0.038874,1.00038874,1.1319789277310601
2012-02-23,0.038874,1.00038874,1.1324189732194263
2012-02-24,0.038946,1.00038946,1.1328600051127364
2012-02-27,0.038946,1.00038946,1.1333012087703278
2012-02-28,0.038838,1.00038838,1.13374136029379
2012-02-29,0.038802,1.00038802,1.134181274616411
2012-03-01,0.038802,1.00038802,1.1346213596345875
2012-03-02,0.038766,1.00038766,1.1350612069508634
2012-03-05,0.038766,1.00038766,1.1355012247783498
2012-03-06,0.03873,1.0003873,1.1359410044027065
2012-03-07,0.038622,1.00038622,1.136379727537427
2012-03-08,0.036129,1.00036129,1.136790290169189
2012-03-09,0.036056,1.00036056,1.1372001712762125
2012-03-12,0.035948,1.00035948,1.137608971993783
2012-03-13,0.035875,1.00035875,1.1380170892124857
2012-03-14,0.035839,1.00035839,1.1384249431570885
2012-03-15,0.035839,1.00035839,1.1388329432724664
2012-03-16,0.035984,1.00035984,1.1392427409187735
2012-03-19,0.035948,1.00035948,1.139652275899279
2012-03-20,0.035948,1.00035948,1.1400619580994193
2012-03-21,0.035948,1.00035948,1.1404717875721169
2012-03-22,0.035948,1.00035948,1.1408817643703133
2012-03-23,0.036093,1.00036093,1.1412935428255275
2012-03-26,0.035984,1.00035984,1.1417042258939778
2012-03-27,0.035984,1.00035984,1.1421150567426235
2012-03-28,0.035948,1.00035948,1.1425256242632214
2012-03-29,0.035948,1.00035948,1.1429363393746315
2012-03-30,0.036093,1.00036093,1.143348859387602
2012-04-02,0.03602,1.0003602,1.1437606936467535
2012-04-03,0.03602,1.0003602,1.144172676248605
2012-04-04,0.036129,1.00036129,1.144586054394807
2012-04-05,0.036093,1.00036093,1.1449991698394197
2012-04-09,0.03602,1.0003602,1.1454115985403959
2012-04-10,0.036093,1.00036093,1.145825011948657
2012-04-11,0.035984,1.00035984,1.1462373256209566
2012-04-12,0.035948,1.00035948,1.1466493750147708
2012-04-13,0.035948,1.00035948,1.1470615725321012
2012-04-16,0.035911,1.00035911,1.1474734938134132
2012-04-17,0.035875,1.00035875,1.1478851499293188
2012-04-18,0.035911,1.00035911,1.1482973669655099
2012-04-19,0.033182,1.00033182,1.1486783949978163
2012-04-20,0.033219,1.00033219,1.1490599744738506
2012-04-23,0.033365,1.00033365,1.1494433583343338
2012-04-24,0.033182,1.00033182,1.1498247666294963
2012-04-25,0.033182,1.00033182,1.1502063014835593
2012-04-26,0.033182,1.00033182,1.1505879629385176
2012-04-27,0.033219,1.00033219,1.1509701767539262
2012-04-30,0.033109,1.00033109,1.1513512514697477
2012-05-02,0.033328,1.00033328,1.1517349738148375
2012-05-03,0.033328,1.00033328,1.1521188240469105
2012-05-04,0.033146,1.00033146,1.152500705352329
2012-05-07,0.033146,1.00033146,1.152882713236125
2012-05-08,0.033073,1.00033073,1.1532640061358734
2012-05-09,0.033073,1.00033073,1.1536454251406227
2012-05-10,0.033036,1.00033036,1.1540265434432722
2012-05-11,0.033036,1.00033036,1.1544077876521641
2012-05-14,0.032854,1.00032854,1.1547870567867193
2012-05-15,0.033182,1.00033182,1.1551702382279023
2012-05-16,0.033219,1.00033219,1.1555539742293393
2012-05-17,0.033255,1.00033255,1.1559382537034693
2012-05-18,0.033328,1.00033328,1.1563235048046636
2012-05-21,0.033219,1.00033219,1.1567076239097247
2012-05-22,0.033365,1.00033365,1.1570935594084422
2012-05-23,0.033401,1.00033401,1.1574800402282202
2012-05-24,0.033401,1.00033401,1.1578666501364567
2012-05-25,0.033438,1.00033438,1.1582538175869292
2012-05-28,0.033401,1.00033401,1.1586406859445415
2012-05-29,0.033438,1.00033438,1.1590281122171076
2012-05-30,0.033511,1.00033511,1.1594165141277926
2012-05-31,0.031756,1.00031756,1.159784698436019
2012-06-01,0.031792,1.00031792,1.1601534171873458
2012-06-04,0.031829,1.00031829,1.1605226824185024
2012-06-05,0.031866,1.00031866,1.160892494576482
2012-06-06,0.031719,1.00031719,1.1612607180668368
2012-06-08,0.031866,1.00031866,1.161630765407256
2012-06-11,0.031719,1.00031719,1.1619992230697356
2012-06-12,0.031792,1.00031792,1.162368645862734
2012-06-13,0.031829,1.00031829,1.1627386161790259
2012-06-14,0.031792,1.00031792,1.1631082740398815
2012-06-15,0.031719,1.00031719,1.1634772003533242
2012-06-18,0.031829,1.00031829,1.1638475235114247
2012-06-19,0.031719,1.00031719,1.1642166843074073
2012-06-20,0.031902,1.00031902,1.164588092714035
2012-06-21,0.031939,1.00031939,1.164960050504967
2012-06-22,0.031866,1.00031866,1.165331276674661
2012-06-25,0.031939,1.00031939,1.1657034718311183
2012-06-26,0.031829,1.00031829,1.1660745035891675
2012-06-27,0.031902,1.00031902,1.1664465046773027
2012-06-28,0.031866,1.00031866,1.1668182045204831
2012-06-29,0.031939,1.00031939,1.167190874586825
2012-07-02,0.031866,1.00031866,1.1675628116309207
2012-07-03,0.031866,1.00031866,1.167934867196475
2012-07-04,0.031902,1.00031902,1.1683074617778082
2012-07-05,0.031866,1.00031866,1.1686797546335783
2012-07-06,0.031792,1.00031792,1.1690513013011716
2012-07-09,0.031866,1.00031866,1.1694238311888443
2012-07-10,0.031719,1.00031719,1.1697947607338592
2012-07-11,0.031646,1.00031646,1.1701649539838412
2012-07-12,0.029993,1.00029993,1.1705159215584895
2012-07-13,0.029919,1.00029919,1.1708661282170605
2012-07-16,0.029993,1.00029993,1.1712173060948965
2012-07-17,0.029883,1.00029883,1.1715673009624767
2012-07-18,0.029809,1.00029809,1.1719165334592208
2012-07-19,0.029919,1.00029919,1.1722671591668665
2012-07-20,0.029956,1.00029956,1.1726183235170666
2012-07-23,0.029956,1.00029956,1.1729695930620594
2012-07-24,0.029883,1.00029883,1.173320111565554
2012-07-25,0.029956,1.00029956,1.1736715913381746
2012-07-26,0.029846,1.00029846,1.1740218853613253
2012-07-27,0.029772,1.00029772,1.1743714151570352
2012-07-30,0.029919,1.00029919,1.174722775340736
2012-07-31,0.029919,1.00029919,1.1750742406478902
2012-08-01,0.029919,1.00029919,1.1754258111099496
2012-08-02,0.029883,1.00029883,1.1757770636050835
2012-08-03,0.029919,1.00029919,1.1761288443447435
2012-08-06,0.029883,1.00029883,1.176480306927299
2012-08-07,0.029883,1.00029883,1.1768318745374182
2012-08-08,0.029883,1.00029883,1.1771835472064862
2012-08-09,0.029883,1.00029883,1.177535324965898
2012-08-10,0.029883,1.00029883,1.1778872078470575
2012-08-13,0.029809,1.00029809,1.1782383242448446
2012-08-14,0.029919,1.00029919,1.1785908413690755
2012-08-15,0.029919,1.00029919,1.1789434639629048
2012-08-16,0.029883,1.00029883,1.1792957676382407
2012-08-17,0.029956,1.00029956,1.1796490374783943
2012-08-20,0.029993,1.00029993,1.1800028496142052
2012-08-21,0.029883,1.00029883,1.1803554698657555
2012-08-22,0.029846,1.00029846,1.1807077587592916
2012-08-23,0.029846,1.00029846,1.1810601527969709
2012-08-24,0.029883,1.00029883,1.1814130890024312
2012-08-27,0.029919,1.00029919,1.1817665559845298
2012-08-28,0.029919,1.00029919,1.1821201287204148
2012-08-29,0.029883,1.00029883,1.1824733816784803
2012-08-30,0.028259,1.00028259,1.1828075368314088
2012-08-31,0.028259,1.00028259,1.183141786413242
2012-09-03,0.02837,1.0002837,1.1834774437380475
2012-09-04,0.028296,1.00028296,1.1838123205155278
2012-09-05,0.028296,1.00028296,1.184147292049741
2012-09-06,0.028296,1.00028296,1.1844823583674993
2012-09-10,0.028259,1.00028259,1.1848170812371503
2012-09-11,0.028222,1.00028222,1.1851514603138171
2012-09-12,0.028186,1.00028186,1.1854855071044212
2012-09-13,0.028186,1.00028186,1.1858196480494538
2012-09-14,0.028149,1.00028149,1.1861534444221835
2012-09-17,0.028112,1.00028112,1.1864868958784793
2012-09-18,0.028075,1.00028075,1.1868200020744972
2012-09-19,0.028075,1.00028075,1.1871532017900797
2012-09-20,0.028149,1.00028149,1.1874873735448517
2012-09-21,0.028149,1.00028149,1.187821639365631
2012-09-24,0.028149,1.00028149,1.1881559992788961
2012-09-25,0.028259,1.00028259,1.1884917602827325
2012-09-26,0.028222,1.00028222,1.1888271764273197
2012-09-27,0.028186,1.00028186,1.1891622592552675
2012-09-28,0.028186,1.00028186,1.1894974365296613
2012-10-01,0.028186,1.00028186,1.1898327082771216
2012-10-02,0.028149,1.00028149,1.1901676342861747
2012-10-03,0.028186,1.00028186,1.1905030949355746
2012-10-04,0.028186,1.00028186,1.1908386501379133
2012-10-05,0.028186,1.00028186,1.1911742999198414
2012-10-08,0.028186,1.00028186,1.1915100443080169
2012-10-09,0.028149,1.00028149,1.1918454424703893
2012-10-10,0.028075,1.00028075,1.1921800530783628
2012-10-11,0.027001,1.00027001,1.1925019536144945
2012-10-15,0.027001,1.00027001,1.1928239410669899
2012-10-16,0.027038,1.00027038,1.1931464568041754
2012-10-17,0.027075,1.00027075,1.1934695012073553
2012-10-18,0.027149,1.00027149,1.1937935162422382
2012-10-19,0.027149,1.00027149,1.1941176192439629
2012-10-22,0.027297,1.00027297,1.1944435775304878
2012-10-23,0.027297,1.00027297,1.1947696247938462
2012-10-24,0.027334,1.00027334,1.1950962031230872
2012-10-25,0.02726,1.0002726,1.1954219863480584
2012-10-26,0.027186,1.00027186,1.195746973769267
2012-10-29,0.027149,1.00027149,1.1960716071151756
2012-10-30,0.027112,1.00027112,1.1963958860492967
2012-10-31,0.027186,1.00027186,1.1967211382348781
2012-11-01,0.02726,1.0002726,1.1970473644171609
2012-11-05,0.027297,1.00027297,1.1973741224362258
2012-11-06,0.027297,1.00027297,1.197700969650427
2012-11-07,0.027334,1.00027334,1.1980283492334711
2012-11-08,0.027186,1.00027186,1.1983540452204937
2012-11-09,0.027186,1.00027186,1.1986798297512273
2012-11-12,0.027112,1.00027112,1.1990048158266695
2012-11-13,0.027075,1.00027075,1.1993294463805546
2012-11-14,0.027075,1.00027075,1.1996541648281622
2012-11-16,0.027038,1.00027038,1.1999785273212484
2012-11-19,0.026964,1.00026964,1.2003020895313552
2012-11-20,0.026889,1.00026889,1.2006248387602094
2012-11-21,0.026815,1.00026815,1.2009467863107228
2012-11-22,0.027186,1.00027186,1.2012732757040492
2012-11-23,0.027297,1.00027297,1.201601187270118
2012-11-26,0.027334,1.00027334,1.2019296329386462
2012-11-27,0.027297,1.00027297,1.2022577236705494
2012-11-28,0.02726,1.0002726,1.2025854591260219
2012-11-29,0.027112,1.00027112,1.2029115040957001
2012-11-30,0.027075,1.00027075,1.2032371923854341
2012-12-03,0.027112,1.00027112,1.2035634140530338
2012-12-04,0.027112,1.00027112,1.203889724165852
2012-12-05,0.027075,1.00027075,1.2042156773086699
2012-12-06,0.027038,1.00027038,1.2045412731435003
2012-12-07,0.027001,1.00027001,1.2048665113326618
2012-12-10,0.026889,1.00026889,1.2051904878888942
2012-12-11,0.026741,1.00026741,1.2055127678772606
2012-12-12,0.026741,1.00026741,1.2058351340465185
2012-12-13,0.026667,1.00026667,1.2061566941017148
2012-12-14,0.026481,1.00026481,1.2064760964558798
2012-12-17,0.026444,1.00026444,1.2067951369948267
2012-12-18,0.02637,1.0002637,1.2071133688724522
2012-12-19,0.026258,1.00026258,1.2074303327008509
2012-12-20,0.026295,1.00026295,1.2077478265068344
2012-12-21,0.02637,1.0002637,1.2080663096086843
2012-12-24,0.02637,1.0002637,1.2083848766945282
2012-12-26,0.026481,1.00026481,1.2087048690937257
2012-12-27,0.026481,1.00026481,1.2090249462301104
2012-12-28,0.026481,1.00026481,1.2093451081261215
2012-12-31,0.026481,1.00026481,1.2096653548042045
2013-01-02,0.026555,1.00026555,1.2099865814391726
2013-01-03,0.026555,1.00026555,1.2103078933758737
2013-01-04,0.026593,1.00026593,1.2106297505539594
2013-01-07,0.026555,1.00026555,1.210951233284219
2013-01-08,0.026518,1.00026518,1.2112723533322611
2013-01-09,0.026481,1.00026481,1.211593110364147
2013-01-10,0.026518,1.00026518,1.2119144006251534
2013-01-11,0.026555,1.00026555,1.2122362244942393
2013-01-14,0.026593,1.00026593,1.2125585944734192
2013-01-15,0.02663,1.0002663,1.2128814988271275
2013-01-16,0.02663,1.0002663,1.2132044891702651
2013-01-17,0.02663,1.0002663,1.2135275655257312
2013-01-18,0.026555,1.00026555,1.2138498177707564
2013-01-21,0.026593,1.00026593,1.2141726168527962
2013-01-22,0.026593,1.00026593,1.214495501776796
2013-01-23,0.026593,1.00026593,1.2148184725655835
2013-01-24,0.026593,1.00026593,1.215141529241993
2013-01-25,0.02663,1.0002663,1.2154651214312302
2013-01-28,0.02663,1.0002663,1.2157887997930674
2013-01-29,0.026667,1.00026667,1.2161130141923082
2013-01-30,0.026667,1.00026667,1.216437315049803
2013-01-31,0.026667,1.00026667,1.2167617023886073
2013-02-01,0.026667,1.00026667,1.2170861762317833
2013-02-04,0.026704,1.00026704,1.2174111869242843
2013-02-05,0.026704,1.00026704,1.2177362844076405
2013-02-06,0.026704,1.00026704,1.2180614687050286
2013-02-07,0.026667,1.00026667,1.2183862891568882
2013-02-08,0.026667,1.00026667,1.2187111962286177
2013-02-13,0.026667,1.00026667,1.219036189943316
2013-02-14,0.02663,1.0002663,1.219360819280698
2013-02-15,0.02663,1.0002663,1.2196855350668725
2013-02-18,0.02663,1.0002663,1.220010337324861
2013-02-19,0.026593,1.00026593,1.220334774673866
2013-02-20,0.026667,1.00026667,1.2206602013482284
2013-02-21,0.026667,1.00026667,1.2209857148041219
2013-02-22,0.026704,1.00026704,1.2213117668294031
2013-02-25,0.026852,1.00026852,1.2216397134650323
2013-02-26,0.026778,1.00026778,1.221966844147504
2013-02-27,0.026778,1.00026778,1.2222940624290297
2013-02-28,0.026778,1.00026778,1.222621368333067
2013-03-01,0.026778,1.00026778,1.222948761883079
2013-03-04,0.026815,1.00026815,1.2232766955935779
2013-03-05,0.026815,1.00026815,1.2236047172395013
2013-03-06,0.026815,1.00026815,1.223932826844429
2013-03-07,0.026815,1.00026815,1.2242610244319472
2013-03-08,0.026815,1.00026815,1.2245893100256484
2013-03-11,0.026815,1.00026815,1.2249176836491318
2013-03-12,0.026815,1.00026815,1.2252461453260022
2013-03-13,0.026815,1.00026815,1.2255746950798712
2013-03-14,0.026815,1.00026815,1.2259033329343567
2013-03-15,0.026815,1.00026815,1.2262320589130828
2013-03-18,0.026815,1.00026815,1.2265608730396802
2013-03-19,0.026815,1.00026815,1.2268897753377856
2013-03-20,0.026815,1.00026815,1.2272187658310423
2013-03-21,0.026815,1.00026815,1.2275478445430998
2013-03-22,0.026815,1.00026815,1.2278770114976139
2013-03-25,0.026815,1.00026815,1.2282062667182467
2013-03-26,0.026815,1.00026815,1.228535610228667
2013-03-27,0.026815,1.00026815,1.2288650420525498
2013-03-28,0.026889,1.00026889,1.2291954715737075
2013-04-01,0.026926,1.00026926,1.2295264447463834
2013-04-02,0.026926,1.00026926,1.2298575070368958
2013-04-03,0.026889,1.00026889,1.2301882034219631
2013-04-04,0.026889,1.00026889,1.2305189887279813
2013-04-05,0.026889,1.00026889,1.2308498629788605
2013-04-08,0.026889,1.00026889,1.2311808261985169
2013-04-09,0.026889,1.00026889,1.2315118784108734
2013-04-10,0.026889,1.00026889,1.2318430196398593
2013-04-11,0.026889,1.00026889,1.2321742499094104
2013-04-12,0.026889,1.00026889,1.2325055692434685
2013-04-15,0.026889,1.00026889,1.2328369776659824
2013-04-16,0.026852,1.00026852,1.2331680190512255
2013-04-17,0.026852,1.00026852,1.2334991493277012
2013-04-18,0.027742,1.00027742,1.2338413466617077
2013-04-19,0.027742,1.00027742,1.2341836389280987
2013-04-22,0.027742,1.00027742,1.23452602615321
2013-04-23,0.027742,1.00027742,1.2348685083633855
2013-04-24,0.027742,1.00027742,1.2352110855849756
2013-04-25,0.027742,1.00027742,1.2355537578443385
2013-04-26,0.027705,1.00027705,1.2358960680129494
2013-04-29,0.027705,1.00027705,1.2362384730185925
2013-04-30,0.027705,1.00027705,1.2365809728875423
2013-05-02,0.027705,1.00027705,1.2369235676460808
2013-05-03,0.027705,1.00027705,1.237266257320497
2013-05-06,0.027742,1.00027742,1.2376094997256029
2013-05-07,0.027742,1.00027742,1.2379528373530166
2013-05-08,0.027705,1.00027705,1.2382958121866052
2013-05-09,0.027742,1.00027742,1.238639340210822
2013-05-10,0.027705,1.00027705,1.2389825052400274
2013-05-13,0.027668,1.00027668,1.2393253069195773
2013-05-14,0.027668,1.00027668,1.2396682034454958
2013-05-15,0.027668,1.00027668,1.240011194844025
2013-05-16,0.027668,1.00027668,1.2403542811414145
2013-05-17,0.027668,1.00027668,1.2406974623639209
2013-05-20,0.027668,1.00027668,1.2410407385378077
2013-05-21,0.027668,1.00027668,1.2413841096893463
2013-05-22,0.027668,1.00027668,1.2417275758448152
2013-05-23,0.027668,1.00027668,1.2420711370305
2013-05-24,0.027668,1.00027668,1.2424147932726937
2013-05-27,0.027668,1.00027668,1.2427585445976963
2013-05-28,0.027668,1.00027668,1.2431023910318155
2013-05-29,0.027668,1.00027668,1.2434463326013663
2013-05-31,0.029514,1.00029514,1.2438133233519701
2013-06-03,0.029514,1.00029514,1.2441804224162243
2013-06-04,0.029514,1.00029514,1.2445476298260962
2013-06-05,0.029514,1.00029514,1.244914945613563
2013-06-06,0.029514,1.00029514,1.2452823698106115
2013-06-07,0.029514,1.00029514,1.2456499024492373
2013-06-10,0.029514,1.00029514,1.2460175435614462
2013-06-11,0.029514,1.00029514,1.246385293179253
2013-06-12,0.029514,1.00029514,1.246753151334682
2013-06-13,0.029514,1.00029514,1.2471211180597668
2013-06-14,0.029514,1.00029514,1.2474891933865508
2013-06-17,0.029514,1.00029514,1.247857377347087
2013-06-18,0.029514,1.00029514,1.248225669973437
2013-06-19,0.029514,1.00029514,1.248594071297673
2013-06-20,0.029514,1.00029514,1.2489625813518759
2013-06-21,0.029514,1.00029514,1.249331200168136
2013-06-24,0.029514,1.00029514,1.2496999277785537
2013-06-25,0.029514,1.00029514,1.2500687642152382
2013-06-26,0.029514,1.00029514,1.2504377095103085
2013-06-27,0.029514,1.00029514,1.2508067636958933
2013-06-28,0.029514,1.00029514,1.2511759268041305
2013-07-01,0.029514,1.00029514,1.2515451988671673
2013-07-02,0.029514,1.00029514,1.251914579917161
2013-07-03,0.029514,1.00029514,1.2522840699862776
2013-07-04,0.029514,1.00029514,1.2526536691066934
2013-07-05,0.029514,1.00029514,1.2530233773105934
2013-07-08,0.029514,1.00029514,1.2533931946301728
2013-07-09,0.029514,1.00029514,1.2537631210976359
2013-07-10,0.029514,1.00029514,1.2541331567451965
2013-07-11,0.031353,1.00031353,1.2545263651138308
2013-07-12,0.031353,1.00031353,1.2549196967650849
2013-07-15,0.031353,1.00031353,1.2553131517376115
2013-07-16,0.031353,1.00031353,1.2557067300700757
2013-07-17,0.031353,1.00031353,1.2561004318011544
2013-07-18,0.031353,1.00031353,1.2564942569695368
2013-07-19,0.031353,1.00031353,1.2568882056139243
2013-07-22,0.031353,1.00031353,1.2572822777730304
2013-07-23,0.031353,1.00031353,1.2576764734855803
2013-07-24,0.031353,1.00031353,1.258070792790312
2013-07-25,0.031353,1.00031353,1.2584652357259756
2013-07-26,0.031353,1.00031353,1.2588598023313327
2013-07-29,0.031353,1.00031353,1.2592544926451574
2013-07-30,0.031353,1.00031353,1.2596493067062364
2013-07-31,0.031353,1.00031353,1.260044244553368
2013-08-01,0.031389,1.00031389,1.2604397598412906
2013-08-02,0.031389,1.00031389,1.2608353992775072
2013-08-05,0.031353,1.00031353,1.2612307090002426
2013-08-06,0.031353,1.00031353,1.2616261426644353
2013-08-07,0.031353,1.00031353,1.2620217003089447
2013-08-08,0.031353,1.00031353,1.2624173819726423
2013-08-09,0.031353,1.00031353,1.262813187694412
2013-08-12,0.031353,1.00031353,1.2632091175131497
2013-08-13,0.031353,1.00031353,1.2636051714677634
2013-08-14,0.031353,1.00031353,1.2640013495971736
2013-08-15,0.031353,1.00031353,1.2643976519403126
2013-08-16,0.031353,1.00031353,1.2647940785361254
2013-08-19,0.031353,1.00031353,1.2651906294235686
2013-08-20,0.031353,1.00031353,1.2655873046416117
2013-08-21,0.031353,1.00031353,1.265984104229236
2013-08-22,0.031353,1.00031353,1.2663810282254349
2013-08-23,0.031353,1.00031353,1.2667780766692143
2013-08-26,0.031353,1.00031353,1.2671752495995923
2013-08-27,0.031353,1.00031353,1.2675725470555992
2013-08-28,0.031353,1.00031353,1.2679699690762773
2013-08-29,0.033182,1.00033182,1.2683907068714162
2013-08-30,0.033182,1.00033182,1.2688115842757703
2013-09-02,0.033182,1.00033182,1.2692326013356647
2013-09-03,0.033182,1.00033182,1.2696537580974399
2013-09-04,0.033182,1.00033182,1.2700750546074517
2013-09-05,0.033182,1.00033182,1.2704964909120715
2013-09-06,0.033182,1.00033182,1.2709180670576858
2013-09-09,0.033182,1.00033182,1.271339783090697
2013-09-10,0.033182,1.00033182,1.2717616390575222
2013-09-11,0.033182,1.00033182,1.2721836350045943
2013-09-12,0.033182,1.00033182,1.2726057709783616
2013-09-13,0.033182,1.00033182,1.2730280470252877
2013-09-16,0.033182,1.00033182,1.2734504631918515
2013-09-17,0.033182,1.00033182,1.2738730195245478
2013-09-18,0.033182,1.00033182,1.2742957160698865
2013-09-19,0.033146,1.00033146,1.274718094127935
2013-09-20,0.033109,1.00033109,1.2751401405417198
2013-09-23,0.033109,1.00033109,1.2755623266908518
2013-09-24,0.033109,1.00033109,1.2759846526215959
2013-09-25,0.033511,1.00033511,1.2764122478385358
2013-09-26,0.033182,1.00033182,1.2768357869506135
2013-09-27,0.033146,1.00033146,1.277259006940556
2013-09-30,0.033146,1.00033146,1.2776823672109965
2013-10-01,0.033146,1.00033146,1.2781058678084323
2013-10-02,0.033109,1.00033109,1.2785290358802048
2013-10-03,0.033109,1.00033109,1.2789523440586943
2013-10-04,0.033584,1.00033584,1.279381867413923
2013-10-07,0.033511,1.00033511,1.279810601071512
2013-10-08,0.033511,1.00033511,1.280239478402037
2013-10-09,0.033657,1.00033657,1.2806703686032828
2013-10-10,0.035512,1.00035512,1.2811251602645812
2013-10-11,0.035367,1.00035367,1.281578255800012
2013-10-14,0.035476,1.00035476,1.2820329085020397
2013-10-15,0.035476,1.00035476,1.2824877224966598
2013-10-16,0.035476,1.00035476,1.2829426978410927
2013-10-17,0.035476,1.00035476,1.283397834592579
2013-10-18,0.035367,1.00035367,1.2838517339047393
2013-10-21,0.035476,1.00035476,1.2843071931458594
2013-10-22,0.035476,1.00035476,1.2847628139657
2013-10-23,0.035367,1.00035367,1.285217196030115
2013-10-24,0.035367,1.00035367,1.285671738795835
2013-10-25,0.035367,1.00035367,1.2861264423196948
2013-10-28,0.035367,1.00035367,1.2865813066585499
2013-10-29,0.035367,1.00035367,1.2870363318692757
2013-10-30,0.035367,1.00035367,1.2874915180087678
2013-10-31,0.035367,1.00035367,1.2879468651339419
2013-11-01,0.035367,1.00035367,1.2884023733017338
2013-11-04,0.035222,1.00035222,1.288856174385658
2013-11-05,0.035222,1.00035222,1.2893101353074
2013-11-06,0.035222,1.00035222,1.2897642561232578
2013-11-07,0.035222,1.00035222,1.2902185368895494
2013-11-08,0.035222,1.00035222,1.2906729776626125
2013-11-11,0.035222,1.00035222,1.2911275784988048
2013-11-12,0.035222,1.00035222,1.2915823394545034
2013-11-13,0.035222,1.00035222,1.292037260586106
2013-11-14,0.035222,1.00035222,1.2924923419500294
2013-11-18,0.035222,1.00035222,1.292947583602711
2013-11-19,0.035222,1.00035222,1.2934029856006073
2013-11-20,0.035222,1.00035222,1.2938585480001954
2013-11-21,0.035222,1.00035222,1.2943142708579718
2013-11-22,0.035222,1.00035222,1.2947701542304533
2013-11-25,0.035222,1.00035222,1.2952261981741762
2013-11-26,0.035222,1.00035222,1.295682402745697
2013-11-27,0.035222,1.00035222,1.296138768001592
2013-11-28,0.036998,1.00036998,1.2966183134229772
2013-11-29,0.036998,1.00036998,1.2970980362665776
2013-12-02,0.036998,1.00036998,1.2975779365980356
2013-12-03,0.036998,1.00036998,1.2980580144830183
2013-12-04,0.036998,1.00036998,1.2985382699872168
2013-12-05,0.036998,1.00036998,1.2990187031763467
2013-12-06,0.036962,1.00036962,1.2994988464694148
2013-12-09,0.037287,1.00037287,1.299983390604298
2013-12-10,0.036998,1.00036998,1.3004643584591538
2013-12-11,0.036998,1.00036998,1.3009455042624967
2013-12-12,0.036998,1.00036998,1.3014268280801637
2013-12-13,0.036998,1.00036998,1.301908329978017
2013-12-16,0.037287,1.00037287,1.302393772537016
2013-12-17,0.036998,1.00036998,1.3028756321849795
2013-12-18,0.036998,1.00036998,1.3033576701113754
2013-12-19,0.036998,1.00036998,1.3038398863821634
2013-12-20,0.036998,1.00036998,1.3043222810633273
2013-12-23,0.036998,1.00036998,1.3048048542208752
2013-12-24,0.036998,1.00036998,1.30528760592084
2013-12-26,0.036998,1.00036998,1.3057705362292789
2013-12-27,0.036998,1.00036998,1.306253645212273
2013-12-30,0.036998,1.00036998,1.3067369329359289
2013-12-31,0.036998,1.00036998,1.3072203994663767
2014-01-02,0.036998,1.00036998,1.3077040448697714
2014-01-03,0.036998,1.00036998,1.3081878692122926
2014-01-06,0.036998,1.00036998,1.3086718725601438
2014-01-07,0.036998,1.00036998,1.3091560549795538
2014-01-08,0.036998,1.00036998,1.3096404165367752
2014-01-09,0.036998,1.00036998,1.3101249572980855
2014-01-10,0.036998,1.00036998,1.3106096773297868
2014-01-13,0.036998,1.00036998,1.3110945766982054
2014-01-14,0.036998,1.00036998,1.3115796554696924
2014-01-15,0.036998,1.00036998,1.312064913710623
2014-01-16,0.038802,1.00038802,1.312574021138441
2014-01-17,0.039054,1.00039054,1.3130866337966562
2014-01-20,0.03909,1.0003909,1.3135999193618073
2014-01-21,0.03909,1.0003909,1.3141134055702859
2014-01-22,0.038802,1.00038802,1.3146233078539151
2014-01-23,0.038802,1.00038802,1.3151334079898285
2014-01-24,0.038802,1.00038802,1.3156437060547965
2014-01-27,0.038802,1.00038802,1.3161542021256198
2014-01-28,0.038802,1.00038802,1.3166648962791285
2014-01-29,0.038802,1.00038802,1.3171757885921827
2014-01-30,0.038802,1.00038802,1.317686879141672
2014-01-31,0.038802,1.00038802,1.3181981680045165
2014-02-03,0.038802,1.00038802,1.3187096552576656
2014-02-04,0.038874,1.00038874,1.3192222904490505
2014-02-05,0.038874,1.00038874,1.3197351249222395
2014-02-06,0.038874,1.00038874,1.320248158754702
2014-02-07,0.038874,1.00038874,1.3207613920239363
2014-02-10,0.038874,1.00038874,1.3212748248074717
2014-02-11,0.038874,1.00038874,1.3217884571828673
2014-02-12,0.038874,1.00038874,1.3223022892277125
2014-02-13,0.038874,1.00038874,1.3228163210196269
2014-02-14,0.038874,1.00038874,1.32333055263626
2014-02-17,0.038874,1.00038874,1.3238449841552917
2014-02-18,0.038874,1.00038874,1.3243596156544322
2014-02-19,0.038874,1.00038874,1.3248744472114216
2014-02-20,0.038874,1.00038874,1.3253894789040306
2014-02-21,0.038874,1.00038874,1.3259047108100597
2014-02-24,0.038874,1.00038874,1.32642014300734
2014-02-25,0.038874,1.00038874,1.3269357755737325
2014-02-26,0.03909,1.0003909,1.3274544747684043
2014-02-27,0.039952,1.00039952,1.3279848193801638
2014-02-28,0.039952,1.00039952,1.3285153758752024
2014-03-05,0.039809,1.00039809,1.3290442445611845
2014-03-06,0.039809,1.00039809,1.329573323784502
2014-03-07,0.039809,1.00039809,1.3301026136289673
2014-03-10,0.039809,1.00039809,1.330632114178427
2014-03-11,0.039809,1.00039809,1.3311618255167603
2014-03-12,0.039809,1.00039809,1.3316917477278802
2014-03-13,0.039809,1.00039809,1.3322218808957333
2014-03-14,0.039809,1.00039809,1.3327522251042991
2014-03-17,0.039809,1.00039809,1.3332827804375909
2014-03-18,0.039809,1.00039809,1.3338135469796553
2014-03-19,0.039952,1.00039952,1.3343464321679446
2014-03-20,0.039952,1.00039952,1.3348795302545242
2014-03-21,0.039952,1.00039952,1.3354128413244515
2014-03-24,0.039952,1.00039952,1.3359463654628174
2014-03-25,0.039952,1.00039952,1.336480102754747
2014-03-26,0.039952,1.00039952,1.3370140532853996
2014-03-27,0.039809,1.00039809,1.337546305209872
2014-03-28,0.039809,1.00039809,1.338078769018513
2014-03-31,0.039809,1.00039809,1.3386114447956716
2014-04-01,0.039809,1.00039809,1.3391443326257304
2014-04-02,0.039809,1.00039809,1.3396774325931053
2014-04-03,0.040705,1.00040705,1.3402227482920424
2014-04-04,0.040705,1.00040705,1.3407682859617345
2014-04-07,0.040705,1.00040705,1.3413140456925352
2014-04-08,0.040705,1.00040705,1.3418600275748342
2014-04-09,0.040705,1.00040705,1.3424062316990586
2014-04-10,0.040705,1.00040705,1.3429526581556717
2014-04-11,0.040705,1.00040705,1.343499307035174
2014-04-14,0.040705,1.00040705,1.3440461784281026
2014-04-15,0.040705,1.00040705,1.3445932724250318
2014-04-16,0.040705,1.00040705,1.3451405891165724
2014-04-17,0.040705,1.00040705,1.3456881285933722
2014-04-22,0.040705,1.00040705,1.346235890946116
2014-04-23,0.040705,1.00040705,1.3467838762655255
2014-04-24,0.040705,1.00040705,1.3473320846423593
2014-04-25,0.040705,1.00040705,1.347880516167413
2014-04-28,0.040705,1.00040705,1.3484291709315188
2014-04-29,0.040705,1.00040705,1.3489780490255465
2014-04-30,0.040705,1.00040705,1.3495271505404023
2014-05-02,0.040705,1.00040705,1.3500764755670298
2014-05-05,0.040705,1.00040705,1.3506260241964094
2014-05-06,0.040705,1.00040705,1.3511757965195585
2014-05-07,0.040705,1.00040705,1.3517257926275317
2014-05-08,0.040705,1.00040705,1.3522760126114206
2014-05-09,0.040705,1.00040705,1.352826456562354
2014-05-12,0.040705,1.00040705,1.3533771245714976
2014-05-13,0.040705,1.00040705,1.3539280167300545
2014-05-14,0.040705,1.00040705,1.3544791331292645
2014-05-15,0.040705,1.00040705,1.3550304738604046
2014-05-16,0.040705,1.00040705,1.3555820390147895
2014-05-19,0.040705,1.00040705,1.3561338286837703
2014-05-20,0.040705,1.00040705,1.356685842958736
2014-05-21,0.040705,1.00040705,1.3572380819311123
2014-05-22,0.040705,1.00040705,1.3577905456923622
2014-05-23,0.040705,1.00040705,1.3583432343339863
2014-05-26,0.040705,1.00040705,1.358896147947522
2014-05-27,0.040705,1.00040705,1.3594492866245438
2014-05-28,0.040705,1.00040705,1.3600026504566642
2014-05-29,0.040705,1.00040705,1.3605562395355326
2014-05-30,0.040705,1.00040705,1.3611100539528356
2014-06-02,0.040705,1.00040705,1.361664093800297
2014-06-03,0.040705,1.00040705,1.3622183591696784
2014-06-04,0.040705,1.00040705,1.3627728501527783
2014-06-05,0.040705,1.00040705,1.3633275668414329
2014-06-06,0.040705,1.00040705,1.3638825093275155
2014-06-09,0.040849,1.00040849,1.3644396416937508
2014-06-10,0.040705,1.00040705,1.3649950368499022
2014-06-11,0.040705,1.00040705,1.365550658079652
2014-06-12,0.040705,1.00040705,1.3661065054750232
2014-06-13,0.040705,1.00040705,1.3666625791280769
2014-06-16,0.040705,1.00040705,1.367218879130911
2014-06-17,0.040705,1.00040705,1.3677754055756612
2014-06-18,0.040705,1.00040705,1.3683321585545007
2014-06-20,0.040705,1.00040705,1.3688891381596402
2014-06-23,0.040705,1.00040705,1.369446344483328
2014-06-24,0.040705,1.00040705,1.37000377761785
2014-06-25,0.040705,1.00040705,1.3705614376555293
2014-06-26,0.040705,1.00040705,1.371119324688727
2014-06-27,0.040705,1.00040705,1.3716774388098414
2014-06-30,0.040705,1.00040705,1.372235780111309
2014-07-01,0.040705,1.00040705,1.3727943486856031
2014-07-02,0.040705,1.00040705,1.3733531446252356
2014-07-03,0.040705,1.00040705,1.3739121680227553
2014-07-04,0.040705,1.00040705,1.374471418970749
2014-07-07,0.040705,1.00040705,1.375030897561841
2014-07-08,0.040705,1.00040705,1.3755906038886936
2014-07-09,0.040705,1.00040705,1.3761505380440064
2014-07-10,0.040705,1.00040705,1.3767107001205172
2014-07-11,0.040705,1.00040705,1.3772710902110012
2014-07-14,0.040705,1.00040705,1.3778317084082716
2014-07-15,0.040705,1.00040705,1.3783925548051792
2014-07-16,0.040705,1.00040705,1.3789536294946125
2014-07-17,0.040705,1.00040705,1.3795149325694982
2014-07-18,0.040705,1.00040705,1.3800764641228005
2014-07-21,0.040705,1.00040705,1.3806382242475217
2014-07-22,0.040705,1.00040705,1.3812002130367016
2014-07-23,0.040705,1.00040705,1.3817624305834182
2014-07-24,0.040705,1.00040705,1.3823248769807872
2014-07-25,0.040705,1.00040705,1.3828875523219621
2014-07-28,0.040705,1.00040705,1.3834504567001347
2014-07-29,0.040705,1.00040705,1.3840135902085344
2014-07-30,0.040705,1.00040705,1.3845769529404288
2014-07-31,0.040705,1.00040705,1.3851405449891232
2014-08-01,0.040705,1.00040705,1.385704366447961
2014-08-04,0.040741,1.00040741,1.3862689162638955
2014-08-05,0.040741,1.00040741,1.3868336960830705
2014-08-06,0.040741,1.00040741,1.3873987059991917
2014-08-07,0.040741,1.00040741,1.3879639461060027
2014-08-08,0.040741,1.00040741,1.3885294164972857
2014-08-11,0.040741,1.00040741,1.3890951172668609
2014-08-12,0.040741,1.00040741,1.3896610485085865
2014-08-13,0.040741,1.00040741,1.3902272103163593
2014-08-14,0.040741,1.00040741,1.3907936027841143
2014-08-15,0.040777,1.00040777,1.3913607266915218
2014-08-18,0.040741,1.00040741,1.3919275809651832
2014-08-19,0.040741,1.00040741,1.3924946661809443
2014-08-20,0.040849,1.00040849,1.3930634863271327
2014-08-21,0.040777,1.00040777,1.3936315358249525
2014-08-22,0.040741,1.00040741,1.394199315248963
2014-08-25,0.040849,1.00040849,1.394768831727249
2014-08-26,0.040849,1.00040849,1.3953385808473215
2014-08-27,0.040741,1.00040741,1.3959070557385445
2014-08-28,0.040849,1.00040849,1.3964772698117431
2014-08-29,0.040741,1.00040741,1.3970462086162372
2014-09-01,0.040741,1.00040741,1.3976153792120896
2014-09-02,0.040741,1.00040741,1.3981847816937343
2014-09-03,0.040741,1.00040741,1.3987544161556442
2014-09-04,0.040741,1.00040741,1.3993242826923302
2014-09-05,0.040741,1.00040741,1.399894381398342
2014-09-08,0.040741,1.00040741,1.4004647123682674
2014-09-09,0.040741,1.00040741,1.4010352756967335
2014-09-10,0.040849,1.00040849,1.401607584596503
2014-09-11,0.040741,1.00040741,1.4021786135425436
2014-09-12,0.040741,1.00040741,1.4027498751314869
2014-09-15,0.040741,1.00040741,1.4033213694581141
2014-09-16,0.040741,1.00040741,1.4038930966172452
2014-09-17,0.040741,1.00040741,1.404465056703738
2014-09-18,0.040741,1.00040741,1.4050372498124897
2014-09-19,0.040741,1.00040741,1.4056096760384358
2014-09-22,0.040741,1.00040741,1.4061823354765506
2014-09-23,0.040849,1.00040849,1.4067567468987696
2014-09-24,0.040849,1.00040849,1.4073313929623104
2014-09-25,0.040849,1.00040849,1.4079062737630217
2014-09-26,0.040741,1.00040741,1.4084798688580156
2014-09-29,0.040741,1.00040741,1.409053697641387
2014-09-30,0.040741,1.00040741,1.4096277602083431
2014-10-01,0.040741,1.00040741,1.4102020566541296
2014-10-02,0.040741,1.00040741,1.410776587074031
2014-10-03,0.040741,1.00040741,1.4113513515633709
2014-10-06,0.040741,1.00040741,1.4119263502175112
2014-10-07,0.040849,1.00040849,1.4125031080123116
2014-10-08,0.040849,1.00040849,1.4130801014069037
2014-10-09,0.040849,1.00040849,1.4136573304975275
2014-10-10,0.040849,1.00040849,1.4142347953804626
2014-10-13,0.040741,1.00040741,1.4148109687784485
2014-10-14,0.040849,1.00040849,1.4153889049110848
2014-10-15,0.040741,1.00040741,1.4159655485048346
2014-10-16,0.040849,1.00040849,1.4165439562717435
2014-10-17,0.040849,1.00040849,1.417122600312441
2014-10-20,0.040849,1.00040849,1.417701480723443
2014-10-21,0.040849,1.00040849,1.4182805976013038
2014-10-22,0.040849,1.00040849,1.418859951042618
2014-10-23,0.040849,1.00040849,1.4194395411440197
2014-10-24,0.040849,1.00040849,1.4200193680021818
2014-10-27,0.040849,1.00040849,1.420599431713817
2014-10-28,0.040849,1.00040849,1.421179732375678
2014-10-29,0.040849,1.00040849,1.4217602700845564
2014-10-30,0.041743,1.00041743,1.4223537554740977
2014-10-31,0.041636,1.00041636,1.422945966683727
2014-11-03,0.041636,1.00041636,1.4235384244664153
2014-11-04,0.041636,1.00041636,1.4241311289248262
2014-11-05,0.041743,1.00041743,1.4247256039819731
2014-11-06,0.041743,1.00041743,1.4253203271908432
2014-11-07,0.041743,1.00041743,1.4259152986550223
2014-11-10,0.041743,1.00041743,1.4265105184781397
2014-11-11,0.041743,1.00041743,1.427105986763868
2014-11-12,0.041743,1.00041743,1.4277017036159227
2014-11-13,0.041743,1.00041743,1.428297669138063
2014-11-14,0.041743,1.00041743,1.4288938834340914
2014-11-17,0.041743,1.00041743,1.4294903466078532
2014-11-18,0.041743,1.00041743,1.4300870587632377
2014-11-19,0.041743,1.00041743,1.4306840200041773
2014-11-20,0.041743,1.00041743,1.4312812304346476
2014-11-21,0.041743,1.00041743,1.4318786901586678
2014-11-24,0.041743,1.00041743,1.4324763992803007
2014-11-25,0.041743,1.00041743,1.4330743579036522
2014-11-26,0.041743,1.00041743,1.433672566132872
2014-11-27,0.041743,1.00041743,1.4342710240721528
2014-11-28,0.041636,1.00041636,1.4348681971557355
2014-12-01,0.041636,1.00041636,1.4354656188783033
2014-12-02,0.041636,1.00041636,1.4360632893433793
2014-12-03,0.041743,1.00041743,1.4366627452422498
2014-12-04,0.043526,1.00043526,1.4372880670687438
2014-12-05,0.043526,1.00043526,1.437913661072816
2014-12-08,0.043526,1.00043526,1.4385395273729344
2014-12-09,0.043455,1.00043455,1.4391646447245543
2014-12-10,0.043455,1.00043455,1.4397900337209193
2014-12-11,0.043526,1.00043526,1.4404167167309965
2014-12-12,0.043526,1.00043526,1.4410436725111206
2014-12-15,0.043526,1.00043526,1.4416709011800177
2014-12-16,0.043526,1.00043526,1.4422984028564652
2014-12-17,0.043526,1.00043526,1.4429261776592923
2014-12-18,0.043526,1.00043526,1.4435542257073801
2014-12-19,0.043526,1.00043526,1.4441825471196614
2014-12-22,0.043526,1.00043526,1.4448111420151206
2014-12-23,0.043455,1.00043455,1.4454389846968834
2014-12-24,0.043455,1.00043455,1.4460671002076835
2014-12-26,0.043455,1.00043455,1.4466954886660788
2014-12-29,0.043526,1.00043526,1.4473251773444755
2014-12-30,0.043455,1.00043455,1.4479541125002906
2014-12-31,0.043455,1.00043455,1.4485833209598777
2015-01-02,0.043455,1.00043455,1.4492128028420008
2015-01-05,0.043455,1.00043455,1.449842558265476
2015-01-06,0.043455,1.00043455,1.4504725873491702
2015-01-07,0.043455,1.00043455,1.451102890212003
2015-01-08,0.043455,1.00043455,1.4517334669729445
2015-01-09,0.043455,1.00043455,1.4523643177510177
2015-01-12,0.043455,1.00043455,1.4529954426652965
2015-01-13,0.043455,1.00043455,1.4536268418349068
2015-01-14,0.043455,1.00043455,1.4542585153790262
2015-01-15,0.043455,1.00043455,1.4548904634168842
2015-01-16,0.043455,1.00043455,1.4555226860677621
2015-01-19,0.043455,1.00043455,1.456155183450993
2015-01-20,0.043455,1.00043455,1.4567879556859615
2015-01-21,0.043455,1.00043455,1.4574210028921049
2015-01-22,0.045301,1.00045301,1.4580812291806249
2015-01-23,0.045265,1.00045265,1.4587412296490134
2015-01-26,0.045265,1.00045265,1.459401528866614
2015-01-27,0.045265,1.00045265,1.4600621269686553
2015-01-28,0.045265,1.00045265,1.4607230240904276
2015-01-29,0.045265,1.00045265,1.461384220367282
2015-01-30,0.045265,1.00045265,1.4620457159346312
2015-02-02,0.045265,1.00045265,1.4627075109279488
2015-02-03,0.045301,1.00045301,1.4633701320574743
2015-02-04,0.045301,1.00045301,1.4640330533609978
2015-02-05,0.045301,1.00045301,1.4646962749745007
2015-02-06,0.045301,1.00045301,1.4653597970340269
2015-02-09,0.045301,1.00045301,1.4660236196756813
2015-02-10,0.045301,1.00045301,1.4666877430356304
2015-02-11,0.045301,1.00045301,1.4673521672501029
2015-02-12,0.045301,1.00045301,1.468016892455389
2015-02-13,0.045301,1.00045301,1.4686819187878402
2015-02-18,0.045301,1.00045301,1.4693472463838702
2015-02-19,0.045301,1.00045301,1.4700128753799544
2015-02-20,0.045301,1.00045301,1.4706788059126303
2015-02-23,0.045301,1.00045301,1.4713450381184967
2015-02-24,0.045301,1.00045301,1.4720115721342146
2015-02-25,0.045301,1.00045301,1.4726784080965072
2015-02-26,0.045301,1.00045301,1.473345546142159
2015-02-27,0.045301,1.00045301,1.4740129864080167
2015-03-02,0.045301,1.00045301,1.4746807290309893
2015-03-03,0.045301,1.00045301,1.4753487741480475
2015-03-04,0.045301,1.00045301,1.4760171218962244
2015-03-05,0.047103,1.00047103,1.476712370241151
2015-03-06,0.047103,1.00047103,1.4774079460689056
2015-03-09,0.047103,1.00047103,1.4781038495337424
2015-03-10,0.047103,1.00047103,1.4788000807899881
2015-03-11,0.047103,1.00047103,1.4794966399920426
2015-03-12,0.047103,1.00047103,1.480193527294378
2015-03-13,0.047103,1.00047103,1.4808907428515394
2015-03-16,0.047103,1.00047103,1.4815882868181447
2015-03-17,0.047103,1.00047103,1.4822861593488845
2015-03-18,0.047103,1.00047103,1.4829843605985225
2015-03-19,0.047103,1.00047103,1.483682890721895
2015-03-20,0.047103,1.00047103,1.4843817498739118
2015-03-23,0.047138,1.00047138,1.4850814577431675
2015-03-24,0.047138,1.00047138,1.4857814954407185
2015-03-25,0.047138,1.00047138,1.4864818631220393
2015-03-26,0.047138,1.00047138,1.4871825609426779
2015-03-27,0.047138,1.00047138,1.4878835890582551
2015-03-30,0.047103,1.00047103,1.488584426865209
2015-03-31,0.047103,1.00047103,1.4892855947877952
2015-04-01,0.047103,1.00047103,1.489987092981508
2015-04-02,0.047103,1.00047103,1.490688921601915
2015-04-06,0.047103,1.00047103,1.491391080804657
2015-04-07,0.047103,1.00047103,1.4920935707454483
2015-04-08,0.047103,1.00047103,1.4927963915800764
2015-04-09,0.047103,1.00047103,1.4934995434644023
2015-04-10,0.047103,1.00047103,1.4942030265543602
2015-04-13,0.047103,1.00047103,1.494906841005958
2015-04-14,0.047103,1.00047103,1.495610986975277
2015-04-15,0.047103,1.00047103,1.4963154646184718
2015-04-16,0.047103,1.00047103,1.4970202740917709
2015-04-17,0.047103,1.00047103,1.497725415551476
2015-04-20,0.047103,1.00047103,1.4984308891539633
2015-04-22,0.047103,1.00047103,1.4991366950556813
2015-04-23,0.047103,1.00047103,1.4998428334131533
2015-04-24,0.047103,1.00047103,1.5005493043829758
2015-04-27,0.047138,1.00047138,1.501256633314076
2015-04-28,0.047173,1.00047173,1.501964821105709
2015-04-29,0.047173,1.00047173,1.502673342970769
2015-04-30,0.048897,1.00048897,1.5034081051552814
2015-05-04,0.048897,1.00048897,1.5041432266164592
2015-05-05,0.048967,1.00048967,1.5048797604302366
2015-05-06,0.048967,1.00048967,1.5056166549025267
2015-05-07,0.048967,1.00048967,1.506353910209933
2015-05-08,0.048967,1.00048967,1.5070915265291458
2015-05-11,0.048967,1.00048967,1.5078295040369414
2015-05-12,0.048967,1.00048967,1.5085678429101834
2015-05-13,0.048967,1.00048967,1.5093065433258215
2015-05-14,0.048967,1.00048967,1.510045605460892
2015-05-15,0.048967,1.00048967,1.5107850294925182
2015-05-18,0.048967,1.00048967,1.51152481559791
2015-05-19,0.048967,1.00048967,1.512264963954364
2015-05-20,0.048967,1.00048967,1.5130054747392636
2015-05-21,0.048967,1.00048967,1.5137463481300792
2015-05-22,0.048967,1.00048967,1.5144875843043684
2015-05-25,0.048967,1.00048967,1.5152291834397749
2015-05-26,0.048967,1.00048967,1.51597114571403
2015-05-27,0.048967,1.00048967,1.516713471304952
2015-05-28,0.048967,1.00048967,1.517456160390446
2015-05-29,0.048967,1.00048967,1.5181992131485045
2015-06-01,0.048967,1.00048967,1.518942629757207
2015-06-02,0.048967,1.00048967,1.5196864103947205
2015-06-03,0.048967,1.00048967,1.5204305552392987
2015-06-05,0.050753,1.00050753,1.5212022193589991
2015-06-08,0.050753,1.00050753,1.5219742751213903
2015-06-09,0.050753,1.00050753,1.5227467227252425
2015-06-10,0.050753,1.00050753,1.523519562369427
2015-06-11,0.050753,1.00050753,1.5242927942529163
2015-06-12,0.050753,1.00050753,1.5250664185747833
2015-06-15,0.050753,1.00050753,1.5258404355342023
2015-06-16,0.050753,1.00050753,1.5266148453304489
2015-06-17,0.050753,1.00050753,1.5273896481628992
2015-06-18,0.050753,1.00050753,1.5281648442310312
2015-06-19,0.050753,1.00050753,1.5289404337344237
2015-06-22,0.050753,1.00050753,1.5297164168727568
2015-06-23,0.050753,1.00050753,1.5304927938458122
2015-06-24,0.050753,1.00050753,1.5312695648534727
2015-06-25,0.050753,1.00050753,1.5320467300957226
2015-06-26,0.050753,1.00050753,1.5328242897726478
2015-06-29,0.050753,1.00050753,1.5336022440844361
2015-06-30,0.050753,1.00050753,1.534380593231376
2015-07-01,0.050753,1.00050753,1.5351593374138588
2015-07-02,0.050753,1.00050753,1.5359384768323763
2015-07-03,0.050753,1.00050753,1.536718011687523
2015-07-06,0.050753,1.00050753,1.5374979421799946
2015-07-07,0.050753,1.00050753,1.5382782685105891
2015-07-08,0.050753,1.00050753,1.5390589908802061
2015-07-09,0.050753,1.00050753,1.5398401094898475
2015-07-10,0.050753,1.00050753,1.5406216245406168
2015-07-13,0.050753,1.00050753,1.5414035362337197
2015-07-14,0.050753,1.00050753,1.5421858447704644
2015-07-15,0.050753,1.00050753,1.5429685503522605
2015-07-16,0.050753,1.00050753,1.5437516531806208
2015-07-17,0.050753,1.00050753,1.5445351534571594
2015-07-20,0.050753,1.00050753,1.5453190513835935
2015-07-21,0.050753,1.00050753,1.546103347161742
2015-07-22,0.050753,1.00050753,1.5468880409935268
2015-07-23,0.050753,1.00050753,1.547673133080972
2015-07-24,0.050753,1.00050753,1.5484586236262046
2015-07-27,0.050753,1.00050753,1.5492445128314534
2015-07-28,0.050753,1.00050753,1.5500308008990507
2015-07-29,0.050753,1.00050753,1.550817488031431
2015-07-30,0.052461,1.00052461,1.5516310623938272
2015-07-31,0.052461,1.00052461,1.5524450635654696
2015-08-03,0.052461,1.00052461,1.5532594917702667
2015-08-04,0.052461,1.00052461,1.5540743472322442
2015-08-05,0.052461,1.00052461,1.5548896301755457
2015-08-06,0.052461,1.00052461,1.5557053408244321
2015-08-07,0.052461,1.00052461,1.556521479403282
2015-08-10,0.052461,1.00052461,1.5573380461365918
2015-08-11,0.052461,1.00052461,1.5581550412489755
2015-08-12,0.052461,1.00052461,1.5589724649651653
2015-08-13,0.052461,1.00052461,1.5597903175100107
2015-08-14,0.052461,1.00052461,1.5606085991084797
2015-08-17,0.052461,1.00052461,1.5614273099856582
2015-08-18,0.052461,1.00052461,1.5622464503667497
2015-08-19,0.052461,1.00052461,1.5630660204770765
2015-08-20,0.052461,1.00052461,1.563886020542079
2015-08-21,0.052461,1.00052461,1.5647064507873156
2015-08-24,0.052461,1.00052461,1.5655273114384631
2015-08-25,0.052461,1.00052461,1.566348602721317
2015-08-26,0.052461,1.00052461,1.5671703248617905
2015-08-27,0.052461,1.00052461,1.5679924780859162
2015-08-28,0.052461,1.00052461,1.568815062619845
2015-08-31,0.052461,1.00052461,1.569638078689846
2015-09-01,0.052461,1.00052461,1.5704615265223076
2015-09-02,0.052461,1.00052461,1.5712854063437365
2015-09-03,0.052461,1.00052461,1.5721097183807584
2015-09-04,0.052461,1.00052461,1.5729344628601183
2015-09-08,0.052461,1.00052461,1.5737596400086793
2015-09-09,0.052461,1.00052461,1.5745852500534243
2015-09-10,0.052461,1.00052461,1.5754112932214548
2015-09-11,0.052461,1.00052461,1.5762377697399919
2015-09-14,0.052461,1.00052461,1.5770646798363752
2015-09-15,0.052461,1.00052461,1.5778920237380643
2015-09-16,0.052461,1.00052461,1.5787198016726376
2015-09-17,0.052461,1.00052461,1.579548013867793
2015-09-18,0.052461,1.00052461,1.5803766605513483
2015-09-21,0.052461,1.00052461,1.5812057419512402
2015-09-22,0.052461,1.00052461,1.5820352582955253
2015-09-23,0.052461,1.00052461,1.5828652098123797
2015-09-24,0.052461,1.00052461,1.5836955967300994
2015-09-25,0.052461,1.00052461,1.5845264192771
2015-09-28,0.052461,1.00052461,1.5853576776819172
2015-09-29,0.052461,1.00052461,1.5861893721732059
2015-09-30,0.052461,1.00052461,1.5870215029797416
2015-10-01,0.052461,1.00052461,1.5878540703304198
2015-10-02,0.052461,1.00052461,1.5886870744542558
2015-10-05,0.052461,1.00052461,1.5895205155803853
2015-10-06,0.052461,1.00052461,1.590354393938064
2015-10-07,0.052461,1.00052461,1.591188709756668
2015-10-08,0.052461,1.00052461,1.5920234632656933
2015-10-09,0.052461,1.00052461,1.5928586546947572
2015-10-13,0.052461,1.00052461,1.5936942842735966
2015-10-14,0.052461,1.00052461,1.5945303522320695
2015-10-15,0.052461,1.00052461,1.595366858800154
2015-10-16,0.052461,1.00052461,1.5962038042079492
2015-10-19,0.052461,1.00052461,1.5970411886856748
2015-10-20,0.052461,1.00052461,1.5978790124636713
2015-10-21,0.052461,1.00052461,1.5987172757724
2015-10-22,0.052496,1.00052496,1.5995565383934893
2015-10-23,0.052496,1.00052496,1.6003962415938842
2015-10-26,0.052496,1.00052496,1.6012363856048712
2015-10-27,0.052496,1.00052496,1.6020769706578581
2015-10-28,0.052496,1.00052496,1.6029179969843745
2015-10-29,0.052496,1.00052496,1.6037594648160713
2015-10-30,0.052496,1.00052496,1.604601374384721
2015-11-03,0.052496,1.00052496,1.6054437259222178
2015-11-04,0.052496,1.00052496,1.6062865196605778
2015-11-05,0.052496,1.00052496,1.6071297558319386
2015-11-06,0.052496,1.00052496,1.60797343466856
2015-11-09,0.052496,1.00052496,1.6088175564028233
2015-11-10,0.052496,1.00052496,1.6096621212672324
2015-11-11,0.052496,1.00052496,1.6105071294944127
2015-11-12,0.052496,1.00052496,1.611352581317112
2015-11-13,0.052496,1.00052496,1.6121984769682
2015-11-16,0.052496,1.00052496,1.6130448166806692
2015-11-17,0.052496,1.00052496,1.6138916006876338
2015-11-18,0.052496,1.00052496,1.6147388292223306
2015-11-19,0.052496,1.00052496,1.615586502518119
2015-11-20,0.052496,1.00052496,1.6164346208084808
2015-11-23,0.052496,1.00052496,1.6172831843270203
2015-11-24,0.052496,1.00052496,1.6181321933074646
2015-11-25,0.052496,1.00052496,1.6189816479836632
2015-11-26,0.052496,1.00052496,1.6198315485895884
2015-11-27,0.052496,1.00052496,1.6206818953593358
2015-11-30,0.052496,1.00052496,1.6215326885271235
2015-12-01,0.052496,1.00052496,1.6223839283272925
2015-12-02,0.052496,1.00052496,1.623235614994307
2015-12-03,0.052496,1.00052496,1.6240877487627543
2015-12-04,0.052496,1.00052496,1.6249403298673446
2015-12-07,0.052496,1.00052496,1.6257933585429116
2015-12-08,0.052496,1.00052496,1.626646835024412
2015-12-09,0.052496,1.00052496,1.6275007595469264
2015-12-10,0.052496,1.00052496,1.628355132345658
2015-12-11,0.052496,1.00052496,1.629209953655934
2015-12-14,0.052496,1.00052496,1.630065223713205
2015-12-15,0.052496,1.00052496,1.6309209427530453
2015-12-16,0.052496,1.00052496,1.6317771110111527
2015-12-17,0.052496,1.00052496,1.632633728723349
2015-12-18,0.052496,1.00052496,1.6334907961255793
2015-12-21,0.052496,1.00052496,1.6343483134539132
2015-12-22,0.052496,1.00052496,1.6352062809445438
2015-12-23,0.052496,1.00052496,1.6360646988337884
2015-12-24,0.052496,1.00052496,1.636923567358088
2015-12-28,0.052496,1.00052496,1.637782886754008
2015-12-29,0.052496,1.00052496,1.6386426572582382
2015-12-30,0.052496,1.00052496,1.6395028791075923
2015-12-31,0.052496,1.00052496,1.6403635525390086
2016-01-04,0.052496,1.00052496,1.6412246777895494
2016-01-05,0.052496,1.00052496,1.6420862550964017
2016-01-06,0.052496,1.00052496,1.642948284696877
2016-01-07,0.052496,1.00052496,1.6438107668284114
2016-01-08,0.052496,1.00052496,1.6446737017285655
2016-01-11,0.052496,1.00052496,1.6455370896350248
2016-01-12,0.052496,1.00052496,1.6464009307855993
2016-01-13,0.052496,1.00052496,1.6472652254182245
2016-01-14,0.052496,1.00052496,1.6481299737709598
2016-01-15,0.052496,1.00052496,1.6489951760819905
2016-01-18,0.052496,1.00052496,1.6498608325896265
2016-01-19,0.052496,1.00052496,1.6507269435323026
2016-01-20,0.052496,1.00052496,1.6515935091485792
2016-01-21,0.052461,1.00052461,1.6524599516194136
2016-01-22,0.052461,1.00052461,1.6533268486346326
2016-01-25,0.052461,1.00052461,1.6541942004326948
2016-01-26,0.052461,1.00052461,1.6550620072521838
2016-01-27,0.052461,1.00052461,1.6559302693318083
2016-01-28,0.052461,1.00052461,1.6567989869104025
2016-01-29,0.052461,1.00052461,1.6576681602269256
2016-02-01,0.052461,1.00052461,1.6585377895204623
2016-02-02,0.052461,1.00052461,1.6594078750302226
2016-02-03,0.052461,1.00052461,1.6602784169955422
2016-02-04,0.052461,1.00052461,1.6611494156558824
2016-02-05,0.052461,1.00052461,1.6620208712508298
2016-02-10,0.052461,1.00052461,1.6628927840200967
2016-02-11,0.052461,1.00052461,1.6637651542035214
2016-02-12,0.052461,1.00052461,1.6646379820410682
2016-02-15,0.052461,1.00052461,1.6655112677728268
2016-02-16,0.052461,1.00052461,1.666385011639013
2016-02-17,0.052461,1.00052461,1.6672592138799691
2016-02-18,0.052461,1.00052461,1.6681338747361627
2016-02-19,0.052461,1.00052461,1.669008994448188
2016-02-22,0.052461,1.00052461,1.6698845732567655
2016-02-23,0.052461,1.00052461,1.6707606114027418
2016-02-24,0.052461,1.00052461,1.6716371091270898
2016-02-25,0.052461,1.00052461,1.672514066670909
2016-02-26,0.052461,1.00052461,1.6733914842754254
2016-02-29,0.052461,1.00052461,1.674269362181991
2016-03-01,0.052461,1.00052461,1.6751477006320854
2016-03-02,0.052461,1.00052461,1.676026499867314
2016-03-03,0.052461,1.00052461,1.6769057601294095
2016-03-04,0.052461,1.00052461,1.6777854816602311
2016-03-07,0.052461,1.00052461,1.678665664701765
2016-03-08,0.052461,1.00052461,1.6795463094961243
2016-03-09,0.052461,1.00052461,1.680427416285549
2016-03-10,0.052461,1.00052461,1.6813089853124066
2016-03-11,0.052461,1.00052461,1.6821910168191914
2016-03-14,0.052461,1.00052461,1.6830735110485249
2016-03-15,0.052461,1.00052461,1.683956468243156
2016-03-16,0.052461,1.00052461,1.6848398886459612
2016-03-17,0.052461,1.00052461,1.6857237724999439
2016-03-18,0.052461,1.00052461,1.6866081200482352
2016-03-21,0.052461,1.00052461,1.6874929315340939
2016-03-22,0.052461,1.00052461,1.688378207200906
2016-03-23,0.052461,1.00052461,1.6892639472921855
2016-03-24,0.052461,1.00052461,1.6901501520515745
2016-03-28,0.052461,1.00052461,1.6910368217228424
2016-03-29,0.052461,1.00052461,1.6919239565498865
2016-03-30,0.052461,1.00052461,1.6928115567767321
2016-03-31,0.052461,1.00052461,1.693699622647533
2016-04-01,0.052461,1.00052461,1.6945881544065702
2016-04-04,0.052461,1.00052461,1.6954771522982535
2016-04-05,0.052461,1.00052461,1.6963666165671207
2016-04-06,0.052461,1.00052461,1.697256547457838
2016-04-07,0.052461,1.00052461,1.6981469452152
2016-04-08,0.052461,1.00052461,1.6990378100841295
2016-04-11,0.052461,1.00052461,1.6999291423096778
2016-04-12,0.052461,1.00052461,1.700820942137025
2016-04-13,0.052461,1.00052461,1.7017132098114796
2016-04-14,0.052461,1.00052461,1.7026059455784788
2016-04-15,0.052461,1.00052461,1.7034991496835887
2016-04-18,0.052461,1.00052461,1.7043928223725042
2016-04-19,0.052461,1.00052461,1.705286963891049
2016-04-20,0.052461,1.00052461,1.706181574485176
2016-04-22,0.052461,1.00052461,1.7070766544009668
2016-04-25,0.052461,1.00052461,1.7079722038846321
2016-04-26,0.052461,1.00052461,1.708868223182512
2016-04-27,0.052461,1.00052461,1.709764712541076
2016-04-28,0.052461,1.00052461,1.7106616722069221
2016-04-29,0.052461,1.00052461,1.7115591024267787
2016-05-02,0.052461,1.00052461,1.7124570034475028
2016-05-03,0.052461,1.00052461,1.7133553755160815
2016-05-04,0.052461,1.00052461,1.714254218879631
2016-05-05,0.052461,1.00052461,1.7151535337853976
2016-05-06,0.052461,1.00052461,1.7160533204807569
2016-05-09,0.052461,1.00052461,1.7169535792132145
2016-05-10,0.052461,1.00052461,1.7178543102304056
2016-05-11,0.052461,1.00052461,1.7187555137800956
2016-05-12,0.052461,1.00052461,1.7196571901101798
2016-05-13,0.052461,1.00052461,1.7205593394686836
2016-05-16,0.052461,1.00052461,1.7214619621037623
2016-05-17,0.052461,1.00052461,1.7223650582637016
2016-05-18,0.052461,1.00052461,1.7232686281969174
2016-05-19,0.052461,1.00052461,1.724172672151956
2016-05-20,0.052461,1.00052461,1.7250771903774935
2016-05-23,0.052461,1.00052461,1.7259821831223374
2016-05-24,0.052461,1.00052461,1.7268876506354254
2016-05-25,0.052461,1.00052461,1.7277935931658253
2016-05-27,0.052461,1.00052461,1.728700010962736
2016-05-30,0.052461,1.00052461,1.7296069042754871
2016-05-31,0.052461,1.00052461,1.7305142733535392
2016-06-01,0.052461,1.00052461,1.7314221184464833
2016-06-02,0.052461,1.00052461,1.7323304398040416
2016-06-03,0.052461,1.00052461,1.7332392376760672
2016-06-06,0.052461,1.00052461,1.7341485123125446
2016-06-07,0.052461,1.00052461,1.735058263963589
2016-06-08,0.052461,1.00052461,1.735968492879447
2016-06-09,0.052461,1.00052461,1.7368791993104966
2016-06-10,0.052461,1.00052461,1.737790383507247
2016-06-13,0.052461,1.00052461,1.7387020457203388
2016-06-14,0.052461,1.00052461,1.7396141862005443
2016-06-15,0.052461,1.00052461,1.740526805198767
2016-06-16,0.052461,1.00052461,1.7414399029660423
2016-06-17,0.052461,1.00052461,1.7423534797535374
2016-06-20,0.052461,1.00052461,1.743267535812551
2016-06-21,0.052461,1.00052461,1.7441820713945135
2016-06-22,0.052461,1.00052461,1.7450970867509878
2016-06-23,0.052461,1.00052461,1.7460125821336683
2016-06-24,0.052461,1.00052461,1.7469285577943814
2016-06-27,0.052461,1.00052461,1.747845013985086
2016-06-28,0.052461,1.00052461,1.748761950957873
2016-06-29,0.052461,1.00052461,1.749679368964965
2016-06-30,0.052461,1.00052461,1.7505972682587179
2016-07-01,0.052461,1.00052461,1.751515649091619
2016-07-04,0.052461,1.00052461,1.7524345117162892
2016-07-05,0.052461,1.00052461,1.7533538563854807
2016-07-06,0.052461,1.00052461,1.7542736833520791
2016-07-07,0.052461,1.00052461,1.7551939928691025
2016-07-08,0.052461,1.00052461,1.7561147851897017
2016-07-11,0.052461,1.00052461,1.75703606056716
2016-07-12,0.052461,1.00052461,1.7579578192548941
2016-07-13,0.052461,1.00052461,1.7588800615064535
2016-07-14,0.052461,1.00052461,1.7598027875755204
2016-07-15,0.052461,1.00052461,1.7607259977159104
2016-07-18,0.052461,1.00052461,1.7616496921815723
2016-07-19,0.052461,1.00052461,1.7625738712265877
2016-07-20,0.052461,1.00052461,1.763498535105172
2016-07-21,0.052461,1.00052461,1.7644236840716736
2016-07-22,0.052461,1.00052461,1.7653493183805744
2016-07-25,0.052461,1.00052461,1.76627543828649
2016-07-26,0.052461,1.00052461,1.7672020440441696
2016-07-27,0.052461,1.00052461,1.7681291359084956
2016-07-28,0.052461,1.00052461,1.7690567141344846
2016-07-29,0.052461,1.00052461,1.7699847789772867
2016-08-01,0.052461,1.00052461,1.770913330692186
2016-08-02,0.052461,1.00052461,1.7718423695346006
2016-08-03,0.052461,1.00052461,1.7727718957600822
2016-08-04,0.052461,1.00052461,1.773701909624317
2016-08-05,0.052461,1.00052461,1.774632411383125
2016-08-08,0.052461,1.00052461,1.7755634012924608
2016-08-09,0.052461,1.00052461,1.776494879608413
2016-08-10,0.052461,1.00052461,1.7774268465872045
2016-08-11,0.052461,1.00052461,1.7783593024851927
2016-08-12,0.052461,1.00052461,1.7792922475588695
2016-08-15,0.052461,1.00052461,1.7802256820648614
2016-08-16,0.052461,1.00052461,1.7811596062599295
2016-08-17,0.052461,1.00052461,1.7820940204009696
2016-08-18,0.052461,1.00052461,1.7830289247450122
2016-08-19,0.052461,1.00052461,1.7839643195492227
2016-08-22,0.052461,1.00052461,1.7849002050709015
2016-08-23,0.052461,1.00052461,1.785836581567484
2016-08-24,0.052461,1.00052461,1.7867734492965401
2016-08-25,0.052461,1.00052461,1.7877108085157756
2016-08-26,0.052461,1.00052461,1.788648659483031
2016-08-29,0.052461,1.00052461,1.7895870024562825
2016-08-30,0.052461,1.00052461,1.7905258376936413
2016-08-31,0.052461,1.00052461,1.7914651654533538
2016-09-01,0.052461,1.00052461,1.7924049859938023
2016-09-02,0.052461,1.00052461,1.7933452995735046
2016-09-05,0.052461,1.00052461,1.794286106451114
2016-09-06,0.052461,1.00052461,1.7952274068854193
2016-09-08,0.052461,1.00052461,1.7961692011353454
2016-09-09,0.052461,1.00052461,1.7971114894599531
2016-09-12,0.052461,1.00052461,1.7980542721184387
2016-09-13,0.052461,1.00052461,1.798997549370135
2016-09-14,0.052461,1.00052461,1.7999413214745101
2016-09-15,0.052461,1.00052461,1.800885588691169
2016-09-16,0.052461,1.00052461,1.8018303512798524
2016-09-19,0.052461,1.00052461,1.8027756095004372
2016-09-20,0.052461,1.00052461,1.8037213636129374
2016-09-21,0.052461,1.00052461,1.8046676138775024
2016-09-22,0.052461,1.00052461,1.8056143605544188
2016-09-23,0.052461,1.00052461,1.8065616039041092
2016-09-26,0.052461,1.00052461,1.8075093441871335
2016-09-27,0.052461,1.00052461,1.8084575816641875
2016-09-28,0.052461,1.00052461,1.8094063165961043
2016-09-29,0.052461,1.00052461,1.810355549243854
2016-09-30,0.052461,1.00052461,1.8113052798685427
2016-10-03,0.052461,1.00052461,1.8122555087314147
2016-10-04,0.052461,1.00052461,1.8132062360938503
2016-10-05,0.052461,1.00052461,1.8141574622173675
2016-10-06,0.052461,1.00052461,1.8151091873636214
2016-10-07,0.052461,1.00052461,1.8160614117944043
2016-10-10,0.052461,1.00052461,1.8170141357716458
2016-10-11,0.052461,1.00052461,1.817967359557413
2016-10-13,0.052461,1.00052461,1.8189210834139105
2016-10-14,0.052461,1.00052461,1.8198753076034804
2016-10-17,0.052461,1.00052461,1.8208300323886022
2016-10-18,0.052461,1.00052461,1.8217852580318936
2016-10-19,0.052461,1.00052461,1.8227409847961098
2016-10-20,0.051591,1.00051591,1.8236813550975761
2016-10-21,0.051591,1.00051591,1.8246222105454846
2016-10-24,0.051591,1.00051591,1.8255635513901272
2016-10-25,0.051591,1.00051591,1.826505377881925
2016-10-26,0.051591,1.00051591,1.827447690271428
2016-10-27,0.051591,1.00051591,1.828390488809316
2016-10-28,0.051591,1.00051591,1.8293337737463977
2016-10-31,0.051591,1.00051591,1.8302775453336113
2016-11-01,0.051591,1.00051591,1.8312218038220245
2016-11-03,0.051591,1.00051591,1.8321665494628345
2016-11-04,0.051591,1.00051591,1.833111782507368
2016-11-07,0.051591,1.00051591,1.8340575032070814
2016-11-08,0.051591,1.00051591,1.8350037118135611
2016-11-09,0.051591,1.00051591,1.835950408578523
2016-11-10,0.051591,1.00051591,1.8368975937538128
2016-11-11,0.051591,1.00051591,1.8378452675914065
2016-11-14,0.051591,1.00051591,1.8387934303434097
2016-11-16,0.051591,1.00051591,1.8397420822620583
2016-11-17,0.051591,1.00051591,1.8406912235997182
2016-11-18,0.051591,1.00051591,1.8416408546088856
2016-11-21,0.051591,1.00051591,1.842590975542187
2016-11-22,0.051591,1.00051591,1.843541586652379
2016-11-23,0.051591,1.00051591,1.844492688192349
2016-11-24,0.051591,1.00051591,1.8454442804151143
2016-11-25,0.051591,1.00051591,1.8463963635738234
2016-11-28,0.051591,1.00051591,1.847348937921755
2016-11-29,0.051591,1.00051591,1.8483020037123183
2016-11-30,0.051591,1.00051591,1.8492555611990538
2016-12-01,0.050718,1.00050718,1.8501934666345827
2016-12-02,0.050718,1.00050718,1.8511318477569905
2016-12-05,0.050718,1.00050718,1.852070704807536
2016-12-06,0.050718,1.00050718,1.8530100380276004
2016-12-07,0.050718,1.00050718,1.8539498476586873
2016-12-08,0.050718,1.00050718,1.8548901339424229
2016-12-09,0.050718,1.00050718,1.855830897120556
2016-12-12,0.050718,1.00050718,1.8567721374349577
2016-12-13,0.050718,1.00050718,1.857713855127622
2016-12-14,0.050718,1.00050718,1.8586560504406657
2016-12-15,0.050718,1.00050718,1.8595987236163283
2016-12-16,0.050718,1.00050718,1.8605418748969722
2016-12-19,0.050718,1.00050718,1.8614855045250824
2016-12-20,0.050718,1.00050718,1.8624296127432676
2016-12-21,0.050718,1.00050718,1.8633741997942588
2016-12-22,0.050718,1.00050718,1.8643192659209105
2016-12-23,0.050718,1.00050718,1.8652648113662003
2016-12-26,0.050718,1.00050718,1.866210836373229
2016-12-27,0.050718,1.00050718,1.867157341185221
2016-12-28,0.050718,1.00050718,1.8681043260455232
2016-12-29,0.050718,1.00050718,1.869051791197607
2016-12-30,0.050718,1.00050718,1.8699997368850667
2017-01-02,0.050718,1.00050718,1.87094816335162
2017-01-03,0.050718,1.00050718,1.871897070841109
2017-01-04,0.050718,1.00050718,1.8728464595974983
2017-01-05,0.050718,1.00050718,1.873796329864877
2017-01-06,0.050718,1.00050718,1.8747466818874579
2017-01-09,0.050718,1.00050718,1.8756975159095777
2017-01-10,0.050718,1.00050718,1.876648832175697
2017-01-11,0.050718,1.00050718,1.8776006309303999
2017-01-12,0.048089,1.00048089,1.8785035502978078
2017-01-13,0.048089,1.00048089,1.8794069038701104
2017-01-16,0.048089,1.00048089,1.8803106918561125
2017-01-17,0.048089,1.00048089,1.8812149144647192
2017-01-18,0.048089,1.00048089,1.8821195719049362
2017-01-19,0.048089,1.00048089,1.8830246643858695
2017-01-20,0.048089,1.00048089,1.883930192116726
2017-01-23,0.048089,1.00048089,1.884836155306813
2017-01-24,0.048089,1.00048089,1.8857425541655384
2017-01-25,0.048089,1.00048089,1.886649388902411
2017-01-26,0.048089,1.00048089,1.8875566597270401
2017-01-27,0.048089,1.00048089,1.888464366849136
2017-01-30,0.048089,1.00048089,1.8893725104785102
2017-01-31,0.048089,1.00048089,1.890281090825074
2017-02-01,0.048089,1.00048089,1.8911901080988407
2017-02-02,0.048089,1.00048089,1.8920995625099242
2017-02-03,0.048089,1.00048089,1.8930094542685394
2017-02-06,0.048089,1.00048089,1.8939197835850026
2017-02-07,0.048089,1.00048089,1.8948305506697307
2017-02-08,0.048089,1.00048089,1.895741755733242
2017-02-09,0.048089,1.00048089,1.8966533989861565
2017-02-10,0.048089,1.00048089,1.8975654806391948
2017-02-13,0.048089,1.00048089,1.8984780009031794
2017-02-14,0.048089,1.00048089,1.8993909599890337
2017-02-15,0.048089,1.00048089,1.9003043581077828
2017-02-16,0.048089,1.00048089,1.9012181954705532
2017-02-17,0.048089,1.00048089,1.9021324722885729
2017-02-20,0.048089,1.00048089,1.9030471887731717
2017-02-21,0.048089,1.00048089,1.9039623451357808
2017-02-22,0.048089,1.00048089,1.904877941587933
2017-02-23,0.045442,1.00045442,1.9057435562221496
2017-02-24,0.045442,1.00045442,1.9066095642089682
2017-03-01,0.045442,1.00045442,1.907475965727136
2017-03-02,0.045442,1.00045442,1.908342760955482
2017-03-03,0.045442,1.00045442,1.9092099500729154
2017-03-06,0.045442,1.00045442,1.9100775332584277
2017-03-07,0.045442,1.00045442,1.910945510691091
2017-03-08,0.045442,1.00045442,1.9118138825500595
2017-03-09,0.045442,1.00045442,1.912682649014568
2017-03-10,0.045442,1.00045442,1.9135518102639335
2017-03-13,0.045442,1.00045442,1.9144213664775538
2017-03-14,0.045442,1.00045442,1.9152913178349087
2017-03-15,0.045442,1.00045442,1.9161616645155592
2017-03-16,0.045442,1.00045442,1.9170324066991484
2017-03-17,0.045442,1.00045442,1.9179035445654007
2017-03-20,0.045442,1.00045442,1.9187750782941222
2017-03-21,0.045442,1.00045442,1.9196470080652008
2017-03-22,0.045442,1.00045442,1.920519334058606
2017-03-23,0.045442,1.00045442,1.921392056454389
2017-03-24,0.045442,1.00045442,1.9222651754326832
2017-03-27,0.045442,1.00045442,1.9231386911737034
2017-03-28,0.045442,1.00045442,1.9240126038577468
2017-03-29,0.045442,1.00045442,1.9248869136651918
2017-03-30,0.045442,1.00045442,1.9257616207764996
2017-03-31,0.045442,1.00045442,1.926636725372213
2017-04-03,0.045442,1.00045442,1.9275122276329568
2017-04-04,0.045442,1.00045442,1.928388127739438
2017-04-05,0.045442,1.00045442,1.9292644258724454
2017-04-06,0.045442,1.00045442,1.9301411222128504
2017-04-07,0.045442,1.00045442,1.9310182169416066
2017-04-10,0.045442,1.00045442,1.9318957102397494
2017-04-11,0.045442,1.00045442,1.9327736022883966
2017-04-12,0.045442,1.00045442,1.9336518932687485
2017-04-13,0.041886,1.00041886,1.9344618227007628
2017-04-17,0.041886,1.00041886,1.9352720913798191
2017-04-18,0.041886,1.00041886,1.9360826994480143
2017-04-19,0.041886,1.00041886,1.9368936470475049
2017-04-20,0.041886,1.00041886,1.937704934320507
2017-04-24,0.041886,1.00041886,1.9385165614092963
2017-04-25,0.041886,1.00041886,1.939328528456208
2017-04-26,0.041886,1.00041886,1.9401408356036371
2017-04-27,0.041886,1.00041886,1.9409534829940378
2017-04-28,0.041886,1.00041886,1.9417664707699245
2017-05-02,0.041886,1.00041886,1.942579799073871
2017-05-03,0.041886,1.00041886,1.9433934680485108
2017-05-04,0.041886,1.00041886,1.9442074778365375
2017-05-05,0.041886,1.00041886,1.945021828580704
2017-05-08,0.041886,1.00041886,1.945836520423823
2017-05-09,0.041886,1.00041886,1.9466515535087676
2017-05-10,0.041886,1.00041886,1.9474669279784702
2017-05-11,0.041886,1.00041886,1.948282643975923
2017-05-12,0.041886,1.00041886,1.9490987016441788
2017-05-15,0.041886,1.00041886,1.9499151011263494
2017-05-16,0.041886,1.00041886,1.950731842565607
2017-05-17,0.041886,1.00041886,1.951548926105184
2017-05-18,0.041886,1.00041886,1.9523663518883723
2017-05-19,0.041886,1.00041886,1.953184120058524
2017-05-22,0.041886,1.00041886,1.9540022307590517
2017-05-23,0.041886,1.00041886,1.9548206841334272
2017-05-24,0.041886,1.00041886,1.955639480325183
2017-05-25,0.041886,1.00041886,1.9564586194779119
2017-05-26,0.041886,1.00041886,1.9572781017352663
2017-05-29,0.041886,1.00041886,1.9580979272409589
2017-05-30,0.041886,1.00041886,1.9589180961387629
2017-05-31,0.041886,1.00041886,1.9597386085725115
2017-06-01,0.038334,1.00038334,1.9604898547707215
2017-06-02,0.038334,1.00038334,1.9612413889516491
2017-06-05,0.038334,1.00038334,1.9619932112256897
2017-06-06,0.038334,1.00038334,1.9627453217032809
2017-06-07,0.038334,1.00038334,1.9634977204949025
2017-06-08,0.038334,1.00038334,1.964250407711077
2017-06-09,0.038334,1.00038334,1.9650033834623688
2017-06-12,0.038334,1.00038334,1.965756647859385
2017-06-13,0.038334,1.00038334,1.9665102010127755
2017-06-14,0.038334,1.00038334,1.9672640430332318
2017-06-16,0.038334,1.00038334,1.968018174031488
2017-06-19,0.038334,1.00038334,1.9687725941183212
2017-06-20,0.038334,1.00038334,1.9695273034045504
2017-06-21,0.038334,1.00038334,1.9702823020010374
2017-06-22,0.038334,1.00038334,1.9710375900186863
2017-06-23,0.038334,1.00038334,1.971793167568444
2017-06-26,0.038334,1.00038334,1.9725490347612995
2017-06-27,0.038334,1.00038334,1.973305191708285
2017-06-28,0.038334,1.00038334,1.9740616385204743
2017-06-29,0.038334,1.00038334,1.9748183753089847
2017-06-30,0.038334,1.00038334,1.9755754021849756
2017-07-03,0.038334,1.00038334,1.9763327192596492
2017-07-04,0.038334,1.00038334,1.97709032664425
2017-07-05,0.038334,1.00038334,1.977848224450066
2017-07-06,0.038334,1.00038334,1.9786064127884264
2017-07-07,0.038334,1.00038334,1.9793648917707047
2017-07-10,0.038334,1.00038334,1.980123661508316
2017-07-11,0.038334,1.00038334,1.9808827221127185
2017-07-12,0.038334,1.00038334,1.9816420736954132
2017-07-13,0.038334,1.00038334,1.9824017163679435
2017-07-14,0.038334,1.00038334,1.9831616502418958
2017-07-17,0.038334,1.00038334,1.9839218754288994
2017-07-18,0.038334,1.00038334,1.9846823920406262
2017-07-19,0.038334,1.00038334,1.985443200188791
2017-07-20,0.038334,1.00038334,1.9862042999851512
2017-07-21,0.038334,1.00038334,1.9869656915415075
2017-07-24,0.038334,1.00038334,1.9877273749697029
2017-07-25,0.038334,1.00038334,1.9884893503816237
2017-07-26,0.038334,1.00038334,1.9892516178891988
2017-07-27,0.034713,1.00034713,1.9899421468033167
2017-07-28,0.034713,1.00034713,1.9906329154207365
2017-07-31,0.034713,1.00034713,1.9913239238246665
2017-08-01,0.034713,1.00034713,1.9920151720983437
2017-08-02,0.034713,1.00034713,1.992706660325034
2017-08-03,0.034713,1.00034713,1.9933983885880326
2017-08-04,0.034713,1.00034713,1.9940903569706632
2017-08-07,0.034713,1.00034713,1.9947825655562783
2017-08-08,0.034713,1.00034713,1.9954750144282598
2017-08-09,0.034713,1.00034713,1.9961677036700183
2017-08-10,0.034713,1.00034713,1.9968606333649932
2017-08-11,0.034713,1.00034713,1.9975538035966531
2017-08-14,0.034713,1.00034713,1.9982472144484955
2017-08-15,0.034713,1.00034713,1.9989408660040469
2017-08-16,0.034713,1.00034713,1.9996347583468628
2017-08-17,0.034713,1.00034713,2.0003288915605277
2017-08-18,0.034713,1.00034713,2.001023265728655
2017-08-21,0.034713,1.00034713,2.0017178809348875
2017-08-22,0.034713,1.00034713,2.002412737262896
2017-08-23,0.034713,1.00034713,2.003107834796382
2017-08-24,0.034713,1.00034713,2.003803173619075
2017-08-25,0.034713,1.00034713,2.0044987538147336
2017-08-28,0.034713,1.00034713,2.0051945754671454
2017-08-29,0.034713,1.00034713,2.0058906386601274
2017-08-30,0.034713,1.00034713,2.0065869434775254
2017-08-31,0.034713,1.00034713,2.0072834900032146
2017-09-01,0.034713,1.00034713,2.0079802783210994
2017-09-04,0.034713,1.00034713,2.008677308515113
2017-09-05,0.034713,1.00034713,2.009374580669218
2017-09-06,0.034713,1.00034713,2.0100720948674056
2017-09-08,0.031059,1.00031059,2.0106964031593506
2017-09-11,0.031059,1.00031059,2.0113209053552077
2017-09-12,0.031059,1.00031059,2.011945601515202
2017-09-13,0.031059,1.00031059,2.0125704916995764
2017-09-14,0.031059,1.00031059,2.0131955759685933
2017-09-15,0.031059,1.00031059,2.0138208543825336
2017-09-18,0.031059,1.00031059,2.0144463270016963
2017-09-19,0.031059,1.00031059,2.0150719938863997
2017-09-20,0.031059,1.00031059,2.015697855096981
2017-09-21,0.031059,1.00031059,2.016323910693796
2017-09-22,0.031059,1.00031059,2.0169501607372182
2017-09-25,0.031059,1.00031059,2.0175766052876414
2017-09-26,0.031059,1.00031059,2.018203244405478
2017-09-27,0.031059,1.00031059,2.018830078151158
2017-09-28,0.031059,1.00031059,2.019457106585131
2017-09-29,0.031059,1.00031059,2.0200843297678652
2017-10-02,0.031059,1.00031059,2.0207117477598477
2017-10-03,0.031059,1.00031059,2.0213393606215844
2017-10-04,0.031059,1.00031059,2.0219671684136
2017-10-05,0.031059,1.00031059,2.0225951711964374
2017-10-06,0.031059,1.00031059,2.023223369030659
2017-10-09,0.031059,1.00031059,2.0238517619768466
2017-10-10,0.031059,1.00031059,2.024480350095599
2017-10-11,0.031059,1.00031059,2.025109133447535
2017-10-13,0.031059,1.00031059,2.0257381120932925
2017-10-16,0.031059,1.00031059,2.0263672860935276
2017-10-17,0.031059,1.00031059,2.026996655508915
2017-10-18,0.031059,1.00031059,2.02762622040015
2017-10-19,0.031059,1.00031059,2.028255980827944
2017-10-20,0.031059,1.00031059,2.028885936853029
2017-10-23,0.031059,1.00031059,2.0295160885361563
2017-10-24,0.031059,1.00031059,2.0301464359380947
2017-10-25,0.031059,1.00031059,2.030776979119633
2017-10-26,0.028296,1.00028296,2.0313516077736447
2017-10-27,0.028296,1.00028296,2.0319263990245804
2017-10-30,0.028296,1.00028296,2.0325013529184486
2017-10-31,0.028296,1.00028296,2.0330764695012706
2017-11-01,0.028296,1.00028296,2.033651748819081
2017-11-03,0.028296,1.00028296,2.034227190917927
2017-11-06,0.028296,1.00028296,2.034802795843869
2017-11-07,0.028296,1.00028296,2.0353785636429813
2017-11-08,0.028296,1.00028296,2.03595449436135
2017-11-09,0.028296,1.00028296,2.0365305880450744
2017-11-10,0.028296,1.00028296,2.0371068447402676
2017-11-13,0.028296,1.00028296,2.0376832644930554
2017-11-14,0.028296,1.00028296,2.0382598473495763
2017-11-16,0.028296,1.00028296,2.0388365933559824
2017-11-17,0.028296,1.00028296,2.0394135025584386
2017-11-20,0.028296,1.00028296,2.0399905750031224
2017-11-21,0.028296,1.00028296,2.0405678107362255
2017-11-22,0.028296,1.00028296,2.0411452098039518
2017-11-23,0.028296,1.00028296,2.041722772252518
2017-11-24,0.028296,1.00028296,2.0423004981281547
2017-11-27,0.028296,1.00028296,2.042878387477105
2017-11-28,0.028296,1.00028296,2.0434564403456257
2017-11-29,0.028296,1.00028296,2.044034656779986
2017-11-30,0.028296,1.00028296,2.0446130368264686
2017-12-01,0.028296,1.00028296,2.045191580531369
2017-12-04,0.028296,1.00028296,2.0457702879409965
2017-12-05,0.028296,1.00028296,2.0463491591016725
2017-12-06,0.028296,1.00028296,2.046928194059732
2017-12-07,0.026444,1.00026444,2.047469483751369
2017-12-08,0.026444,1.00026444,2.0480109165816525
2017-12-11,0.026444,1.00026444,2.0485524925884335
2017-12-12,0.026444,1.00026444,2.0490942118095736
2017-12-13,0.026444,1.00026444,2.0496360742829447
2017-12-14,0.026444,1.00026444,2.050178080046428
2017-12-15,0.026444,1.00026444,2.0507202291379154
2017-12-18,0.026444,1.00026444,2.0512625215953086
2017-12-19,0.026444,1.00026444,2.0518049574565196
2017-12-20,0.026444,1.00026444,2.0523475367594695
2017-12-21,0.026444,1.00026444,2.05289025954209
2017-12-22,0.026444,1.00026444,2.0534331258423237
2017-12-26,0.026444,1.00026444,2.0539761356981217
2017-12-27,0.026444,1.00026444,2.0545192891474455
2017-12-28,0.026444,1.00026444,2.0550625862282677
2017-12-29,0.026444,1.00026444,2.05560602697857
2018-01-02,0.026444,1.00026444,2.0561496114363442
2018-01-03,0.026444,1.00026444,2.0566933396395926
2018-01-04,0.026444,1.00026444,2.057237211626327
2018-01-05,0.026444,1.00026444,2.0577812274345693
2018-01-08,0.026444,1.00026444,2.058325387102352
2018-01-09,0.026444,1.00026444,2.0588696906677173
2018-01-10,0.026444,1.00026444,2.0594141381687177
2018-01-11,0.026444,1.00026444,2.059958729643415
2018-01-12,0.026444,1.00026444,2.060503465129882
2018-01-15,0.026444,1.00026444,2.061048344666201
2018-01-16,0.026444,1.00026444,2.0615933682904646
2018-01-17,0.026444,1.00026444,2.0621385360407753
2018-01-18,0.026444,1.00026444,2.062683847955246
2018-01-19,0.026444,1.00026444,2.0632293040719993
2018-01-22,0.026444,1.00026444,2.063774904429168
2018-01-23,0.026444,1.00026444,2.064320649064895
2018-01-24,0.026444,1.00026444,2.0648665380173337
2018-01-25,0.026444,1.00026444,2.065412571324647
2018-01-26,0.026444,1.00026444,2.065958749025008
2018-01-29,0.026444,1.00026444,2.0665050711566004
2018-01-30,0.026444,1.00026444,2.0670515377576173
2018-01-31,0.026444,1.00026444,2.067598148866262
2018-02-01,0.026444,1.00026444,2.0681449045207483
2018-02-02,0.026444,1.00026444,2.0686918047593
2018-02-05,0.026444,1.00026444,2.0692388496201506
2018-02-06,0.026444,1.00026444,2.0697860391415444
2018-02-07,0.026444,1.00026444,2.070333373361735
2018-02-08,0.025515,1.00025515,2.0708616189219486
2018-02-09,0.025515,1.00025515,2.071389999264017
2018-02-14,0.025515,1.00025515,2.0719185144223293
2018-02-15,0.025515,1.00025515,2.0724471644312845
2018-02-16,0.025515,1.00025515,2.0729759493252895
2018-02-19,0.025515,1.00025515,2.07350486913876
2018-02-20,0.025515,1.00025515,2.074033923906121
2018-02-21,0.025515,1.00025515,2.0745631136618057
2018-02-22,0.025515,1.00025515,2.0750924384402567
2018-02-23,0.025515,1.00025515,2.075621898275925
2018-02-26,0.025515,1.00025515,2.0761514932032705
2018-02-27,0.025515,1.00025515,2.0766812232567617
2018-02-28,0.025515,1.00025515,2.077211088470876
2018-03-01,0.025515,1.00025515,2.0777410888801
2018-03-02,0.025515,1.00025515,2.078271224518928
2018-03-05,0.025515,1.00025515,2.078801495421864
2018-03-06,0.025515,1.00025515,2.079331901623421
2018-03-07,0.025515,1.00025515,2.0798624431581203
2018-03-08,0.025515,1.00025515,2.080393120060492
2018-03-09,0.025515,1.00025515,2.0809239323650757
2018-03-12,0.025515,1.00025515,2.0814548801064188
2018-03-13,0.025515,1.00025515,2.0819859633190783
2018-03-14,0.025515,1.00025515,2.0825171820376194
2018-03-15,0.025515,1.00025515,2.0830485362966167
2018-03-16,0.025515,1.00025515,2.0835800261306527
2018-03-19,0.025515,1.00025515,2.0841116515743203
2018-03-20,0.025515,1.00025515,2.0846434126622198
2018-03-21,0.025515,1.00025515,2.0851753094289607
2018-03-22,0.024583,1.00024583,2.0856879080752773
2018-03-23,0.024583,1.00024583,2.086200632733719
2018-03-26,0.024583,1.00024583,2.086713483435264
2018-03-27,0.024583,1.00024583,2.0872264602108963
2018-03-28,0.024583,1.00024583,2.08773956309161
2018-03-29,0.024583,1.00024583,2.0882527921084044
2018-04-02,0.024583,1.00024583,2.0887661472922883
2018-04-03,0.024583,1.00024583,2.089279628674277
2018-04-04,0.024583,1.00024583,2.0897932362853937
2018-04-05,0.024583,1.00024583,2.0903069701566697
2018-04-06,0.024583,1.00024583,2.090820830319143
2018-04-09,0.024583,1.00024583,2.0913348168038604
2018-04-10,0.024583,1.00024583,2.091848929641875
2018-04-11,0.024583,1.00024583,2.092363168864249
2018-04-12,0.024583,1.00024583,2.0928775345020507
2018-04-13,0.024583,1.00024583,2.0933920265863573
2018-04-16,0.024583,1.00024583,2.0939066451482526
2018-04-17,0.024583,1.00024583,2.0944213902188293
2018-04-18,0.024583,1.00024583,2.0949362618291865
2018-04-19,0.024583,1.00024583,2.0954512600104316
2018-04-20,0.024583,1.00024583,2.09596638479368
2018-04-23,0.024583,1.00024583,2.0964816362100533
2018-04-24,0.024583,1.00024583,2.0969970142906824
2018-04-25,0.024583,1.00024583,2.097512519066705
2018-04-26,0.024583,1.00024583,2.098028150569267
2018-04-27,0.024583,1.00024583,2.0985439088295212
2018-04-30,0.024583,1.00024583,2.0990597938786286
2018-05-02,0.024583,1.00024583,2.0995758057477576
2018-05-03,0.024583,1.00024583,2.1000919444680846
2018-05-04,0.024583,1.00024583,2.100608210070793
2018-05-07,0.024583,1.00024583,2.1011246025870745
2018-05-08,0.024583,1.00024583,2.1016411220481284
2018-05-09,0.024583,1.00024583,2.1021577684851613
2018-05-10,0.024583,1.00024583,2.102674541929388
2018-05-11,0.024583,1.00024583,2.1031914424120304
2018-05-14,0.024583,1.00024583,2.1037084699643183
2018-05-15,0.024583,1.00024583,2.1042256246174893
2018-05-16,0.024583,1.00024583,2.1047429064027887
2018-05-17,0.024583,1.00024583,2.1052603153514693
2018-05-18,0.024583,1.00024583,2.105777851494792
2018-05-21,0.024583,1.00024583,2.1062955148640246
2018-05-22,0.024583,1.00024583,2.1068133054904434
2018-05-23,0.024583,1.00024583,2.107331223405332
2018-05-24,0.024583,1.00024583,2.1078492686399812
2018-05-25,0.024583,1.00024583,2.108367441225691
2018-05-28,0.024583,1.00024583,2.108885741193767
2018-05-29,0.024583,1.00024583,2.1094041685755247
2018-05-30,0.024583,1.00024583,2.1099227234022853
2018-06-01,0.024583,1.00024583,2.110441405705379
2018-06-04,0.024583,1.00024583,2.110960215516143
2018-06-05,0.024583,1.00024583,2.111479152865923
2018-06-06,0.024583,1.00024583,2.111998217786072
2018-06-07,0.024583,1.00024583,2.1125174103079503
2018-06-08,0.024583,1.00024583,2.113036730462926
2018-06-11,0.024583,1.00024583,2.1135561782823755
2018-06-12,0.024583,1.00024583,2.1140757537976826
2018-06-13,0.024583,1.00024583,2.1145954570402385
2018-06-14,0.024583,1.00024583,2.1151152880414426
2018-06-15,0.024583,1.00024583,2.1156352468327015
2018-06-18,0.024583,1.00024583,2.1161553334454304
2018-06-19,0.024583,1.00024583,2.116675547911051
2018-06-20,0.024583,1.00024583,2.117195890260994
2018-06-21,0.024583,1.00024583,2.1177163605266967
2018-06-22,0.024583,1.00024583,2.1182369587396046
2018-06-25,0.024583,1.00024583,2.1187576849311713
2018-06-26,0.024583,1.00024583,2.119278539132858
2018-06-27,0.024583,1.00024583,2.119799521376133
2018-06-28,0.024583,1.00024583,2.1203206316924725
2018-06-29,0.024583,1.00024583,2.1208418701133613
2018-07-02,0.024583,1.00024583,2.121363236670291
2018-07-03,0.024583,1.00024583,2.1218847313947613
2018-07-04,0.024583,1.00024583,2.12240635431828
2018-07-05,0.024583,1.00024583,2.122928105472362
2018-07-06,0.024583,1.00024583,2.1234499848885298
2018-07-09,0.024583,1.00024583,2.1239719925983147
2018-07-10,0.024583,1.00024583,2.124494128633255
2018-07-11,0.024583,1.00024583,2.1250163930248966
2018-07-12,0.024583,1.00024583,2.125538785804794
2018-07-13,0.024583,1.00024583,2.126061307004508
2018-07-16,0.024583,1.00024583,2.1265839566556086
2018-07-17,0.024583,1.00024583,2.127106734789673
2018-07-18,0.024583,1.00024583,2.1276296414382863
2018-07-19,0.024583,1.00024583,2.1281526766330408
2018-07-20,0.024583,1.00024583,2.128675840405537
2018-07-23,0.024583,1.00024583,2.1291991327873836
2018-07-24,0.024583,1.00024583,2.1297225538101965
2018-07-25,0.024583,1.00024583,2.1302461035055993
2018-07-26,0.024583,1.00024583,2.130769781905224
2018-07-27,0.024583,1.00024583,2.1312935890407094
2018-07-30,0.024583,1.00024583,2.131817524943703
2018-07-31,0.024583,1.00024583,2.1323415896458595
2018-08-01,0.024583,1.00024583,2.132865783178842
2018-08-02,0.024583,1.00024583,2.1333901055743207
2018-08-03,0.024583,1.00024583,2.133914556863974
2018-08-06,0.024583,1.00024583,2.1344391370794877
2018-08-07,0.024583,1.00024583,2.134963846252556
2018-08-08,0.024583,1.00024583,2.13548868441488
2018-08-09,0.024583,1.00024583,2.1360136515981694
2018-08-10,0.024583,1.00024583,2.1365387478341415
2018-08-13,0.024583,1.00024583,2.1370639731545213
2018-08-14,0.024583,1.00024583,2.1375893275910416
2018-08-15,0.024583,1.00024583,2.138114811175443
2018-08-16,0.024583,1.00024583,2.1386404239394743
2018-08-17,0.024583,1.00024583,2.139166165914891
2018-08-20,0.024583,1.00024583,2.139692037133458
2018-08-21,0.024583,1.00024583,2.140218037626946
2018-08-22,0.024583,1.00024583,2.1407441674271355
2018-08-23,0.024583,1.00024583,2.141270426565814
2018-08-24,0.024583,1.00024583,2.1417968150747764
2018-08-27,0.024583,1.00024583,2.142323332985826
2018-08-28,0.024583,1.00024583,2.1428499803307735
2018-08-29,0.024583,1.00024583,2.143376757141438
2018-08-30,0.024583,1.00024583,2.143903663449646
2018-08-31,0.024583,1.00024583,2.1444306992872315
2018-09-03,0.024583,1.00024583,2.144957864686037
2018-09-04,0.024583,1.00024583,2.1454851596779125
2018-09-05,0.024583,1.00024583,2.146012584294716
2018-09-06,0.024583,1.00024583,2.1465401385683127
2018-09-10,0.024583,1.00024583,2.147067822530577
2018-09-11,0.024583,1.00024583,2.1475956362133894
2018-09-12,0.024583,1.00024583,2.1481235796486398
2018-09-13,0.024583,1.00024583,2.1486516528682245
2018-09-14,0.024583,1.00024583,2.1491798559040487
2018-09-17,0.024583,1.00024583,2.149708188788025
2018-09-18,0.024583,1.00024583,2.1502366515520746
2018-09-19,0.024583,1.00024583,2.1507652442281255
2018-09-20,0.024583,1.00024583,2.151293966848114
2018-09-21,0.024583,1.00024583,2.151822819443984
2018-09-24,0.024583,1.00024583,2.1523518020476877
2018-09-25,0.024583,1.00024583,2.1528809146911847
2018-09-26,0.024583,1.00024583,2.153410157406443
2018-09-27,0.024583,1.00024583,2.153939530225438
2018-09-28,0.024583,1.00024583,2.154469033180153
2018-10-01,0.02462,1.0002462,2.154999463456122
2018-10-02,0.02462,1.0002462,2.155530024324025
2018-10-03,0.02462,1.0002462,2.156060715816014
2018-10-04,0.02462,1.0002462,2.1565915379642484
2018-10-05,0.02462,1.0002462,2.1571224908008952
2018-10-08,0.02462,1.0002462,2.1576535743581307
2018-10-09,0.02462,1.0002462,2.158184788668138
2018-10-10,0.02462,1.0002462,2.1587161337631082
2018-10-11,0.02462,1.0002462,2.159247609675241
2018-10-15,0.02462,1.0002462,2.1597792164367435
2018-10-16,0.02462,1.0002462,2.1603109540798306
2018-10-17,0.02462,1.0002462,2.160842822636725
2018-10-18,0.02462,1.0002462,2.1613748221396585
2018-10-19,0.02462,1.0002462,2.1619069526208694
2018-10-22,0.02462,1.0002462,2.162439214112605
2018-10-23,0.02462,1.0002462,2.16297160664712
2018-10-24,0.02462,1.0002462,2.1635041302566766
2018-10-25,0.02462,1.0002462,2.164036784973546
2018-10-26,0.02462,1.0002462,2.1645695708300066
2018-10-29,0.02462,1.0002462,2.165102487858345
2018-10-30,0.02462,1.0002462,2.1656355360908557
2018-10-31,0.02462,1.0002462,2.1661687155598415
2018-11-01,0.02462,1.0002462,2.1667020262976124
2018-11-05,0.02462,1.0002462,2.167235468336487
2018-11-06,0.02462,1.0002462,2.167769041708792
2018-11-07,0.02462,1.0002462,2.1683027464468605
2018-11-08,0.02462,1.0002462,2.168836582583036
2018-11-09,0.02462,1.0002462,2.169370550149668
2018-11-12,0.02462,1.0002462,2.1699046491791147
2018-11-13,0.02462,1.0002462,2.1704388797037426
2018-11-14,0.02462,1.0002462,2.170973241755926
2018-11-16,0.02462,1.0002462,2.1715077353680465
2018-11-19,0.02462,1.0002462,2.1720423605724943
2018-11-20,0.02462,1.0002462,2.1725771174016675
2018-11-21,0.02462,1.0002462,2.173112005887972
2018-11-22,0.02462,1.0002462,2.1736470260638217
2018-11-23,0.02462,1.0002462,2.174182177961639
2018-11-26,0.02462,1.0002462,2.174717461613853
2018-11-27,0.02462,1.0002462,2.1752528770529027
2018-11-28,0.02462,1.0002462,2.1757884243112335
2018-11-29,0.02462,1.0002462,2.1763241034212992
2018-11-30,0.02462,1.0002462,2.176859914415562
2018-12-03,0.02462,1.0002462,2.1773958573264913
2018-12-04,0.02462,1.0002462,2.1779319321865653
2018-12-05,0.02462,1.0002462,2.17846813902827
2018-12-06,0.02462,1.0002462,2.179004477884099
2018-12-07,0.02462,1.0002462,2.179540948786554
2018-12-10,0.02462,1.0002462,2.1800775517681457
2018-12-11,0.02462,1.0002462,2.1806142868613914
2018-12-12,0.02462,1.0002462,2.1811511540988167
2018-12-13,0.02462,1.0002462,2.181688153512956
2018-12-14,0.02462,1.0002462,2.182225285136351
2018-12-17,0.02462,1.0002462,2.1827625490015516
2018-12-18,0.02462,1.0002462,2.183299945141116
2018-12-19,0.02462,1.0002462,2.18383747358761
2018-12-20,0.02462,1.0002462,2.1843751343736075
2018-12-21,0.02462,1.0002462,2.1849129275316903
2018-12-24,0.02462,1.0002462,2.1854508530944488
2018-12-26,0.02462,1.0002462,2.185988911094481
2018-12-27,0.02462,1.0002462,2.1865271015643923
2018-12-28,0.02462,1.0002462,2.1870654245367978
2018-12-31,0.02462,1.0002462,2.187603880044319
2019-01-02,0.02462,1.0002462,2.1881424681195862
2019-01-03,0.02462,1.0002462,2.1886811887952375
2019-01-04,0.02462,1.0002462,2.189220042103919
2019-01-07,0.02462,1.0002462,2.1897590280782855
2019-01-08,0.02462,1.0002462,2.1902981467509988
2019-01-09,0.02462,1.0002462,2.190837398154729
2019-01-10,0.02462,1.0002462,2.1913767823221546
2019-01-11,0.02462,1.0002462,2.1919162992859627
2019-01-14,0.02462,1.0002462,2.192455949078847
2019-01-15,0.02462,1.0002462,2.1929957317335105
2019-01-16,0.02462,1.0002462,2.1935356472826633
2019-01-17,0.02462,1.0002462,2.1940756957590244
2019-01-18,0.02462,1.0002462,2.1946158771953206
2019-01-21,0.02462,1.0002462,2.195156191624286
2019-01-22,0.02462,1.0002462,2.195696639078664
2019-01-23,0.02462,1.0002462,2.196237219591205
2019-01-24,0.02462,1.0002462,2.1967779331946686
2019-01-25,0.02462,1.0002462,2.1973187799218215
2019-01-28,0.02462,1.0002462,2.1978597598054384
2019-01-29,0.02462,1.0002462,2.1984008728783024
2019-01-30,0.02462,1.0002462,2.1989421191732053
2019-01-31,0.02462,1.0002462,2.199483498722946
2019-02-01,0.02462,1.0002462,2.2000250115603315
2019-02-04,0.02462,1.0002462,2.200566657718178
2019-02-05,0.02462,1.0002462,2.2011084372293084
2019-02-06,0.02462,1.0002462,2.2016503501265543
2019-02-07,0.02462,1.0002462,2.2021923964427557
2019-02-08,0.02462,1.0002462,2.20273457621076
2019-02-11,0.02462,1.0002462,2.203276889463423
2019-02-12,0.02462,1.0002462,2.203819336233609
2019-02-13,0.02462,1.0002462,2.20436191655419
2019-02-14,0.02462,1.0002462,2.2049046304580457
2019-02-15,0.02462,1.0002462,2.2054474779780646
2019-02-18,0.02462,1.0002462,2.205990459147143
2019-02-19,0.02462,1.0002462,2.2065335739981853
2019-02-20,0.02462,1.0002462,2.2070768225641038
2019-02-21,0.02462,1.0002462,2.207620204877819
2019-02-22,0.02462,1.0002462,2.20816372097226
2019-02-25,0.02462,1.0002462,2.2087073708803637
2019-02-26,0.02462,1.0002462,2.2092511546350746
2019-02-27,0.02462,1.0002462,2.209795072269346
2019-02-28,0.02462,1.0002462,2.2103391238161385
2019-03-01,0.02462,1.0002462,2.2108833093084224
2019-03-06,0.02462,1.0002462,2.211427628779174
2019-03-07,0.02462,1.0002462,2.2119720822613798
2019-03-08,0.02462,1.0002462,2.2125166697880325
2019-03-11,0.02462,1.0002462,2.2130613913921344
2019-03-12,0.02462,1.0002462,2.2136062471066955
2019-03-13,0.02462,1.0002462,2.2141512369647334
2019-03-14,0.02462,1.0002462,2.2146963609992745
2019-03-15,0.02462,1.0002462,2.215241619243353
2019-03-18,0.02462,1.0002462,2.215787011730011
2019-03-19,0.02462,1.0002462,2.216332538492299
2019-03-20,0.02462,1.0002462,2.216878199563276
2019-03-21,0.02462,1.0002462,2.217423994976009
2019-03-22,0.02462,1.0002462,2.217969924763572
2019-03-25,0.02462,1.0002462,2.218515988959049
2019-03-26,0.02462,1.0002462,2.2190621875955308
2019-03-27,0.02462,1.0002462,2.219608520706117
2019-03-28,0.02462,1.0002462,2.220154988323915
2019-03-29,0.02462,1.0002462,2.2207015904820406
2019-04-01,0.02462,1.0002462,2.2212483272136176
2019-04-02,0.02462,1.0002462,2.221795198551778
2019-04-03,0.02462,1.0002462,2.2223422045296615
2019-04-04,0.02462,1.0002462,2.222889345180417
2019-04-05,0.02462,1.0002462,2.2234366205372007
2019-04-08,0.02462,1.0002462,2.223984030633177
2019-04-09,0.02462,1.0002462,2.224531575501519
2019-04-10,0.02462,1.0002462,2.225079255175408
2019-04-11,0.02462,1.0002462,2.2256270696880325
2019-04-12,0.02462,1.0002462,2.2261750190725897
2019-04-15,0.02462,1.0002462,2.2267231033622856
2019-04-16,0.02462,1.0002462,2.2272713225903336
2019-04-17,0.02462,1.0002462,2.2278196767899554
2019-04-18,0.02462,1.0002462,2.2283681659943815
2019-04-22,0.02462,1.0002462,2.2289167902368496
2019-04-23,0.02462,1.0002462,2.229465549550606
2019-04-24,0.02462,1.0002462,2.230014443968906
2019-04-25,0.02462,1.0002462,2.2305634735250113
2019-04-26,0.02462,1.0002462,2.2311126382521933
2019-04-29,0.02462,1.0002462,2.231661938183731
2019-04-30,0.02462,1.0002462,2.232211373352912
2019-05-02,0.02462,1.0002462,2.2327609437930316
2019-05-03,0.02462,1.0002462,2.2333106495373936
2019-05-06,0.02462,1.0002462,2.23386049061931
2019-05-07,0.02462,1.0002462,2.2344104670721006
2019-05-08,0.02462,1.0002462,2.234960578929094
2019-05-09,0.02462,1.0002462,2.2355108262236265
2019-05-10,0.02462,1.0002462,2.236061208989043
2019-05-13,0.02462,1.0002462,2.2366117272586963
2019-05-14,0.02462,1.0002462,2.237162381065948
2019-05-15,0.02462,1.0002462,2.2377131704441666
2019-05-16,0.02462,1.0002462,2.23826409542673
2019-05-17,0.02462,1.0002462,2.2388151560470244
2019-05-20,0.02462,1.0002462,2.2393663523384433
2019-05-21,0.02462,1.0002462,2.2399176843343893
2019-05-22,0.02462,1.0002462,2.2404691520682727
2019-05-23,0.02462,1.0002462,2.241020755573512
2019-05-24,0.02462,1.0002462,2.2415724948835343
2019-05-27,0.02462,1.0002462,2.242124370031775
2019-05-28,0.02462,1.0002462,2.242676381051677
2019-05-29,0.02462,1.0002462,2.2432285279766924
2019-05-30,0.02462,1.0002462,2.2437808108402804
2019-05-31,0.02462,1.0002462,2.2443332296759095
2019-06-03,0.02462,1.0002462,2.244885784517056
2019-06-04,0.02462,1.0002462,2.245438475397204
2019-06-05,0.02462,1.0002462,2.245991302349847
2019-06-06,0.02462,1.0002462,2.246544265408486
2019-06-07,0.02462,1.0002462,2.24709736460663
2019-06-10,0.02462,1.0002462,2.247650599977796
2019-06-11,0.02462,1.0002462,2.248203971555511
2019-06-12,0.02462,1.0002462,2.248757479373308
2019-06-13,0.02462,1.0002462,2.24931112346473
2019-06-14,0.02462,1.0002462,2.2498649038633274
2019-06-17,0.02462,1.0002462,2.2504188206026585
2019-06-18,0.02462,1.0002462,2.2509728737162913
2019-06-19,0.02462,1.0002462,2.2515270632378006
2019-06-21,0.02462,1.0002462,2.25208138920077
2019-06-24,0.02462,1.0002462,2.252635851638791
2019-06-25,0.02462,1.0002462,2.253190450585465
2019-06-26,0.02462,1.0002462,2.2537451860743993
2019-06-27,0.02462,1.0002462,2.254300058139211
2019-06-28,0.02462,1.0002462,2.254855066813525
2019-07-01,0.02462,1.0002462,2.2554102121309745
2019-07-02,0.02462,1.0002462,2.2559654941252014
2019-07-03,0.02462,1.0002462,2.2565209128298553
2019-07-04,0.02462,1.0002462,2.257076468278594
2019-07-05,0.02462,1.0002462,2.2576321605050844
2019-07-08,0.02462,1.0002462,2.258187989543001
2019-07-09,0.02462,1.0002462,2.2587439554260267
2019-07-10,0.02462,1.0002462,2.259300058187853
2019-07-11,0.02462,1.0002462,2.259856297862179
2019-07-12,0.02462,1.0002462,2.260412674482713
2019-07-15,0.02462,1.0002462,2.2609691880831706
2019-07-16,0.02462,1.0002462,2.2615258386972767
2019-07-17,0.02462,1.0002462,2.2620826263587643
2019-07-18,0.02462,1.0002462,2.262639551101374
2019-07-19,0.02462,1.0002462,2.2631966129588554
2019-07-22,0.02462,1.0002462,2.2637538119649663
2019-07-23,0.02462,1.0002462,2.2643111481534723
2019-07-24,0.02462,1.0002462,2.264868621558148
2019-07-25,0.02462,1.0002462,2.265426232212776
2019-07-26,0.02462,1.0002462,2.2659839801511468
2019-07-29,0.02462,1.0002462,2.2665418654070604
2019-07-30,0.02462,1.0002462,2.267099888014324
2019-07-31,0.02462,1.0002462,2.267658048006753
2019-08-01,0.022751,1.00022751,2.268173962889255
2019-08-02,0.022751,1.00022751,2.268689995147552
2019-08-05,0.022751,1.00022751,2.269206144808348
2019-08-06,0.022751,1.00022751,2.2697224118983534
2019-08-07,0.022751,1.00022751,2.2702387964442843
2019-08-08,0.022751,1.00022751,2.270755298472863
2019-08-09,0.022751,1.00022751,2.2712719180108185
2019-08-12,0.022751,1.00022751,2.271788655084885
2019-08-13,0.022751,1.00022751,2.2723055097218032
2019-08-14,0.022751,1.00022751,2.27282248194832
2019-08-15,0.022751,1.00022751,2.273339571791188
2019-08-16,0.022751,1.00022751,2.2738567792771662
2019-08-19,0.022751,1.00022751,2.2743741044330195
2019-08-20,0.022751,1.00022751,2.274891547285519
2019-08-21,0.022751,1.00022751,2.275409107861442
2019-08-22,0.022751,1.00022751,2.275926786187571
2019-08-23,0.022751,1.00022751,2.2764445822906967
2019-08-26,0.022751,1.00022751,2.276962496197614
2019-08-27,0.022751,1.00022751,2.277480527935124
2019-08-28,0.022751,1.00022751,2.2779986775300345
2019-08-29,0.022751,1.00022751,2.278516945009159
2019-08-30,0.022751,1.00022751,2.279035330399318
2019-09-02,0.022751,1.00022751,2.2795538337273373
2019-09-03,0.022751,1.00022751,2.2800724550200484
2019-09-04,0.022751,1.00022751,2.28059119430429
2019-09-05,0.022751,1.00022751,2.281110051606906
2019-09-06,0.022751,1.00022751,2.281629026954747
2019-09-09,0.022751,1.00022751,2.2821481203746696
2019-09-10,0.022751,1.00022751,2.282667331893536
2019-09-11,0.022751,1.00022751,2.2831866615382155
2019-09-12,0.022751,1.00022751,2.283706109335582
2019-09-13,0.022751,1.00022751,2.2842256753125167
2019-09-16,0.022751,1.00022751,2.284745359495907
2019-09-17,0.022751,1.00022751,2.285265161912646
2019-09-18,0.022751,1.00022751,2.2857850825896326
2019-09-19,0.020872,1.00020872,2.286262171652071
2019-09-20,0.020872,1.00020872,2.2867393602925383
2019-09-23,0.020872,1.00020872,2.287216648531819
2019-09-24,0.020872,1.00020872,2.2876940363907003
2019-09-25,0.020872,1.00020872,2.288171523889976
2019-09-26,0.020872,1.00020872,2.2886491110504426
2019-09-27,0.020872,1.00020872,2.289126797892901
2019-09-30,0.020872,1.00020872,2.2896045844381576
2019-10-01,0.020872,1.00020872,2.2900824707070218
2019-10-02,0.020872,1.00020872,2.290560456720308
2019-10-03,0.020872,1.00020872,2.2910385424988347
2019-10-04,0.020872,1.00020872,2.291516728063425
2019-10-07,0.020872,1.00020872,2.2919950134349065
2019-10-08,0.020872,1.00020872,2.292473398634111
2019-10-09,0.020872,1.00020872,2.292951883681874
2019-10-10,0.020872,1.00020872,2.293430468599036
2019-10-11,0.020872,1.00020872,2.293909153406442
2019-10-14,0.020872,1.00020872,2.2943879381249412
2019-10-15,0.020872,1.00020872,2.294866822775387
2019-10-16,0.020872,1.00020872,2.2953458073786366
2019-10-17,0.020872,1.00020872,2.2958248919555526
2019-10-18,0.020872,1.00020872,2.2963040765270017
2019-10-21,0.020872,1.00020872,2.2967833611138544
2019-10-22,0.020872,1.00020872,2.2972627457369863
2019-10-23,0.020872,1.00020872,2.2977422304172768
2019-10-24,0.020872,1.00020872,2.2982218151756095
2019-10-25,0.020872,1.00020872,2.298701500032873
2019-10-28,0.020872,1.00020872,2.29918128500996
2019-10-29,0.020872,1.00020872,2.2996611701277674
2019-10-30,0.020872,1.00020872,2.3001411554071964
2019-10-31,0.018985,1.00018985,2.3005778372055503
2019-11-01,0.018985,1.00018985,2.301014601907944
2019-11-04,0.018985,1.00018985,2.301451449530116
2019-11-05,0.018985,1.00018985,2.301888380087809
2019-11-06,0.018985,1.00018985,2.3023253935967687
2019-11-07,0.018985,1.00018985,2.302762490072743
2019-11-08,0.018985,1.00018985,2.303199669531483
2019-11-11,0.018985,1.00018985,2.3036369319887435
2019-11-12,0.018985,1.00018985,2.3040742774602814
2019-11-13,0.018985,1.00018985,2.304511705961857
2019-11-14,0.018985,1.00018985,2.304949217509234
2019-11-18,0.018985,1.00018985,2.305386812118178
2019-11-19,0.018985,1.00018985,2.3058244898044586
2019-11-20,0.018985,1.00018985,2.3062622505838477
2019-11-21,0.018985,1.00018985,2.306700094472121
2019-11-22,0.018985,1.00018985,2.3071380214850565
2019-11-25,0.018985,1.00018985,2.3075760316384355
2019-11-26,0.018985,1.00018985,2.3080141249480417
2019-11-27,0.018985,1.00018985,2.308452301429663
2019-11-28,0.018985,1.00018985,2.3088905610990893
2019-11-29,0.018985,1.00018985,2.309328903972114
2019-12-02,0.018985,1.00018985,2.309767330064533
2019-12-03,0.018985,1.00018985,2.3102058393921454
2019-12-04,0.018985,1.00018985,2.3106444319707538
2019-12-05,0.018985,1.00018985,2.311083107816163
2019-12-06,0.018985,1.00018985,2.3115218669441817
2019-12-09,0.018985,1.00018985,2.311960709370621
2019-12-10,0.018985,1.00018985,2.3123996351112948
2019-12-11,0.018985,1.00018985,2.3128386441820203
2019-12-12,0.017089,1.00017089,2.3132338851779246
2019-12-13,0.017089,1.00017089,2.3136291937165625
2019-12-16,0.017089,1.00017089,2.3140245698094764
2019-12-17,0.017089,1.00017089,2.314420013468211
2019-12-18,0.017089,1.00017089,2.3148155247043127
2019-12-19,0.017089,1.00017089,2.3152111035293292
2019-12-20,0.017089,1.00017089,2.315606749954811
2019-12-23,0.017089,1.00017089,2.3160024639923105
2019-12-24,0.017089,1.00017089,2.316398245653382
2019-12-26,0.017089,1.00017089,2.3167940949495818
2019-12-27,0.017089,1.00017089,2.3171900118924675
2019-12-30,0.017089,1.00017089,2.3175859964936
2019-12-31,0.017089,1.00017089,2.3179820487645406
2020-01-02,0.017089,1.00017089,2.318378168716854
2020-01-03,0.017089,1.00017089,2.318774356362106
2020-01-06,0.017089,1.00017089,2.3191706117118644
2020-01-07,0.017089,1.00017089,2.3195669347776997
2020-01-08,0.017089,1.00017089,2.319963325571184
2020-01-09,0.017089,1.00017089,2.3203597841038905
2020-01-10,0.017089,1.00017089,2.320756310387396
2020-01-13,0.017089,1.00017089,2.321152904433278
2020-01-14,0.017089,1.00017089,2.3215495662531165
2020-01-15,0.017089,1.00017089,2.3219462958584933
2020-01-16,0.017089,1.00017089,2.3223430932609923
2020-01-17,0.017089,1.00017089,2.3227399584721997
2020-01-20,0.017089,1.00017089,2.3231368915037027
2020-01-21,0.017089,1.00017089,2.3235338923670916
2020-01-22,0.017089,1.00017089,2.323930961073958
2020-01-23,0.017089,1.00017089,2.3243280976358958
2020-01-24,0.017089,1.00017089,2.3247253020645005
2020-01-27,0.017089,1.00017089,2.32512257437137
2020-01-28,0.017089,1.00017089,2.3255199145681043
2020-01-29,0.017089,1.00017089,2.325917322666305
2020-01-30,0.017089,1.00017089,2.326314798677575
2020-01-31,0.017089,1.00017089,2.3267123426135212
2020-02-03,0.017089,1.00017089,2.32710995448575
2020-02-04,0.017089,1.00017089,2.327507634305872
2020-02-05,0.017089,1.00017089,2.3279053820854982
2020-02-06,0.016137,1.00016137,2.3282810361770054
2020-02-07,0.016137,1.00016137,2.3286567508878133
2020-02-10,0.016137,1.00016137,2.3290325262277043
2020-02-11,0.016137,1.00016137,2.3294083622064616
2020-02-12,0.016137,1.00016137,2.329784258833871
2020-02-13,0.016137,1.00016137,2.330160216119719
2020-02-14,0.016137,1.00016137,2.330536234073794
2020-02-17,0.016137,1.00016137,2.3309123127058866
2020-02-18,0.016137,1.00016137,2.331288452025788
2020-02-19,0.016137,1.00016137,2.3316646520432918
2020-02-20,0.016137,1.00016137,2.3320409127681923
2020-02-21,0.016137,1.00016137,2.332417234210286
2020-02-26,0.016137,1.00016137,2.3327936163793703
2020-02-27,0.016137,1.00016137,2.3331700592852456
2020-02-28,0.016137,1.00016137,2.3335465629377126
2020-03-02,0.016137,1.00016137,2.333923127346574
2020-03-03,0.016137,1.00016137,2.334299752521634
2020-03-04,0.016137,1.00016137,2.3346764384726986
2020-03-05,0.016137,1.00016137,2.335053185209575
2020-03-06,0.016137,1.00016137,2.3354299927420725
2020-03-09,0.016137,1.00016137,2.3358068610800014
2020-03-10,0.016137,1.00016137,2.336183790233174
2020-03-11,0.016137,1.00016137,2.3365607802114043
2020-03-12,0.016137,1.00016137,2.3369378310245073
2020-03-13,0.016137,1.00016137,2.3373149426823
2020-03-16,0.016137,1.00016137,2.3376921151946006
2020-03-17,0.016137,1.00016137,2.3380693485712296
2020-03-18,0.016137,1.00016137,2.3384466428220088
2020-03-19,0.014227,1.00014227,2.338779333625883
2020-03-20,0.014227,1.00014227,2.339112071761678
2020-03-23,0.014227,1.00014227,2.3394448572361277
2020-03-24,0.014227,1.00014227,2.339777690055967
2020-03-25,0.014227,1.00014227,2.3401105702279312
2020-03-26,0.014227,1.00014227,2.3404434977587574
2020-03-27,0.014227,1.00014227,2.3407764726551834
2020-03-30,0.014227,1.00014227,2.341109494923948
2020-03-31,0.014227,1.00014227,2.341442564571791
2020-04-01,0.014227,1.00014227,2.3417756816054527
2020-04-02,0.014227,1.00014227,2.3421088460316746
2020-04-03,0.014227,1.00014227,2.3424420578571996
2020-04-06,0.014227,1.00014227,2.342775317088771
2020-04-07,0.014227,1.00014227,2.343108623733133
2020-04-08,0.014227,1.00014227,2.3434419777970317
2020-04-09,0.014227,1.00014227,2.3437753792872127
2020-04-13,0.014227,1.00014227,2.344108828210424
2020-04-14,0.014227,1.00014227,2.3444423245734134
2020-04-15,0.014227,1.00014227,2.3447758683829303
2020-04-16,0.014227,1.00014227,2.345109459645725
2020-04-17,0.014227,1.00014227,2.345443098368549
2020-04-20,0.014227,1.00014227,2.345776784558154
2020-04-22,0.014227,1.00014227,2.346110518221293
2020-04-23,0.014227,1.00014227,2.34644429936472
2020-04-24,0.014227,1.00014227,2.346778127995191
2020-04-27,0.014227,1.00014227,2.347112004119461
2020-04-28,0.014227,1.00014227,2.3474459277442867
2020-04-29,0.014227,1.00014227,2.347779898876427
2020-04-30,0.014227,1.00014227,2.34811391752264
2020-05-04,0.014227,1.00014227,2.3484479836896863
2020-05-05,0.014227,1.00014227,2.348782097384326
2020-05-06,0.014227,1.00014227,2.3491162586133205
2020-05-07,0.011345,1.00011345,2.34938276585286
2020-05-08,0.011345,1.00011345,2.349649303327646
2020-05-11,0.011345,1.00011345,2.3499158710411083
2020-05-12,0.011345,1.00011345,2.3501824689966777
2020-05-13,0.011345,1.00011345,2.350449097197785
2020-05-14,0.011345,1.00011345,2.350715755647862
2020-05-15,0.011345,1.00011345,2.35098244435034
2020-05-18,0.011345,1.00011345,2.3512491633086516
2020-05-19,0.011345,1.00011345,2.351515912526229
2020-05-20,0.011345,1.00011345,2.351782692006505
2020-05-21,0.011345,1.00011345,2.352049501752913
2020-05-22,0.011345,1.00011345,2.352316341768887
2020-05-25,0.011345,1.00011345,2.3525832120578607
2020-05-26,0.011345,1.00011345,2.3528501126232686
2020-05-27,0.011345,1.00011345,2.3531170434685458
2020-05-28,0.011345,1.00011345,2.3533840045971273
2020-05-29,0.011345,1.00011345,2.3536509960124485
2020-06-01,0.011345,1.00011345,2.353918017717946
2020-06-02,0.011345,1.00011345,2.354185069717056
2020-06-03,0.011345,1.00011345,2.354452152013215
2020-06-04,0.011345,1.00011345,2.354719264609861
2020-06-05,0.011345,1.00011345,2.354986407510431
2020-06-08,0.011345,1.00011345,2.355253580718363
2020-06-09,0.011345,1.00011345,2.3555207842370955
2020-06-10,0.011345,1.00011345,2.355788018070067
2020-06-12,0.011345,1.00011345,2.356055282220717
2020-06-15,0.011345,1.00011345,2.356322576692485
2020-06-16,0.011345,1.00011345,2.3565899014888108
2020-06-17,0.011345,1.00011345,2.3568572566131345
2020-06-18,0.008442,1.00008442,2.357056222502738
2020-06-19,0.008442,1.00008442,2.357255205189042
2020-06-22,0.008442,1.00008442,2.3574542046734646
2020-06-23,0.008442,1.00008442,2.3576532209574235
2020-06-24,0.008442,1.00008442,2.357852254042337
2020-06-25,0.008442,1.00008442,2.3580513039296234
2020-06-26,0.008442,1.00008442,2.358250370620701
2020-06-29,0.008442,1.00008442,2.358449454116989
2020-06-30,0.008442,1.00008442,2.358648554419906
2020-07-01,0.008442,1.00008442,2.3588476715308704
2020-07-02,0.008442,1.00008442,2.3590468054513014
2020-07-03,0.008442,1.00008442,2.359245956182618
2020-07-06,0.008442,1.00008442,2.359445123726239
2020-07-07,0.008442,1.00008442,2.3596443080835843
2020-07-08,0.008442,1.00008442,2.359843509256073
2020-07-09,0.008442,1.00008442,2.3600427272451245
2020-07-10,0.008442,1.00008442,2.3602419620521586
2020-07-13,0.008442,1.00008442,2.3604412136785955
2020-07-14,0.008442,1.00008442,2.3606404821258544
2020-07-15,0.008442,1.00008442,2.3608397673953556
2020-07-16,0.008442,1.00008442,2.3610390694885193
2020-07-17,0.008442,1.00008442,2.3612383884067656
2020-07-20,0.008442,1.00008442,2.361437724151515
2020-07-21,0.008442,1.00008442,2.3616370767241883
2020-07-22,0.008442,1.00008442,2.3618364461262056
2020-07-23,0.008442,1.00008442,2.3620358323589876
2020-07-24,0.008442,1.00008442,2.3622352354239555
2020-07-27,0.008442,1.00008442,2.3624346553225304
2020-07-28,0.008442,1.00008442,2.362634092056133
2020-07-29,0.008442,1.00008442,2.3628335456261844
2020-07-30,0.008442,1.00008442,2.363033016034106
2020-07-31,0.008442,1.00008442,2.36323250328132
2020-08-03,0.008442,1.00008442,2.3634320073692474
2020-08-04,0.008442,1.00008442,2.36363152829931
2020-08-05,0.008442,1.00008442,2.363831066072929
2020-08-06,0.007469,1.00007469,2.364007620615254
2020-08-07,0.007469,1.00007469,2.364184188344437
2020-08-10,0.007469,1.00007469,2.3643607692614643
2020-08-11,0.007469,1.00007469,2.36453736336732
2020-08-12,0.007469,1.00007469,2.36471397066299
2020-08-13,0.007469,1.00007469,2.3648905911494587
2020-08-14,0.007469,1.00007469,2.3650672248277114
2020-08-17,0.007469,1.00007469,2.3652438716987336
2020-08-18,0.007469,1.00007469,2.365420531763511
2020-08-19,0.007469,1.00007469,2.365597205023028
2020-08-20,0.007469,1.00007469,2.365773891478271
2020-08-21,0.007469,1.00007469,2.3659505911302254
2020-08-24,0.007469,1.00007469,2.366127303979877
2020-08-25,0.007469,1.00007469,2.366304030028211
2020-08-26,0.007469,1.00007469,2.3664807692762135
2020-08-27,0.007469,1.00007469,2.3666575217248704
2020-08-28,0.007469,1.00007469,2.366834287375168
2020-08-31,0.007469,1.00007469,2.367011066228092
2020-09-01,0.007469,1.00007469,2.3671878582846286
2020-09-02,0.007469,1.00007469,2.367364663545764
2020-09-03,0.007469,1.00007469,2.367541482012484
2020-09-04,0.007469,1.00007469,2.367718313685775
2020-09-08,0.007469,1.00007469,2.367895158566624
2020-09-09,0.007469,1.00007469,2.368072016656017
2020-09-10,0.007469,1.00007469,2.368248887954941
2020-09-11,0.007469,1.00007469,2.368425772464382
2020-09-14,0.007469,1.00007469,2.3686026701853273
2020-09-15,0.007469,1.00007469,2.3687795811187633
2020-09-16,0.007469,1.00007469,2.3689565052656767
2020-09-17,0.007469,1.00007469,2.3691334426270547
2020-09-18,0.007469,1.00007469,2.3693103932038846
2020-09-21,0.007469,1.00007469,2.3694873569971526
2020-09-22,0.007469,1.00007469,2.3696643340078465
2020-09-23,0.007469,1.00007469,2.3698413242369534
2020-09-24,0.007469,1.00007469,2.3700183276854605
2020-09-25,0.007469,1.00007469,2.370195344354355
2020-09-28,0.007469,1.00007469,2.3703723742446248
2020-09-29,0.007469,1.00007469,2.3705494173572568
2020-09-30,0.007469,1.00007469,2.370726473693239
2020-10-01,0.007469,1.00007469,2.3709035432535592
2020-10-02,0.007469,1.00007469,2.3710806260392046
2020-10-05,0.007469,1.00007469,2.3712577220511633
2020-10-06,0.007469,1.00007469,2.371434831290423
2020-10-07,0.007469,1.00007469,2.371611953757972
2020-10-08,0.007469,1.00007469,2.371789089454798
2020-10-09,0.007469,1.00007469,2.3719662383818894
2020-10-13,0.007469,1.00007469,2.3721434005402338
2020-10-14,0.007469,1.00007469,2.37232057593082
2020-10-15,0.007469,1.00007469,2.372497764554636
2020-10-16,0.007469,1.00007469,2.3726749664126707
2020-10-19,0.007469,1.00007469,2.372852181505912
2020-10-20,0.007469,1.00007469,2.3730294098353486
2020-10-21,0.007469,1.00007469,2.373206651401969
2020-10-22,0.007469,1.00007469,2.373383906206762
2020-10-23,0.007469,1.00007469,2.3735611742507166
2020-10-26,0.007469,1.00007469,2.3737384555348213
2020-10-27,0.007469,1.00007469,2.373915750060065
2020-10-28,0.007469,1.00007469,2.374093057827437
2020-10-29,0.007469,1.00007469,2.374270378837926
2020-10-30,0.007469,1.00007469,2.3744477130925215
2020-11-03,0.007469,1.00007469,2.374625060592212
2020-11-04,0.007469,1.00007469,2.3748024213379875
2020-11-05,0.007469,1.00007469,2.374979795330837
2020-11-06,0.007469,1.00007469,2.37515718257175
2020-11-09,0.007469,1.00007469,2.375334583061716
2020-11-10,0.007469,1.00007469,2.3755119968017246
2020-11-11,0.007469,1.00007469,2.3756894237927657
2020-11-12,0.007469,1.00007469,2.3758668640358285
2020-11-13,0.007469,1.00007469,2.3760443175319033
2020-11-16,0.007469,1.00007469,2.3762217842819795
2020-11-17,0.007469,1.00007469,2.3763992642870475
2020-11-18,0.007469,1.00007469,2.376576757548097
2020-11-19,0.007469,1.00007469,2.3767542640661183
2020-11-20,0.007469,1.00007469,2.3769317838421014
2020-11-23,0.007469,1.00007469,2.3771093168770365
2020-11-24,0.007469,1.00007469,2.3772868631719137
2020-11-25,0.007469,1.00007469,2.3774644227277237
2020-11-26,0.007469,1.00007469,2.3776419955454573
2020-11-27,0.007469,1.00007469,2.3778195816261043
2020-11-30,0.007469,1.00007469,2.377997180970656
2020-12-01,0.007469,1.00007469,2.3781747935801025
2020-12-02,0.007469,1.00007469,2.378352419455435
2020-12-03,0.007469,1.00007469,2.3785300585976437
2020-12-04,0.007469,1.00007469,2.37870771100772
2020-12-07,0.007469,1.00007469,2.378885376686655
2020-12-08,0.007469,1.00007469,2.3790630556354397
2020-12-09,0.007469,1.00007469,2.379240747855065
2020-12-10,0.007469,1.00007469,2.379418453346522
2020-12-11,0.007469,1.00007469,2.3795961721108023
2020-12-14,0.007469,1.00007469,2.3797739041488972
2020-12-15,0.007469,1.00007469,2.379951649461798
2020-12-16,0.007469,1.00007469,2.3801294080504958
2020-12-17,0.007469,1.00007469,2.3803071799159827
2020-12-18,0.007469,1.00007469,2.3804849650592503
2020-12-21,0.007469,1.00007469,2.3806627634812902
2020-12-22,0.007469,1.00007469,2.3808405751830946
2020-12-23,0.007469,1.00007469,2.381018400165655
2020-12-24,0.007469,1.00007469,2.381196238429963
2020-12-28,0.007469,1.00007469,2.3813740899770113
2020-12-29,0.007469,1.00007469,2.3815519548077915
2020-12-30,0.007469,1.00007469,2.381729832923296
2020-12-31,0.007469,1.00007469,2.381907724324517
2021-01-04,0.007469,1.00007469,2.3820856290124466
2021-01-05,0.007469,1.00007469,2.3822635469880775
2021-01-06,0.007469,1.00007469,2.3824414782524017
2021-01-07,0.007469,1.00007469,2.382619422806412
2021-01-08,0.007469,1.00007469,2.3827973806511014
2021-01-11,0.007469,1.00007469,2.382975351787462
2021-01-12,0.007469,1.00007469,2.3831533362164867
2021-01-13,0.007469,1.00007469,2.3833313339391684
2021-01-14,0.007469,1.00007469,2.3835093449565004
2021-01-15,0.007469,1.00007469,2.383687369269475
2021-01-18,0.007469,1.00007469,2.3838654068790857
2021-01-19,0.007469,1.00007469,2.3840434577863254
2021-01-20,0.007469,1.00007469,2.3842215219921874
2021-01-21,0.007469,1.00007469,2.384399599497665
2021-01-22,0.007469,1.00007469,2.384577690303751
2021-01-25,0.007469,1.00007469,2.38475579441144
2021-01-26,0.007469,1.00007469,2.3849339118217245
2021-01-27,0.007469,1.00007469,2.3851120425355985
2021-01-28,0.007469,1.00007469,2.3852901865540552
2021-01-29,0.007469,1.00007469,2.3854683438780886
2021-02-01,0.007469,1.00007469,2.3856465145086925
2021-02-02,0.007469,1.00007469,2.385824698446861
2021-02-03,0.007469,1.00007469,2.386002895693588
2021-02-04,0.007469,1.00007469,2.3861811062498672
2021-02-05,0.007469,1.00007469,2.3863593301166928
2021-02-08,0.007469,1.00007469,2.386537567295059
2021-02-09,0.007469,1.00007469,2.38671581778596
2021-02-10,0.007469,1.00007469,2.3868940815903903
2021-02-11,0.007469,1.00007469,2.3870723587093443
2021-02-12,0.007469,1.00007469,2.3872506491438164
2021-02-17,0.007469,1.00007469,2.3874289528948007
2021-02-18,0.007469,1.00007469,2.387607269963292
2021-02-19,0.007469,1.00007469,2.3877856003502855
2021-02-22,0.007469,1.00007469,2.3879639440567755
2021-02-23,0.007469,1.00007469,2.388142301083757
2021-02-24,0.007469,1.00007469,2.3883206714322247
2021-02-25,0.007469,1.00007469,2.388499055103174
2021-02-26,0.007469,1.00007469,2.3886774520975993
2021-03-01,0.007469,1.00007469,2.3888558624164964
2021-03-02,0.007469,1.00007469,2.38903428606086
2021-03-03,0.007469,1.00007469,2.3892127230316857
2021-03-04,0.007469,1.00007469,2.389391173329969
2021-03-05,0.007469,1.00007469,2.3895696369567045
2021-03-08,0.007469,1.00007469,2.389748113912889
2021-03-09,0.007469,1.00007469,2.389926604199517
2021-03-10,0.007469,1.00007469,2.390105107817585
2021-03-11,0.007469,1.00007469,2.3902836247680876
2021-03-12,0.007469,1.00007469,2.3904621550520213
2021-03-15,0.007469,1.00007469,2.390640698670382
2021-03-16,0.007469,1.00007469,2.3908192556241654
2021-03-17,0.007469,1.00007469,2.390997825914368
2021-03-18,0.010379,1.00010379,2.3912459875787198
2021-03-19,0.010379,1.00010379,2.3914941749997705
2021-03-22,0.010379,1.00010379,2.391742388180194
2021-03-23,0.010379,1.00010379,2.3919906271226634
2021-03-24,0.010379,1.00010379,2.3922388918298525
2021-03-25,0.010379,1.00010379,2.3924871823044356
2021-03-26,0.010379,1.00010379,2.392735498549087
2021-03-29,0.010379,1.00010379,2.3929838405664814
2021-03-30,0.010379,1.00010379,2.393232208359294
2021-03-31,0.010379,1.00010379,2.3934806019301997
2021-04-01,0.010379,1.00010379,2.393729021281874
2021-04-05,0.010379,1.00010379,2.393977466416993
2021-04-06,0.010379,1.00010379,2.3942259373382324
2021-04-07,0.010379,1.00010379,2.3944744340482687
2021-04-08,0.010379,1.00010379,2.3947229565497787
2021-04-09,0.010379,1.00010379,2.394971504845439
2021-04-12,0.010379,1.00010379,2.3952200789379274
2021-04-13,0.010379,1.00010379,2.3954686788299204
2021-04-14,0.010379,1.00010379,2.3957173045240965
2021-04-15,0.010379,1.00010379,2.395965956023133
2021-04-16,0.010379,1.00010379,2.3962146333297087
2021-04-19,0.010379,1.00010379,2.396463336446502
2021-04-20,0.010379,1.00010379,2.396712065376192
2021-04-22,0.010379,1.00010379,2.3969608201214574
2021-04-23,0.010379,1.00010379,2.397209600684978
2021-04-26,0.010379,1.00010379,2.397458407069433
2021-04-27,0.010379,1.00010379,2.397707239277503
2021-04-28,0.010379,1.00010379,2.397956097311868
2021-04-29,0.010379,1.00010379,2.3982049811752084
2021-04-30,0.010379,1.00010379,2.3984538908702047
2021-05-03,0.010379,1.00010379,2.3987028263995382
2021-05-04,0.010379,1.00010379,2.3989517877658906
2021-05-05,0.010379,1.00010379,2.399200774971943
2021-05-06,0.013269,1.00013269,2.399519124922774
2021-05-07,0.013269,1.00013269,2.39983751711546
2021-05-10,0.013269,1.00013269,2.400155951555606
2021-05-11,0.013269,1.00013269,2.400474428248818
2021-05-12,0.013269,1.00013269,2.400792947200703
2021-05-13,0.013269,1.00013269,2.401111508416867
2021-05-14,0.013269,1.00013269,2.401430111902919
2021-05-17,0.013269,1.00013269,2.4017487576644676
2021-05-18,0.013269,1.00013269,2.402067445707122
2021-05-19,0.013269,1.00013269,2.402386176036493
2021-05-20,0.013269,1.00013269,2.402704948658191
2021-05-21,0.013269,1.00013269,2.4030237635778287
2021-05-24,0.013269,1.00013269,2.403342620801018
2021-05-25,0.013269,1.00013269,2.403661520333372
2021-05-26,0.013269,1.00013269,2.403980462180505
2021-05-27,0.013269,1.00013269,2.404299446348032
2021-05-28,0.013269,1.00013269,2.404618472841568
2021-05-31,0.013269,1.00013269,2.404937541666729
2021-06-01,0.013269,1.00013269,2.405256652829133
2021-06-02,0.013269,1.00013269,2.405575806334397
2021-06-04,0.013269,1.00013269,2.4058950021881396
2021-06-07,0.013269,1.00013269,2.40621424039598
2021-06-08,0.013269,1.00013269,2.406533520963538
2021-06-09,0.013269,1.00013269,2.4068528438964347
2021-06-10,0.013269,1.00013269,2.4071722092002914
2021-06-11,0.013269,1.00013269,2.4074916168807303
2021-06-14,0.013269,1.00013269,2.4078110669433745
2021-06-15,0.013269,1.00013269,2.4081305593938476
2021-06-16,0.013269,1.00013269,2.408450094237774
2021-06-17,0.016137,1.00016137,2.408838745829481
2021-06-18,0.016137,1.00016137,2.409227460137896
2021-06-21,0.016137,1.00016137,2.409616237173138
2021-06-22,0.016137,1.00016137,2.410005076945331
2021-06-23,0.016137,1.00016137,2.410393979464598
2021-06-24,0.016137,1.00016137,2.4107829447410642
2021-06-25,0.016137,1.00016137,2.411171972784857
2021-06-28,0.016137,1.00016137,2.4115610636061056
2021-06-29,0.016137,1.00016137,2.41195021721494
2021-06-30,0.016137,1.00016137,2.412339433621492
2021-07-01,0.016137,1.00016137,2.4127287128358956
2021-07-02,0.016137,1.00016137,2.4131180548682862
2021-07-05,0.016137,1.00016137,2.4135074597288004
2021-07-06,0.016137,1.00016137,2.4138969274275768
2021-07-07,0.016137,1.00016137,2.414286457974756
2021-07-08,0.016137,1.00016137,2.4146760513804795
2021-07-09,0.016137,1.00016137,2.415065707654891
2021-07-12,0.016137,1.00016137,2.415455426808135
2021-07-13,0.016137,1.00016137,2.4158452088503592
2021-07-14,0.016137,1.00016137,2.4162350537917114
2021-07-15,0.016137,1.00016137,2.416624961642342
2021-07-16,0.016137,1.00016137,2.4170149324124024
2021-07-19,0.016137,1.00016137,2.417404966112046
2021-07-20,0.016137,1.00016137,2.4177950627514275
2021-07-21,0.016137,1.00016137,2.418185222340704
2021-07-22,0.016137,1.00016137,2.418575444890033
2021-07-23,0.016137,1.00016137,2.418965730409575
2021-07-26,0.016137,1.00016137,2.4193560789094914
2021-07-27,0.016137,1.00016137,2.419746490399945
2021-07-28,0.016137,1.00016137,2.420136964891101
2021-07-29,0.016137,1.00016137,2.4205275023931256
2021-07-30,0.016137,1.00016137,2.420918102916187
2021-08-02,0.016137,1.00016137,2.421308766470455
2021-08-03,0.016137,1.00016137,2.4216994930661
2021-08-04,0.016137,1.00016137,2.4220902827132966
2021-08-05,0.01993,1.0001993,2.422573005306641
2021-08-06,0.01993,1.0001993,2.4230558241065987
2021-08-09,0.01993,1.0001993,2.423538739132343
2021-08-10,0.01993,1.0001993,2.4240217504030523
2021-08-11,0.01993,1.0001993,2.4245048579379076
2021-08-12,0.01993,1.0001993,2.424988061756095
2021-08-13,0.01993,1.0001993,2.4254713618768027
2021-08-16,0.01993,1.0001993,2.4259547583192247
2021-08-17,0.01993,1.0001993,2.426438251102558
2021-08-18,0.01993,1.0001993,2.4269218402460027
2021-08-19,0.01993,1.0001993,2.427405525768764
2021-08-20,0.01993,1.0001993,2.42788930769005
2021-08-23,0.01993,1.0001993,2.4283731860290727
2021-08-24,0.01993,1.0001993,2.428857160805048
2021-08-25,0.01993,1.0001993,2.4293412320371965
2021-08-26,0.01993,1.0001993,2.4298253997447414
2021-08-27,0.01993,1.0001993,2.4303096639469106
2021-08-30,0.01993,1.0001993,2.4307940246629354
2021-08-31,0.01993,1.0001993,2.4312784819120505
2021-09-01,0.01993,1.0001993,2.431763035713496
2021-09-02,0.01993,1.0001993,2.4322476860865136
2021-09-03,0.01993,1.0001993,2.432732433050351
2021-09-06,0.01993,1.0001993,2.4332172766242577
2021-09-08,0.01993,1.0001993,2.433702216827489
2021-09-09,0.01993,1.0001993,2.434187253679303
2021-09-10,0.01993,1.0001993,2.4346723871989613
2021-09-13,0.01993,1.0001993,2.43515761740573
2021-09-14,0.01993,1.0001993,2.4356429443188787
2021-09-15,0.01993,1.0001993,2.4361283679576817
2021-09-16,0.01993,1.0001993,2.436613888341416
2021-09-17,0.01993,1.0001993,2.4370995054893623
2021-09-20,0.01993,1.0001993,2.4375852194208063
2021-09-21,0.01993,1.0001993,2.438071030155037
2021-09-22,0.01993,1.0001993,2.438556937711347
2021-09-23,0.023687,1.00023687,2.4391345586931825
2021-09-24,0.023687,1.00023687,2.4397123164961
2021-09-27,0.023687,1.00023687,2.4402902111525084
2021-09-28,0.023687,1.00023687,2.440868242694824
2021-09-29,0.023687,1.00023687,2.441446411155471
2021-09-30,0.023687,1.00023687,2.4420247165668814
2021-10-01,0.023687,1.00023687,2.4426031589614943
2021-10-04,0.023687,1.00023687,2.4431817383717576
2021-10-05,0.023687,1.00023687,2.4437604548301257
2021-10-06,0.023687,1.00023687,2.444339308369061
2021-10-07,0.023687,1.00023687,2.4449182990210345
2021-10-08,0.023687,1.00023687,2.4454974268185237
2021-10-11,0.023687,1.00023687,2.446076691794014
2021-10-13,0.023687,1.00023687,2.4466560939799993
2021-10-14,0.023687,1.00023687,2.44723563340898
2021-10-15,0.023687,1.00023687,2.4478153101134654
2021-10-18,0.023687,1.00023687,2.448395124125972
2021-10-19,0.023687,1.00023687,2.4489750754790234
2021-10-20,0.023687,1.00023687,2.449555164205152
2021-10-21,0.023687,1.00023687,2.450135390336897
2021-10-22,0.023687,1.00023687,2.450715753906806
2021-10-25,0.023687,1.00023687,2.451296254947434
2021-10-26,0.023687,1.00023687,2.451876893491343
2021-10-27,0.023687,1.00023687,2.4524576695711042
2021-10-28,0.029256,1.00029256,2.4531751605869143
2021-10-29,0.029256,1.00029256,2.453892861511896
2021-11-01,0.029256,1.00029256,2.45461077240746
2021-11-03,0.029256,1.00029256,2.455328893335036
2021-11-04,0.029256,1.00029256,2.4560472243560705
2021-11-05,0.029256,1.00029256,2.4567657655320283
2021-11-08,0.029256,1.00029256,2.4574845169243926
2021-11-09,0.029256,1.00029256,2.4582034785946645
2021-11-10,0.029256,1.00029256,2.458922650604362
2021-11-11,0.029256,1.00029256,2.4596420330150233
2021-11-12,0.029256,1.00029256,2.4603616258882024
2021-11-16,0.029256,1.00029256,2.4610814292854726
2021-11-17,0.029256,1.00029256,2.4618014432684245
2021-11-18,0.029256,1.00029256,2.462521667898667
2021-11-19,0.029256,1.00029256,2.4632421032378278
2021-11-22,0.029256,1.00029256,2.463962749347551
2021-11-23,0.029256,1.00029256,2.4646836062895003
2021-11-24,0.029256,1.00029256,2.465404674125357
2021-11-25,0.029256,1.00029256,2.466125952916819
2021-11-26,0.029256,1.00029256,2.4668474427256046
2021-11-29,0.029256,1.00029256,2.467569143613449
2021-11-30,0.029256,1.00029256,2.4682910556421045
2021-12-01,0.029256,1.00029256,2.4690131788733436
2021-12-02,0.029256,1.00029256,2.469735513368955
2021-12-03,0.029256,1.00029256,2.4704580591907463
2021-12-06,0.029256,1.00029256,2.4711808164005435
2021-12-07,0.029256,1.00029256,2.47190378506019
2021-12-08,0.029256,1.00029256,2.4726269652315476
2021-12-09,0.034749,1.00034749,2.473486178375696
2021-12-10,0.034749,1.00034749,2.47434569008782
2021-12-13,0.034749,1.00034749,2.4752055004716684
2021-12-14,0.034749,1.00034749,2.476065609631027
2021-12-15,0.034749,1.00034749,2.476926017669718
2021-12-16,0.034749,1.00034749,2.477786724691598
2021-12-17,0.034749,1.00034749,2.478647730800561
2021-12-20,0.034749,1.00034749,2.479509036100537
2021-12-21,0.034749,1.00034749,2.4803706406954915
2021-12-22,0.034749,1.00034749,2.4812325446894268
2021-12-23,0.034749,1.00034749,2.482094748186381
2021-12-24,0.034749,1.00034749,2.4829572512904283
2021-12-27,0.034749,1.00034749,2.483820054105679
2021-12-28,0.034749,1.00034749,2.4846831567362804
2021-12-29,0.034749,1.00034749,2.4855465592864148
2021-12-30,0.034749,1.00034749,2.4864102618603012
2021-12-31,0.034749,1.00034749,2.487274264562195
2022-01-03,0.034749,1.00034749,2.488138567496388
2022-01-04,0.034749,1.00034749,2.4890031707672073
2022-01-05,0.034749,1.00034749,2.489868074479017
2022-01-06,0.034749,1.00034749,2.4907332787362177
2022-01-07,0.034749,1.00034749,2.4915987836432456
2022-01-10,0.034749,1.00034749,2.4924645893045736
2022-01-11,0.034749,1.00034749,2.493330695824711
2022-01-12,0.034749,1.00034749,2.494197103308203
2022-01-13,0.034749,1.00034749,2.4950638118596316
2022-01-14,0.034749,1.00034749,2.4959308215836145
2022-01-17,0.034749,1.00034749,2.4967981325848068
2022-01-18,0.034749,1.00034749,2.4976657449678985
2022-01-19,0.034749,1.00034749,2.4985336588376175
2022-01-20,0.034749,1.00034749,2.499401874298727
2022-01-21,0.034749,1.00034749,2.500270391456027
2022-01-24,0.034749,1.00034749,2.501139210414354
2022-01-25,0.034749,1.00034749,2.502008331278581
2022-01-26,0.034749,1.00034749,2.502877754153617
2022-01-27,0.034749,1.00034749,2.503747479144408
2022-01-28,0.034749,1.00034749,2.504617506355936
2022-01-31,0.034749,1.00034749,2.5054878358932196
2022-02-01,0.034749,1.00034749,2.506358467861314
2022-02-02,0.034749,1.00034749,2.5072294023653114
2022-02-03,0.040168,1.00040168,2.5082365062716536
2022-02-04,0.040168,1.00040168,2.5092440147114927
2022-02-07,0.040168,1.00040168,2.510251927847322
2022-02-08,0.040168,1.00040168,2.5112602458416995
2022-02-09,0.040168,1.00040168,2.5122689688572493
2022-02-10,0.040168,1.00040168,2.5132780970566597
2022-02-11,0.040168,1.00040168,2.514287630602685
2022-02-14,0.040168,1.00040168,2.5152975696581454
2022-02-15,0.040168,1.00040168,2.5163079143859255
2022-02-16,0.040168,1.00040168,2.517318664948976
2022-02-17,0.040168,1.00040168,2.5183298215103123
2022-02-18,0.040168,1.00040168,2.5193413842330163
2022-02-21,0.040168,1.00040168,2.520353353280235
2022-02-22,0.040168,1.00040168,2.5213657288151805
2022-02-23,0.040168,1.00040168,2.522378511001131
2022-02-24,0.040168,1.00040168,2.52339170000143
2022-02-25,0.040168,1.00040168,2.5244052959794865
2022-03-02,0.040168,1.00040168,2.5254192990987754
2022-03-03,0.040168,1.00040168,2.5264337095228373
2022-03-04,0.040168,1.00040168,2.5274485274152783
2022-03-07,0.040168,1.00040168,2.5284637529397704
2022-03-08,0.040168,1.00040168,2.5294793862600513
2022-03-09,0.040168,1.00040168,2.530495427539924
2022-03-10,0.040168,1.00040168,2.531511876943258
2022-03-11,0.040168,1.00040168,2.5325287346339884
2022-03-14,0.040168,1.00040168,2.533546000776116
2022-03-15,0.040168,1.00040168,2.5345636755337075
2022-03-16,0.040168,1.00040168,2.535581759070896
2022-03-17,0.043739,1.00043739,2.536690797176496
2022-03-18,0.043739,1.00043739,2.537800320364273
2022-03-21,0.043739,1.00043739,2.5389103288463977
2022-03-22,0.043739,1.00043739,2.540020822835132
2022-03-23,0.043739,1.00043739,2.541131802542832
2022-03-24,0.043739,1.00043739,2.5422432681819465
2022-03-25,0.043739,1.00043739,2.543355219965017
2022-03-28,0.043739,1.00043739,2.5444676581046775
2022-03-29,0.043739,1.00043739,2.545580582813656
2022-03-30,0.043739,1.00043739,2.5466939943047735
2022-03-31,0.043739,1.00043739,2.5478078927909427
2022-04-01,0.043739,1.00043739,2.5489222784851706
2022-04-04,0.043739,1.00043739,2.5500371516005576
2022-04-05,0.043739,1.00043739,2.5511525123502965
2022-04-06,0.043739,1.00043739,2.5522683609476737
2022-04-07,0.043739,1.00043739,2.553384697606069
2022-04-08,0.043739,1.00043739,2.554501522538955
2022-04-11,0.043739,1.00043739,2.5556188359598986
2022-04-12,0.043739,1.00043739,2.556736638082559
2022-04-13,0.043739,1.00043739,2.5578549291206905
2022-04-14,0.043739,1.00043739,2.558973709288139
2022-04-18,0.043739,1.00043739,2.5600929787988447
2022-04-19,0.043739,1.00043739,2.5612127378668417
2022-04-20,0.043739,1.00043739,2.5623329867062576
2022-04-22,0.043739,1.00043739,2.5634537255313132
2022-04-25,0.043739,1.00043739,2.5645749545563237
2022-04-26,0.043739,1.00043739,2.5656966739956975
2022-04-27,0.043739,1.00043739,2.5668188840639368
2022-04-28,0.043739,1.00043739,2.5679415849756375
2022-04-29,0.043739,1.00043739,2.56906477694549
2022-05-02,0.043739,1.00043739,2.5701884601882785
2022-05-03,0.043739,1.00043739,2.5713126349188804
2022-05-04,0.043739,1.00043739,2.572437301352268
2022-05-05,0.047279,1.00047279,2.5736535239839737
2022-05-06,0.047279,1.00047279,2.5748703216335778
2022-05-09,0.047279,1.00047279,2.5760876945729425
2022-05-10,0.047279,1.00047279,2.5773056430740593
2022-05-11,0.047279,1.00047279,2.5785241674090478
2022-05-12,0.047279,1.00047279,2.579743267850157
2022-05-13,0.047279,1.00047279,2.5809629446697633
2022-05-16,0.047279,1.00047279,2.5821831981403736
2022-05-17,0.047279,1.00047279,2.583404028534622
2022-05-18,0.047279,1.00047279,2.5846254361252727
2022-05-19,0.047279,1.00047279,2.585847421185218
2022-05-20,0.047279,1.00047279,2.58706998398748
2022-05-23,0.047279,1.00047279,2.588293124805209
2022-05-24,0.047279,1.00047279,2.5895168439116856
2022-05-25,0.047279,1.00047279,2.590741141580318
2022-05-26,0.047279,1.00047279,2.5919660180846456
2022-05-27,0.047279,1.00047279,2.5931914736983357
2022-05-30,0.047279,1.00047279,2.594417508695185
2022-05-31,0.047279,1.00047279,2.5956441233491208
2022-06-01,0.047279,1.00047279,2.5968713179341987
2022-06-02,0.047279,1.00047279,2.5980990927246044
2022-06-03,0.047279,1.00047279,2.5993274479946535
2022-06-06,0.047279,1.00047279,2.6005563840187906
2022-06-07,0.047279,1.00047279,2.6017859010715907
2022-06-08,0.047279,1.00047279,2.603015999427758
2022-06-09,0.047279,1.00047279,2.6042466793621273
2022-06-10,0.047279,1.00047279,2.6054779411496627
2022-06-13,0.047279,1.00047279,2.6067097850654584
2022-06-14,0.047279,1.00047279,2.607942211384739
2022-06-15,0.047279,1.00047279,2.6091752203828595
2022-06-17,0.049037,1.00049037,2.610454681635679
2022-06-20,0.049037,1.00049037,2.611734770297913
2022-06-21,0.049037,1.00049037,2.613015486677224
2022-06-22,0.049037,1.00049037,2.6142968310814263
2022-06-23,0.049037,1.00049037,2.615578803818484
2022-06-24,0.049037,1.00049037,2.6168614051965124
2022-06-27,0.049037,1.00049037,2.618144635523779
2022-06-28,0.049037,1.00049037,2.619428495108701
2022-06-29,0.049037,1.00049037,2.6207129842598476
2022-06-30,0.049037,1.00049037,2.6219981032859394
2022-07-01,0.049037,1.00049037,2.623283852495848
2022-07-04,0.049037,1.00049037,2.6245702321985966
2022-07-05,0.049037,1.00049037,2.62585724270336
2022-07-06,0.049037,1.00049037,2.6271448843194647
2022-07-07,0.049037,1.00049037,2.6284331573563886
2022-07-08,0.049037,1.00049037,2.629722062123762
2022-07-11,0.049037,1.00049037,2.631011598931366
2022-07-12,0.049037,1.00049037,2.632301768089134
2022-07-13,0.049037,1.00049037,2.6335925699071523
2022-07-14,0.049037,1.00049037,2.6348840046956576
2022-07-15,0.049037,1.00049037,2.6361760727650405
2022-07-18,0.049037,1.00049037,2.6374687744258427
2022-07-19,0.049037,1.00049037,2.638762109988758
2022-07-20,0.049037,1.00049037,2.6400560797646335
2022-07-21,0.049037,1.00049037,2.641350684064468
2022-07-22,0.049037,1.00049037,2.642645923199413
2022-07-25,0.049037,1.00049037,2.6439417974807724
2022-07-26,0.049037,1.00049037,2.645238307220003
2022-07-27,0.049037,1.00049037,2.646535452728715
2022-07-28,0.049037,1.00049037,2.6478332343186697
2022-07-29,0.049037,1.00049037,2.649131652301783
2022-08-01,0.049037,1.00049037,2.6504307069901225
2022-08-02,0.049037,1.00049037,2.6517303986959093
2022-08-03,0.049037,1.00049037,2.653030727731518
2022-08-04,0.050788,1.00050788,2.6543781489775182
2022-08-05,0.050788,1.00050788,2.655726254551821
2022-08-08,0.050788,1.00050788,2.657075044801983
2022-08-09,0.050788,1.00050788,2.658424520075737
2022-08-10,0.050788,1.00050788,2.659774680720993
2022-08-11,0.050788,1.00050788,2.661125527085838
2022-08-12,0.050788,1.00050788,2.662477059518534
2022-08-15,0.050788,1.00050788,2.6638292783675226
2022-08-16,0.050788,1.00050788,2.66518218398142
2022-08-17,0.050788,1.00050788,2.6665357767090208
2022-08-18,0.050788,1.00050788,2.667890056899296
2022-08-19,0.050788,1.00050788,2.669245024901394
2022-08-22,0.050788,1.00050788,2.670600681064641
2022-08-23,0.050788,1.00050788,2.67195702573854
2022-08-24,0.050788,1.00050788,2.6733140592727724
2022-08-25,0.050788,1.00050788,2.674671782017196
2022-08-26,0.050788,1.00050788,2.676030194321847
2022-08-29,0.050788,1.00050788,2.6773892965369392
2022-08-30,0.050788,1.00050788,2.6787490890128645
2022-08-31,0.050788,1.00050788,2.6801095721001924
2022-09-01,0.050788,1.00050788,2.6814707461496705
2022-09-02,0.050788,1.00050788,2.682832611512225
2022-09-05,0.050788,1.00050788,2.68419516853896
2022-09-06,0.050788,1.00050788,2.6855584175811575
2022-09-08,0.050788,1.00050788,2.686922358990279
2022-09-09,0.050788,1.00050788,2.6882869931179627
2022-09-12,0.050788,1.00050788,2.6896523203160276
2022-09-13,0.050788,1.00050788,2.69101834093647
2022-09-14,0.050788,1.00050788,2.6923850553314645
2022-09-15,0.050788,1.00050788,2.6937524638533663
2022-09-16,0.050788,1.00050788,2.6951205668547082
2022-09-19,0.050788,1.00050788,2.6964893646882024
2022-09-20,0.050788,1.00050788,2.6978588577067404
2022-09-21,0.050788,1.00050788,2.6992290462633926
2022-09-22,0.050788,1.00050788,2.700599930711409
2022-09-23,0.050788,1.00050788,2.7019715114042184
2022-09-26,0.050788,1.00050788,2.7033437886954306
2022-09-27,0.050788,1.00050788,2.7047167629388333
2022-09-28,0.050788,1.00050788,2.7060904344883947
2022-09-29,0.050788,1.00050788,2.707464803698263
2022-09-30,0.050788,1.00050788,2.7088398709227652
2022-10-03,0.050788,1.00050788,2.7102156365164096
2022-10-04,0.050788,1.00050788,2.7115921008338835
2022-10-05,0.050788,1.00050788,2.712969264230055
2022-10-06,0.050788,1.00050788,2.714347127059972
2022-10-07,0.050788,1.00050788,2.7157256896788633
2022-10-10,0.050788,1.00050788,2.7171049524421376
2022-10-11,0.050788,1.00050788,2.718484915705384
2022-10-13,0.050788,1.00050788,2.7198655798243725
2022-10-14,0.050788,1.00050788,2.7212469451550536
2022-10-17,0.050788,1.00050788,2.722629012053559
2022-10-18,0.050788,1.00050788,2.724011780876201
2022-10-19,0.050788,1.00050788,2.7253952519794726
2022-10-20,0.050788,1.00050788,2.726779425720048
2022-10-21,0.050788,1.00050788,2.728164302454783
2022-10-24,0.050788,1.00050788,2.729549882540714
2022-10-25,0.050788,1.00050788,2.730936166335059
2022-10-26,0.050788,1.00050788,2.732323154195217
2022-10-27,0.050788,1.00050788,2.7337108464787696
2022-10-28,0.050788,1.00050788,2.735099243543479
2022-10-31,0.050788,1.00050788,2.73648834574729
2022-11-01,0.050788,1.00050788,2.737878153448328
2022-11-03,0.050788,1.00050788,2.7392686670049016
2022-11-04,0.050788,1.00050788,2.7406598867755
2022-11-07,0.050788,1.00050788,2.742051813118796
2022-11-08,0.050788,1.00050788,2.7434444463936427
2022-11-09,0.050788,1.00050788,2.744837786959077
2022-11-10,0.050788,1.00050788,2.746231835174318
2022-11-11,0.050788,1.00050788,2.7476265913987663
2022-11-14,0.050788,1.00050788,2.7490220559920058
2022-11-16,0.050788,1.00050788,2.750418229313803
2022-11-17,0.050788,1.00050788,2.751815111724107
2022-11-18,0.050788,1.00050788,2.7532127035830496
2022-11-21,0.050788,1.00050788,2.7546110052509456
2022-11-22,0.050788,1.00050788,2.7560100170882924
2022-11-23,0.050788,1.00050788,2.7574097394557713
2022-11-24,0.050788,1.00050788,2.758810172714246
2022-11-25,0.050788,1.00050788,2.760211317224764
2022-11-28,0.050788,1.00050788,2.7616131733485565
2022-11-29,0.050788,1.00050788,2.763015741447037
2022-11-30,0.050788,1.00050788,2.764419021881803
2022-12-01,0.050788,1.00050788,2.765823015014637
2022-12-02,0.050788,1.00050788,2.7672277212075023
2022-12-05,0.050788,1.00050788,2.768633140822549
2022-12-06,0.050788,1.00050788,2.77003927422211
2022-12-07,0.050788,1.00050788,2.771446121768702
2022-12-08,0.050788,1.00050788,2.772853683825026
2022-12-09,0.050788,1.00050788,2.774261960753967
2022-12-12,0.050788,1.00050788,2.775670952918595
2022-12-13,0.050788,1.00050788,2.7770806606821634
2022-12-14,0.050788,1.00050788,2.7784910844081105
2022-12-15,0.050788,1.00050788,2.7799022244600597
2022-12-16,0.050788,1.00050788,2.7813140812018187
2022-12-19,0.050788,1.00050788,2.7827266549973797
2022-12-20,0.050788,1.00050788,2.78413994621092
2022-12-21,0.050788,1.00050788,2.785553955206802
2022-12-22,0.050788,1.00050788,2.7869686823495723
2022-12-23,0.050788,1.00050788,2.788384128003964
2022-12-26,0.050788,1.00050788,2.7898002925348946
2022-12-27,0.050788,1.00050788,2.7912171763074674
2022-12-28,0.050788,1.00050788,2.7926347796869706
2022-12-29,0.050788,1.00050788,2.794053103038878
2022-12-30,0.050788,1.00050788,2.7954721467288497
2023-01-02,0.050788,1.00050788,2.79689191112273
2023-01-03,0.050788,1.00050788,2.7983123965865513
2023-01-04,0.050788,1.00050788,2.79973360348653
2023-01-05,0.050788,1.00050788,2.801155532189069
2023-01-06,0.050788,1.00050788,2.8025781830607572
2023-01-09,0.050788,1.00050788,2.80400155646837
2023-01-10,0.050788,1.00050788,2.8054256527788692
2023-01-11,0.050788,1.00050788,2.8068504723594025
2023-01-12,0.050788,1.00050788,2.8082760155773046
2023-01-13,0.050788,1.00050788,2.809702282800096
2023-01-16,0.050788,1.00050788,2.8111292743954843
2023-01-17,0.050788,1.00050788,2.8125569907313643
2023-01-18,0.050788,1.00050788,2.813985432175817
2023-01-19,0.050788,1.00050788,2.8154145990971107
2023-01-20,0.050788,1.00050788,2.8168444918637
2023-01-23,0.050788,1.00050788,2.818275110844228
2023-01-24,0.050788,1.00050788,2.8197064564075234
2023-01-25,0.050788,1.00050788,2.821138528922604
2023-01-26,0.050788,1.00050788,2.822571328758673
2023-01-27,0.050788,1.00050788,2.824004856285123
2023-01-30,0.050788,1.00050788,2.825439111871533
2023-01-31,0.050788,1.00050788,2.8268740958876704
2023-02-01,0.050788,1.00050788,2.82830980870349
2023-02-02,0.050788,1.00050788,2.8297462506891344
2023-02-03,0.050788,1.00050788,2.8311834222149344
2023-02-06,0.050788,1.00050788,2.832621323651409
2023-02-07,0.050788,1.00050788,2.834059955369265
2023-02-08,0.050788,1.00050788,2.835499317739398
2023-02-09,0.050788,1.00050788,2.8369394111328914
2023-02-10,0.050788,1.00050788,2.8383802359210177
2023-02-13,0.050788,1.00050788,2.839821792475237
2023-02-14,0.050788,1.00050788,2.8412640811671994
2023-02-15,0.050788,1.00050788,2.8427071023687427
2023-02-16,0.050788,1.00050788,2.844150856451894
2023-02-17,0.050788,1.00050788,2.845595343788869
2023-02-22,0.050788,1.00050788,2.8470405647520725
2023-02-23,0.050788,1.00050788,2.8484865197140987
2023-02-24,0.050788,1.00050788,2.849933209047731
2023-02-27,0.050788,1.00050788,2.8513806331259426
2023-02-28,0.050788,1.00050788,2.8528287923218945
2023-03-01,0.050788,1.00050788,2.854277687008939
2023-03-02,0.050788,1.00050788,2.855727317560617
2023-03-03,0.050788,1.00050788,2.8571776843506593
2023-03-06,0.050788,1.00050788,2.8586287877529872
2023-03-07,0.050788,1.00050788,2.860080628141711
2023-03-08,0.050788,1.00050788,2.861533205891132
2023-03-09,0.050788,1.00050788,2.8629865213757397
2023-03-10,0.050788,1.00050788,2.864440574970216
2023-03-13,0.050788,1.00050788,2.865895367049432
2023-03-14,0.050788,1.00050788,2.867350897988449
2023-03-15,0.050788,1.00050788,2.8688071681625193
2023-03-16,0.050788,1.00050788,2.8702641779470857
2023-03-17,0.050788,1.00050788,2.8717219277177817
2023-03-20,0.050788,1.00050788,2.873180417850431
2023-03-21,0.050788,1.00050788,2.874639648721049
2023-03-22,0.050788,1.00050788,2.8760996207058414
2023-03-23,0.050788,1.00050788,2.8775603341812053
2023-03-24,0.050788,1.00050788,2.8790217895237293
2023-03-27,0.050788,1.00050788,2.8804839871101926
2023-03-28,0.050788,1.00050788,2.881946927317566
2023-03-29,0.050788,1.00050788,2.883410610523012
2023-03-30,0.050788,1.00050788,2.8848750371038845
2023-03-31,0.050788,1.00050788,2.886340207437729
2023-04-03,0.050788,1.00050788,2.8878061219022824
2023-04-04,0.050788,1.00050788,2.889272780875474
2023-04-05,0.050788,1.00050788,2.8907401847354253
2023-04-06,0.050788,1.00050788,2.8922083338604487
2023-04-10,0.050788,1.00050788,2.8936772286290497
2023-04-11,0.050788,1.00050788,2.895146869419926
2023-04-12,0.050788,1.00050788,2.896617256611967
2023-04-13,0.050788,1.00050788,2.8980883905842547
2023-04-14,0.050788,1.00050788,2.899560271716065
2023-04-17,0.050788,1.00050788,2.901032900386864
2023-04-18,0.050788,1.00050788,2.9025062769763124
2023-04-19,0.050788,1.00050788,2.903980401864263
2023-04-20,0.050788,1.00050788,2.9054552754307617
2023-04-24,0.050788,1.00050788,2.9069308980560473
2023-04-25,0.050788,1.00050788,2.908407270120552
2023-04-26,0.050788,1.00050788,2.909884392004901
2023-04-27,0.050788,1.00050788,2.9113622640899126
2023-04-28,0.050788,1.00050788,2.9128408867565985
2023-05-02,0.050788,1.00050788,2.9143202603861647
2023-05-03,0.050788,1.00050788,2.9158003853600096
2023-05-04,0.050788,1.00050788,2.9172812620597264
2023-05-05,0.050788,1.00050788,2.9187628908671015
2023-05-08,0.050788,1.00050788,2.9202452721641152
2023-05-09,0.050788,1.00050788,2.921728406332942
2023-05-10,0.050788,1.00050788,2.92321229375595
2023-05-11,0.050788,1.00050788,2.924696934815703
2023-05-12,0.050788,1.00050788,2.9261823298949574
2023-05-15,0.050788,1.00050788,2.9276684793766643
2023-05-16,0.050788,1.00050788,2.92915538364397
2023-05-17,0.050788,1.00050788,2.9306430430802153
2023-05-18,0.050788,1.00050788,2.932131458068935
2023-05-19,0.050788,1.00050788,2.933620628993859
2023-05-22,0.050788,1.00050788,2.9351105562389126
2023-05-23,0.050788,1.00050788,2.936601240188215
2023-05-24,0.050788,1.00050788,2.938092681226082
2023-05-25,0.050788,1.00050788,2.939584879737023
2023-05-26,0.050788,1.00050788,2.941077836105744
2023-05-29,0.050788,1.00050788,2.9425715507171457
2023-05-30,0.050788,1.00050788,2.944066023956324
2023-05-31,0.050788,1.00050788,2.945561256208571
2023-06-01,0.050788,1.00050788,2.947057247859374
2023-06-02,0.050788,1.00050788,2.948553999294417
2023-06-05,0.050788,1.00050788,2.950051510899579
2023-06-06,0.050788,1.00050788,2.9515497830609347
2023-06-07,0.050788,1.00050788,2.9530488161647557
2023-06-09,0.050788,1.00050788,2.9545486105975094
2023-06-12,0.050788,1.00050788,2.9560491667458595
2023-06-13,0.050788,1.00050788,2.9575504849966663
2023-06-14,0.050788,1.00050788,2.9590525657369864
2023-06-15,0.050788,1.00050788,2.960555409354073
2023-06-16,0.050788,1.00050788,2.9620590162353757
2023-06-19,0.050788,1.00050788,2.9635633867685414
2023-06-20,0.050788,1.00050788,2.9650685213414136
2023-06-21,0.050788,1.00050788,2.9665744203420323
2023-06-22,0.050788,1.00050788,2.968081084158636
2023-06-23,0.050788,1.00050788,2.969588513179658
2023-06-26,0.050788,1.00050788,2.971096707793732
2023-06-27,0.050788,1.00050788,2.972605668389686
2023-06-28,0.050788,1.00050788,2.974115395356548
2023-06-29,0.050788,1.00050788,2.9756258890835414
2023-06-30,0.050788,1.00050788,2.977137149960089
2023-07-03,0.050788,1.00050788,2.978649178375811
2023-07-04,0.050788,1.00050788,2.9801619747205246
2023-07-05,0.050788,1.00050788,2.981675539384246
2023-07-06,0.050788,1.00050788,2.983189872757188
2023-07-07,0.050788,1.00050788,2.9847049752297643
2023-07-10,0.050788,1.00050788,2.986220847192584
2023-07-11,0.050788,1.00050788,2.9877374890364563
2023-07-12,0.050788,1.00050788,2.989254901152388
2023-07-13,0.050788,1.00050788,2.9907730839315856
2023-07-14,0.050788,1.00050788,2.992292037765453
2023-07-17,0.050788,1.00050788,2.9938117630455934
2023-07-18,0.050788,1.00050788,2.995332260163809
2023-07-19,0.050788,1.00050788,2.996853529512101
2023-07-20,0.050788,1.00050788,2.99837557148267
2023-07-21,0.050788,1.00050788,2.9998983864679145
2023-07-24,0.050788,1.00050788,3.001421974860434
2023-07-25,0.050788,1.00050788,3.002946337053026
2023-07-26,0.050788,1.00050788,3.0044714734386884
2023-07-27,0.050788,1.00050788,3.0059973844106183
2023-07-28,0.050788,1.00050788,3.0075240703622126
2023-07-31,0.050788,1.00050788,3.009051531687068
2023-08-01,0.050788,1.00050788,3.0105797687789813
2023-08-02,0.050788,1.00050788,3.012108782031949
2023-08-03,0.049037,1.00049037,3.013585829815394
2023-08-04,0.049037,1.00049037,3.015063601898761
2023-08-07,0.049037,1.00049037,3.0165420986372244
2023-08-08,0.049037,1.00049037,3.0180213203861332
2023-08-09,0.049037,1.00049037,3.019501267501011
2023-08-10,0.049037,1.00049037,3.0209819403375557
2023-08-11,0.049037,1.00049037,3.0224633392516393
2023-08-14,0.049037,1.00049037,3.0239454645993082
2023-08-15,0.049037,1.00049037,3.025428316736784
2023-08-16,0.049037,1.00049037,3.0269118960204624
2023-08-17,0.049037,1.00049037,3.0283962028069142
2023-08-18,0.049037,1.00049037,3.029881237452885
2023-08-21,0.049037,1.00049037,3.031367000315295
2023-08-22,0.049037,1.00049037,3.0328534917512395
2023-08-23,0.049037,1.00049037,3.0343407121179897
2023-08-24,0.049037,1.00049037,3.035828661772991
2023-08-25,0.049037,1.00049037,3.037317341073865
2023-08-28,0.049037,1.00049037,3.0388067503784075
2023-08-29,0.049037,1.00049037,3.040296890044591
2023-08-30,0.049037,1.00049037,3.0417877604305623
2023-08-31,0.049037,1.00049037,3.043279361894645
2023-09-01,0.049037,1.00049037,3.0447716947953376
2023-09-04,0.049037,1.00049037,3.0462647594913146
2023-09-05,0.049037,1.00049037,3.0477585563414267
2023-09-06,0.049037,1.00049037,3.0492530857047
2023-09-08,0.049037,1.00049037,3.0507483479403374
2023-09-11,0.049037,1.00049037,3.0522443434077173
2023-09-12,0.049037,1.00049037,3.0537410724663943
2023-09-13,0.049037,1.00049037,3.0552385354761
2023-09-14,0.049037,1.00049037,3.056736732796742
2023-09-15,0.049037,1.00049037,3.0582356647884037
2023-09-18,0.049037,1.00049037,3.0597353318113463
2023-09-19,0.049037,1.00049037,3.061235734226007
2023-09-20,0.049037,1.00049037,3.0627368723929997
2023-09-21,0.047279,1.00047279,3.064184903758898
2023-09-22,0.047279,1.00047279,3.065633619739546
2023-09-25,0.047279,1.00047279,3.067083020658622
2023-09-26,0.047279,1.00047279,3.068533106839959
2023-09-27,0.047279,1.00047279,3.0699838786075415
2023-09-28,0.047279,1.00047279,3.071435336285508
2023-09-29,0.047279,1.00047279,3.0728874801981503
2023-10-02,0.047279,1.00047279,3.0743403106699128
2023-10-03,0.047279,1.00047279,3.075793828025394
2023-10-04,0.047279,1.00047279,3.077248032589346
2023-10-05,0.047279,1.00047279,3.0787029246866733
2023-10-06,0.047279,1.00047279,3.0801585046424353
2023-10-09,0.047279,1.00047279,3.081614772781845
2023-10-10,0.047279,1.00047279,3.083071729430268
2023-10-11,0.047279,1.00047279,3.084529374913225
2023-10-13,0.047279,1.00047279,3.08598770955639
2023-10-16,0.047279,1.00047279,3.087446733685591
2023-10-17,0.047279,1.00047279,3.0889064476268095
2023-10-18,0.047279,1.00047279,3.090366851706183
2023-10-19,0.047279,1.00047279,3.091827946250001
2023-10-20,0.047279,1.00047279,3.093289731584708
2023-10-23,0.047279,1.00047279,3.0947522080369034
2023-10-24,0.047279,1.00047279,3.096215375933341
2023-10-25,0.047279,1.00047279,3.097679235600928
2023-10-26,0.047279,1.00047279,3.0991437873667276
2023-10-27,0.047279,1.00047279,3.100609031557956
2023-10-30,0.047279,1.00047279,3.102074968501986
2023-10-31,0.047279,1.00047279,3.103541598526344
2023-11-01,0.047279,1.00047279,3.105008921958711
2023-11-03,0.045513,1.00045513,3.106422104669362
2023-11-06,0.045513,1.00045513,3.10783593056186
2023-11-07,0.045513,1.00045513,3.1092503999289365
2023-11-08,0.045513,1.00045513,3.110665513063456
2023-11-09,0.045513,1.00045513,3.112081270258417
2023-11-10,0.045513,1.00045513,3.1134976718069494
2023-11-13,0.045513,1.00045513,3.1149147180023187
2023-11-14,0.045513,1.00045513,3.116332409137923
2023-11-16,0.045513,1.00045513,3.1177507455072937
2023-11-17,0.045513,1.00045513,3.1191697274040964
2023-11-20,0.045513,1.00045513,3.1205893551221298
2023-11-21,0.045513,1.00045513,3.1220096289553263
2023-11-22,0.045513,1.00045513,3.1234305491977525
2023-11-23,0.045513,1.00045513,3.1248521161436087
2023-11-24,0.045513,1.00045513,3.126274330087229
2023-11-27,0.045513,1.00045513,3.1276971913230818
2023-11-28,0.045513,1.00045513,3.1291207001457684
2023-11-29,0.045513,1.00045513,3.1305448568500256
2023-11-30,0.045513,1.00045513,3.1319696617307238
2023-12-01,0.045513,1.00045513,3.1333951150828674
2023-12-04,0.045513,1.00045513,3.134821217201595
2023-12-05,0.045513,1.00045513,3.13624796838218
2023-12-06,0.045513,1.00045513,3.1376753689200294
2023-12-07,0.045513,1.00045513,3.1391034191106857
2023-12-08,0.045513,1.00045513,3.1405321192498254
2023-12-11,0.045513,1.00045513,3.1419614696332596
2023-12-12,0.045513,1.00045513,3.1433914705569337
2023-12-13,0.045513,1.00045513,3.144822122316928
2023-12-14,0.043739,1.00043739,3.1461976360650086
2023-12-15,0.043739,1.00043739,3.1475737514490474
2023-12-18,0.043739,1.00043739,3.148950468732194
2023-12-19,0.043739,1.00043739,3.150327788177713
2023-12-20,0.043739,1.00043739,3.1517057100489847
2023-12-21,0.043739,1.00043739,3.153084234609503
2023-12-22,0.043739,1.00043739,3.1544633621228795
2023-12-26,0.043739,1.00043739,3.1558430928528387
2023-12-27,0.043739,1.00043739,3.157223427063222
2023-12-28,0.043739,1.00043739,3.158604365017985
2023-12-29,0.043739,1.00043739,3.1599859069812006
2024-01-02,0.043739,1.00043739,3.1613680532170556
2024-01-03,0.043739,1.00043739,3.1627508039898524
2024-01-04,0.043739,1.00043739,3.16413415956401
2024-01-05,0.043739,1.00043739,3.165518120204062
2024-01-08,0.043739,1.00043739,3.1669026861746583
2024-01-09,0.043739,1.00043739,3.1682878577405647
2024-01-10,0.043739,1.00043739,3.169673635166662
2024-01-11,0.043739,1.00043739,3.171060018717948
2024-01-12,0.043739,1.00043739,3.1724470086595353
2024-01-15,0.043739,1.00043739,3.173834605256653
2024-01-16,0.043739,1.00043739,3.1752228087746466
2024-01-17,0.043739,1.00043739,3.176611619478977
2024-01-18,0.043739,1.00043739,3.1780010376352212
2024-01-19,0.043739,1.00043739,3.179391063509073
2024-01-22,0.043739,1.00043739,3.1807816973663416
2024-01-23,0.043739,1.00043739,3.182172939472953
2024-01-24,0.043739,1.00043739,3.1835647900949495
2024-01-25,0.043739,1.00043739,3.1849572494984892
2024-01-26,0.043739,1.00043739,3.186350317949848
2024-01-29,0.043739,1.00043739,3.187743995715416
2024-01-30,0.043739,1.00043739,3.1891382830617023
2024-01-31,0.043739,1.00043739,3.190533180255331
2024-02-01,0.041957,1.00041957,3.191871832261771
2024-02-02,0.041957,1.00041957,3.193211045926433
2024-02-05,0.041957,1.00041957,3.1945508214849725
2024-02-06,0.041957,1.00041957,3.195891159173143
2024-02-07,0.041957,1.00041957,3.1972320592267973
2024-02-08,0.041957,1.00041957,3.198573521881887
2024-02-09,0.041957,1.00041957,3.1999155473744634
2024-02-14,0.041957,1.00041957,3.2012581359406753
2024-02-15,0.041957,1.00041957,3.2026012878167722
2024-02-16,0.041957,1.00041957,3.2039450032391015
2024-02-19,0.041957,1.00041957,3.205289282444111
2024-02-20,0.041957,1.00041957,3.206634125668346
2024-02-21,0.041957,1.00041957,3.207979533148453
2024-02-22,0.041957,1.00041957,3.209325505121176
2024-02-23,0.041957,1.00041957,3.21067204182336
2024-02-26,0.041957,1.00041957,3.212019143491948
2024-02-27,0.041957,1.00041957,3.2133668103639828
2024-02-28,0.041957,1.00041957,3.214715042676607
2024-02-29,0.041957,1.00041957,3.216063840667063
2024-03-01,0.041957,1.00041957,3.217413204572692
2024-03-04,0.041957,1.00041957,3.218763134630935
2024-03-05,0.041957,1.00041957,3.220113631079332
2024-03-06,0.041957,1.00041957,3.221464694155524
2024-03-07,0.041957,1.00041957,3.2228163240972507
2024-03-08,0.041957,1.00041957,3.2241685211423525
2024-03-11,0.041957,1.00041957,3.2255212855287683
2024-03-12,0.041957,1.00041957,3.2268746174945377
2024-03-13,0.041957,1.00041957,3.2282285172778002
2024-03-14,0.041957,1.00041957,3.2295829851167945
2024-03-15,0.041957,1.00041957,3.23093802124986
2024-03-18,0.041957,1.00041957,3.2322936259154362
2024-03-19,0.041957,1.00041957,3.2336497993520616
2024-03-20,0.041957,1.00041957,3.2350065417983758
2024-03-21,0.040168,1.00040168,3.2363059792260853
2024-03-22,0.040168,1.00040168,3.2376059386118206
2024-03-25,0.040168,1.00040168,3.238906420165242
2024-03-26,0.040168,1.00040168,3.240207424096094
2024-03-27,0.040168,1.00040168,3.2415089506142047
2024-03-28,0.040168,1.00040168,3.242810999929487
2024-04-01,0.040168,1.00040168,3.2441135722519387
2024-04-02,0.040168,1.00040168,3.2454166677916407
2024-04-03,0.040168,1.00040168,3.2467202867587592
2024-04-04,0.040168,1.00040168,3.2480244293635443
2024-04-05,0.040168,1.00040168,3.249329095816331
2024-04-08,0.040168,1.00040168,3.2506342863275384
2024-04-09,0.040168,1.00040168,3.2519400011076702
2024-04-10,0.040168,1.00040168,3.2532462403673152
2024-04-11,0.040168,1.00040168,3.254553004317146
2024-04-12,0.040168,1.00040168,3.25586029316792
2024-04-15,0.040168,1.00040168,3.2571681071304797
2024-04-16,0.040168,1.00040168,3.258476446415752
2024-04-17,0.040168,1.00040168,3.259785311234748
2024-04-18,0.040168,1.00040168,3.261094701798565
2024-04-19,0.040168,1.00040168,3.2624046183183832
2024-04-22,0.040168,1.00040168,3.263715061005469
2024-04-23,0.040168,1.00040168,3.2650260300711738
2024-04-24,0.040168,1.00040168,3.2663375257269327
2024-04-25,0.040168,1.00040168,3.2676495481842665
2024-04-26,0.040168,1.00040168,3.268962097654781
2024-04-29,0.040168,1.00040168,3.2702751743501666
2024-04-30,0.040168,1.00040168,3.2715887784821995
2024-05-02,0.040168,1.00040168,3.27290291026274
2024-05-03,0.040168,1.00040168,3.274217569903734
2024-05-06,0.040168,1.00040168,3.275532757617213
2024-05-07,0.040168,1.00040168,3.2768484736152925
2024-05-08,0.040168,1.00040168,3.2781647181101743
2024-05-09,0.03927,1.0003927,3.279452053394976
2024-05-10,0.03927,1.0003927,3.280739894216344
2024-05-13,0.03927,1.0003927,3.2820282407728025
2024-05-14,0.03927,1.0003927,3.2833170932629536
2024-05-15,0.03927,1.0003927,3.2846064518854776
2024-05-16,0.03927,1.0003927,3.285896316839133
2024-05-17,0.03927,1.0003927,3.2871866883227554
2024-05-20,0.03927,1.0003927,3.2884775665352595
2024-05-21,0.03927,1.0003927,3.2897689516756374
2024-05-22,0.03927,1.0003927,3.2910608439429603
2024-05-23,0.03927,1.0003927,3.2923532435363763
2024-05-24,0.03927,1.0003927,3.2936461506551127
2024-05-27,0.03927,1.0003927,3.2949395654984746
2024-05-28,0.03927,1.0003927,3.2962334882658455
2024-05-29,0.03927,1.0003927,3.2975279191566873
2024-05-31,0.03927,1.0003927,3.29882285837054
2024-06-03,0.03927,1.0003927,3.300118306107022
2024-06-04,0.03927,1.0003927,3.30141426256583
2024-06-05,0.03927,1.0003927,3.302710727946739
2024-06-06,0.03927,1.0003927,3.3040077024496037
2024-06-07,0.03927,1.0003927,3.305305186274355
2024-06-10,0.03927,1.0003927,3.3066031796210047
2024-06-11,0.03927,1.0003927,3.3079016826896415
2024-06-12,0.03927,1.0003927,3.3092006956804334
2024-06-13,0.03927,1.0003927,3.310500218793627
2024-06-14,0.03927,1.0003927,3.311800252229547
2024-06-17,0.03927,1.0003927,3.313100796188597
2024-06-18,0.03927,1.0003927,3.3144018508712603
2024-06-19,0.03927,1.0003927,3.315703416478097
2024-06-20,0.03927,1.0003927,3.3170054932097477
2024-06-21,0.03927,1.0003927,3.318308081266931
2024-06-24,0.03927,1.0003927,3.319611180850444
2024-06-25,0.03927,1.0003927,3.320914792161164
2024-06-26,0.03927,1.0003927,3.3222189154000454
2024-06-27,0.03927,1.0003927,3.323523550768123
2024-06-28,0.03927,1.0003927,3.324828698466509
2024-07-01,0.03927,1.0003927,3.3261343586963967
2024-07-02,0.03927,1.0003927,3.3274405316590565
2024-07-03,0.03927,1.0003927,3.3287472175558386
2024-07-04,0.03927,1.0003927,3.3300544165881725
2024-07-05,0.03927,1.0003927,3.3313621289575663
2024-07-08,0.03927,1.0003927,3.332670354865608
2024-07-09,0.03927,1.0003927,3.333979094513963
2024-07-10,0.03927,1.0003927,3.3352883481043785
2024-07-11,0.03927,1.0003927,3.3365981158386786
2024-07-12,0.03927,1.0003927,3.3379083979187683
2024-07-15,0.03927,1.0003927,3.3392191945466307
2024-07-16,0.03927,1.0003927,3.340530505924329
2024-07-17,0.03927,1.0003927,3.341842332254005
2024-07-18,0.03927,1.0003927,3.3431546737378808
2024-07-19,0.03927,1.0003927,3.344467530578257
2024-07-22,0.03927,1.0003927,3.345780902977515
2024-07-23,0.03927,1.0003927,3.347094791138114
2024-07-24,0.03927,1.0003927,3.3484091952625934
2024-07-25,0.03927,1.0003927,3.3497241155535726
2024-07-26,0.03927,1.0003927,3.3510395522137504
2024-07-29,0.03927,1.0003927,3.3523555054459044
2024-07-30,0.03927,1.0003927,3.353671975452893
2024-07-31,0.03927,1.0003927,3.354988962437653
2024-08-01,0.03927,1.0003927,3.3563064666032023
2024-08-02,0.03927,1.0003927,3.357624488152637
2024-08-05,0.03927,1.0003927,3.358943027289134
2024-08-06,0.03927,1.0003927,3.3602620842159503
2024-08-07,0.03927,1.0003927,3.3615816591364216
2024-08-08,0.03927,1.0003927,3.3629017522539644
2024-08-09,0.03927,1.0003927,3.364222363772074
2024-08-12,0.03927,1.0003927,3.365543493894327
2024-08-13,0.03927,1.0003927,3.3668651428243788
2024-08-14,0.03927,1.0003927,3.3681873107659657
2024-08-15,0.03927,1.0003927,3.3695099979229033
2024-08-16,0.03927,1.0003927,3.370833204499087
2024-08-19,0.03927,1.0003927,3.3721569306984938
2024-08-20,0.03927,1.0003927,3.373481176725179
2024-08-21,0.03927,1.0003927,3.3748059427832784
2024-08-22,0.03927,1.0003927,3.376131229077009
2024-08-23,0.03927,1.0003927,3.377457035810667
2024-08-26,0.03927,1.0003927,3.3787833631886297
2024-08-27,0.03927,1.0003927,3.3801102114153534
2024-08-28,0.03927,1.0003927,3.381437580695376
2024-08-29,0.03927,1.0003927,3.3827654712333146
2024-08-30,0.03927,1.0003927,3.384093883233868
2024-09-02,0.03927,1.0003927,3.3854228169018135
2024-09-03,0.03927,1.0003927,3.3867522724420107
2024-09-04,0.03927,1.0003927,3.3880822500593983
2024-09-05,0.03927,1.0003927,3.3894127499589963
2024-09-06,0.03927,1.0003927,3.390743772345905
2024-09-09,0.03927,1.0003927,3.392075317425305
2024-09-10,0.03927,1.0003927,3.3934073854024573
2024-09-11,0.03927,1.0003927,3.3947399764827044
2024-09-12,0.03927,1.0003927,3.396073090871469
2024-09-13,0.03927,1.0003927,3.397406728774254
2024-09-16,0.03927,1.0003927,3.398740890396643
2024-09-17,0.03927,1.0003927,3.4000755759443018
2024-09-18,0.03927,1.0003927,3.401410785622975
2024-09-19,0.040168,1.00040168,3.402777064307344
2024-09-20,0.040168,1.00040168,3.4041438917985345
2024-09-23,0.040168,1.00040168,3.405511268316992
2024-09-24,0.040168,1.00040168,3.4068791940832495
2024-09-25,0.040168,1.00040168,3.408247669317929
2024-09-26,0.040168,1.00040168,3.4096166942417403
2024-09-27,0.040168,1.00040168,3.410986269075483
2024-09-30,0.040168,1.00040168,3.412356394040045
2024-10-01,0.040168,1.00040168,3.413727069356403
2024-10-02,0.040168,1.00040168,3.415098295245622
2024-10-03,0.040168,1.00040168,3.416470071928856
2024-10-04,0.040168,1.00040168,3.4178423996273484
2024-10-07,0.040168,1.00040168,3.4192152785624303
2024-10-08,0.040168,1.00040168,3.420588708955523
2024-10-09,0.040168,1.00040168,3.421962691028136
2024-10-10,0.040168,1.00040168,3.4233372250018683
2024-10-11,0.040168,1.00040168,3.424712311098407
2024-10-14,0.040168,1.00040168,3.4260879495395287
2024-10-15,0.040168,1.00040168,3.4274641405470994
2024-10-16,0.040168,1.00040168,3.428840884343074
2024-10-17,0.040168,1.00040168,3.4302181811494967
2024-10-18,0.040168,1.00040168,3.4315960311885005
2024-10-21,0.040168,1.00040168,3.432974434682308
2024-10-22,0.040168,1.00040168,3.434353391853231
2024-10-23,0.040168,1.00040168,3.4357329029236703
2024-10-24,0.040168,1.00040168,3.4371129681161166
2024-10-25,0.040168,1.00040168,3.4384935876531495
2024-10-28,0.040168,1.00040168,3.4398747617574377
2024-10-29,0.040168,1.00040168,3.44125649065174
2024-10-30,0.040168,1.00040168,3.442638774558905
2024-10-31,0.040168,1.00040168,3.44402161370187
2024-11-01,0.040168,1.00040168,3.445405008303662
2024-11-04,0.040168,1.00040168,3.446788958587397
2024-11-05,0.040168,1.00040168,3.4481734647762825
2024-11-06,0.040168,1.00040168,3.4495585270936138
2024-11-07,0.041957,1.00041957,3.4510058583648267
2024-11-08,0.041957,1.00041957,3.452453796892821
2024-11-11,0.041957,1.00041957,3.453902342932383
2024-11-12,0.041957,1.00041957,3.4553514967384076
2024-11-13,0.041957,1.00041957,3.456801258565894
2024-11-14,0.041957,1.00041957,3.4582516286699505
2024-11-18,0.041957,1.00041957,3.4597026073057915
2024-11-19,0.041957,1.00041957,3.461154194728739
2024-11-21,0.041957,1.00041957,3.4626063911942215
2024-11-22,0.041957,1.00041957,3.464059196957775
2024-11-25,0.041957,1.00041957,3.465512612275043
2024-11-26,0.041957,1.00041957,3.4669666374017756
2024-11-27,0.041957,1.00041957,3.4684212725938304
2024-11-28,0.041957,1.00041957,3.469876518107173
2024-11-29,0.041957,1.00041957,3.471332374197875
2024-12-02,0.041957,1.00041957,3.4727888411221177
2024-12-03,0.041957,1.00041957,3.4742459191361874
2024-12-04,0.041957,1.00041957,3.4757036084964796
2024-12-05,0.041957,1.00041957,3.4771619094594968
2024-12-06,0.041957,1.00041957,3.4786208222818487
2024-12-09,0.041957,1.00041957,3.4800803472202535
2024-12-10,0.041957,1.00041957,3.481540484531537
2024-12-11,0.041957,1.00041957,3.483001234472632
2024-12-12,0.045513,1.00045513,3.4845864528244777
2024-12-13,0.045513,1.00045513,3.4861723926567514
2024-12-16,0.045513,1.00045513,3.487759054297821
2024-12-17,0.045513,1.00045513,3.4893464380762036
2024-12-18,0.045513,1.00045513,3.4909345443205653
2024-12-19,0.045513,1.00045513,3.4925233733597216
2024-12-20,0.045513,1.00045513,3.494112925522639
2024-12-23,0.045513,1.00045513,3.495703201138432
2024-12-24,0.045513,1.00045513,3.497294200536366
2024-12-26,0.045513,1.00045513,3.498885924045856
2024-12-27,0.045513,1.00045513,3.5004783719964667
2024-12-30,0.045513,1.00045513,3.5020715447179134
2024-12-31,0.045513,1.00045513,3.503665442540061
2025-01-02,0.045513,1.00045513,3.505260065792924
2025-01-03,0.045513,1.00045513,3.506855414806668
2025-01-06,0.045513,1.00045513,3.5084514899116086
2025-01-07,0.045513,1.00045513,3.510048291438212
2025-01-08,0.045513,1.00045513,3.5116458197170943
2025-01-09,0.045513,1.00045513,3.513244075079022
2025-01-10,0.045513,1.00045513,3.5148430578549124
2025-01-13,0.045513,1.00045513,3.5164427683758337
2025-01-14,0.045513,1.00045513,3.5180432069730045
2025-01-15,0.045513,1.00045513,3.519644373977794
2025-01-16,0.045513,1.00045513,3.5212462697217224
2025-01-17,0.045513,1.00045513,3.5228488945364607
2025-01-20,0.045513,1.00045513,3.524452248753831
2025-01-21,0.045513,1.00045513,3.526056332705806
2025-01-22,0.045513,1.00045513,3.5276611467245105
2025-01-23,0.045513,1.00045513,3.5292666911422192
2025-01-24,0.045513,1.00045513,3.5308729662913585
2025-01-27,0.045513,1.00045513,3.5324799725045066
2025-01-28,0.045513,1.00045513,3.5340877101143926
2025-01-29,0.045513,1.00045513,3.535696179453897
2025-01-30,0.049037,1.00049037,3.5374299787894157
2025-01-31,0.049037,1.00049037,3.539164628328115
2025-02-03,0.049037,1.00049037,3.5409001284869084
2025-02-04,0.049037,1.00049037,3.5426364796829146
2025-02-05,0.049037,1.00049037,3.544373682333457
2025-02-06,0.049037,1.00049037,3.546111736856063
2025-02-07,0.049037,1.00049037,3.5478506436684656
2025-02-10,0.049037,1.00049037,3.5495904031886014
2025-02-11,0.049037,1.00049037,3.5513310158346134
2025-02-12,0.049037,1.00049037,3.5530724820248487
2025-02-13,0.049037,1.00049037,3.5548148021778596
2025-02-14,0.049037,1.00049037,3.556557976712404
2025-02-17,0.049037,1.00049037,3.5583020060474446
2025-02-18,0.049037,1.00049037,3.5600468906021505
2025-02-19,0.049037,1.00049037,3.561792630795895
2025-02-20,0.049037,1.00049037,3.563539227048259
2025-02-21,0.049037,1.00049037,3.565286679779027
2025-02-24,0.049037,1.00049037,3.56703498940819
2025-02-25,0.049037,1.00049037,3.5687841563559464
2025-02-26,0.049037,1.00049037,3.570534181042699
2025-02-27,0.049037,1.00049037,3.572285063889057
2025-02-28,0.049037,1.00049037,3.5740368053158367
2025-03-05,0.049037,1.00049037,3.5757894057440596
2025-03-06,0.049037,1.00049037,3.5775428655949546
2025-03-07,0.049037,1.00049037,3.5792971852899567
2025-03-10,0.049037,1.00049037,3.5810523652507076
2025-03-11,0.049037,1.00049037,3.5828084058990557
2025-03-12,0.049037,1.00049037,3.5845653076570567
2025-03-13,0.049037,1.00049037,3.586323070946973
2025-03-14,0.049037,1.00049037,3.5880816961912734
2025-03-17,0.049037,1.00049037,3.589841183812635
2025-03-18,0.049037,1.00049037,3.591601534233942
2025-03-19,0.049037,1.00049037,3.593362747878284
2025-03-20,0.052531,1.00052531,3.595250377263372
2025-03-21,0.052531,1.00052531,3.5971389982390525
2025-03-24,0.052531,1.00052531,3.5990286113262173
2025-03-25,0.052531,1.00052531,3.600919217046033
2025-03-26,0.052531,1.00052531,3.6028108159199395
2025-03-27,0.052531,1.00052531,3.6047034084696503
2025-03-28,0.052531,1.00052531,3.6065969952171537
2025-03-31,0.052531,1.00052531,3.6084915766847114
2025-04-01,0.052531,1.00052531,3.6103871533948597
2025-04-02,0.052531,1.00052531,3.6122837258704097
2025-04-03,0.052531,1.00052531,3.6141812946344465
2025-04-04,0.052531,1.00052531,3.616079860210331
2025-04-07,0.052531,1.00052531,3.617979423121698
2025-04-08,0.052531,1.00052531,3.6198799838924582
2025-04-09,0.052531,1.00052531,3.621781543046797
2025-04-10,0.052531,1.00052531,3.6236841011091747
2025-04-11,0.052531,1.00052531,3.6255876586043283
2025-04-14,0.052531,1.00052531,3.6274922160572696
2025-04-15,0.052531,1.00052531,3.629397773993287
2025-04-16,0.052531,1.00052531,3.631304332937943
2025-04-17,0.052531,1.00052531,3.6332118934170787
2025-04-22,0.052531,1.00052531,3.6351204559568098
2025-04-23,0.052531,1.00052531,3.6370300210835285
2025-04-24,0.052531,1.00052531,3.6389405893239037
2025-04-25,0.052531,1.00052531,3.6408521612048816
2025-04-28,0.052531,1.00052531,3.642764737253684
2025-04-29,0.052531,1.00052531,3.6446783179978106
2025-04-30,0.052531,1.00052531,3.646592903965038
2025-05-02,0.052531,1.00052531,3.6485084956834197
2025-05-05,0.052531,1.00052531,3.650425093681287
2025-05-06,0.052531,1.00052531,3.652342698487249
2025-05-07,0.052531,1.00052531,3.6542613106301913
2025-05-08,0.054266,1.00054266,3.656244332073018
2025-05-09,0.054266,1.00054266,3.6582284296222607
2025-05-12,0.054266,1.00054266,3.6602136038618798
2025-05-13,0.054266,1.00054266,3.6621998553761514
2025-05-14,0.054266,1.00054266,3.66418718474967
2025-05-15,0.054266,1.00054266,3.6661755925673463
2025-05-16,0.054266,1.00054266,3.668165079414409
2025-05-19,0.054266,1.00054266,3.670155645876404
2025-05-20,0.054266,1.00054266,3.672147292539196
2025-05-21,0.054266,1.00054266,3.674140019988965
2025-05-22,0.054266,1.00054266,3.6761338288122123
2025-05-23,0.054266,1.00054266,3.6781287195957555
2025-05-26,0.054266,1.00054266,3.6801246929267313
2025-05-27,0.054266,1.00054266,3.682121749392595
2025-05-28,0.054266,1.00054266,3.6841198895811207
2025-05-29,0.054266,1.00054266,3.686119114080401
2025-05-30,0.054266,1.00054266,3.688119423478848
2025-06-02,0.054266,1.00054266,3.6901208183651932
2025-06-03,0.054266,1.00054266,3.6921232993284874
2025-06-04,0.054266,1.00054266,3.694126866958101
2025-06-05,0.054266,1.00054266,3.6961315218437245
2025-06-06,0.054266,1.00054266,3.6981372645753683
2025-06-09,0.054266,1.00054266,3.700144095743363
2025-06-10,0.054266,1.00054266,3.702152015938359
2025-06-11,0.054266,1.00054266,3.704161025751328
2025-06-12,0.054266,1.00054266,3.7061711257735626
2025-06-13,0.054266,1.00054266,3.708182316596675
2025-06-16,0.054266,1.00054266,3.7101945988125995
2025-06-17,0.054266,1.00054266,3.7122079730135913
2025-06-18,0.054266,1.00054266,3.714222439792227
2025-06-20,0.055131,1.00055131,3.716270127765509
2025-06-23,0.055131,1.00055131,3.718318944649648
2025-06-24,0.055131,1.00055131,3.720368891067023
2025-06-25,0.055131,1.00055131,3.7224199676403575
2025-06-26,0.055131,1.00055131,3.7244721749927177
2025-06-27,0.055131,1.00055131,3.726525513747513
2025-06-30,0.055131,1.00055131,3.7285799845284977
2025-07-01,0.055131,1.00055131,3.7306355879597684
2025-07-02,0.055131,1.00055131,3.732692324665767
2025-07-03,0.055131,1.00055131,3.7347501952712787
2025-07-04,0.055131,1.00055131,3.736809200401434
2025-07-07,0.055131,1.00055131,3.738869340681708
2025-07-08,0.055131,1.00055131,3.7409306167379195
2025-07-09,0.055131,1.00055131,3.7429930291962337
2025-07-10,0.055131,1.00055131,3.74505657868316
2025-07-11,0.055131,1.00055131,3.747121265825554
2025-07-14,0.055131,1.00055131,3.7491870912506164
2025-07-15,0.055131,1.00055131,3.751254055585894
2025-07-16,0.055131,1.00055131,3.7533221594592794
2025-07-17,0.055131,1.00055131,3.755391403499011
2025-07-18,0.055131,1.00055131,3.7574617883336745
2025-07-21,0.055131,1.00055131,3.759533314592201
2025-07-22,0.055131,1.00055131,3.7616059829038693
2025-07-23,0.055131,1.00055131,3.763679793898304
2025-07-24,0.055131,1.00055131,3.7657547482054787
2025-07-25,0.055131,1.00055131,3.767830846455712
2025-07-28,0.055131,1.00055131,3.769908089279672
2025-07-29,0.055131,1.00055131,3.7719864773083733
2025-07-30,0.055131,1.00055131,3.7740660111731783
2025-07-31,0.055131,1.00055131,3.7761466915057986
2025-08-01,0.055131,1.00055131,3.778228518938293
2025-08-04,0.055131,1.00055131,3.7803114941030693
2025-08-05,0.055131,1.00055131,3.7823956176328837
2025-08-06,0.055131,1.00055131,3.7844808901608413
2025-08-07,0.055131,1.00055131,3.786567312320396
2025-08-08,0.055131,1.00055131,3.788654884745352
2025-08-11,0.055131,1.00055131,3.790743608069861
2025-08-12,0.055131,1.00055131,3.7928334829284265
2025-08-13,0.055131,1.00055131,3.7949245099559
2025-08-14,0.055131,1.00055131,3.797016689787484
2025-08-15,0.055131,1.00055131,3.799110023058731
2025-08-18,0.055131,1.00055131,3.801204510405544
2025-08-19,0.055131,1.00055131,3.8033001524641756
2025-08-20,0.055131,1.00055131,3.805396949871231
2025-08-21,0.055131,1.00055131,3.807494903263665
2025-08-22,0.055131,1.00055131,3.8095940132787836
2025-08-25,0.055131,1.00055131,3.8116942805542444
2025-08-26,0.055131,1.00055131,3.813795705728057
2025-08-27,0.055131,1.00055131,3.8158982894385822
2025-08-28,0.055131,1.00055131,3.8180020323245327
2025-08-29,0.055131,1.00055131,3.820106935024974
2025-09-01,0.055131,1.00055131,3.8222129981793227
2025-09-02,0.055131,1.00055131,3.824320222427349
2025-09-03,0.055131,1.00055131,3.826428608409176
2025-09-04,0.055131,1.00055131,3.828538156765278
2025-09-05,0.055131,1.00055131,3.8306488681364845
2025-09-08,0.055131,1.00055131,3.832760743163977
2025-09-09,0.055131,1.00055131,3.834873782489291
2025-09-10,0.055131,1.00055131,3.8369879867543157
2025-09-11,0.055131,1.00055131,3.8391033566012935
2025-09-12,0.055131,1.00055131,3.8412198926728216
2025-09-15,0.055131,1.00055131,3.8433375956118514
2025-09-16,0.055131,1.00055131,3.8454564660616883
2025-09-17,0.055131,1.00055131,3.847576504665993
2025-09-18,0.055131,1.00055131,3.8496977120687808
2025-09-19,0.055131,1.00055131,3.8518200889144216
2025-09-22,0.055131,1.00055131,3.8539436358476413
2025-09-23,0.055131,1.00055131,3.8560683535135207
2025-09-24,0.055131,1.00055131,3.8581942425574964
2025-09-25,0.055131,1.00055131,3.860321303625361
2025-09-26,0.055131,1.00055131,3.862449537363263
2025-09-29,0.055131,1.00055131,3.864578944417707
2025-09-30,0.055131,1.00055131,3.8667095254355544
2025-10-01,0.055131,1.00055131,3.8688412810640225
2025-10-02,0.055131,1.00055131,3.8709742119506863
2025-10-03,0.055131,1.00055131,3.873108318743477
2025-10-06,0.055131,1.00055131,3.8752436020906837
2025-10-07,0.055131,1.00055131,3.8773800626409525
2025-10-08,0.055131,1.00055131,3.8795177010432873
2025-10-09,0.055131,1.00055131,3.8816565179470497
2025-10-10,0.055131,1.00055131,3.8837965140019595
2025-10-13,0.055131,1.00055131,3.8859376898580944
2025-10-14,0.055131,1.00055131,3.88808004616589
2025-10-15,0.055131,1.00055131,3.8902235835761423
2025-10-16,0.055131,1.00055131,3.892368302740004
2025-10-17,0.055131,1.00055131,3.894514204308988
2025-10-20,0.055131,1.00055131,3.896661288934966
2025-10-21,0.055131,1.00055131,3.898809557270169
2025-10-22,0.055131,1.00055131,3.9009590099671883
2025-10-23,0.055131,1.00055131,3.9031096476789737
2025-10-24,0.055131,1.00055131,3.905261471058836
2025-10-27,0.055131,1.00055131,3.9074144807604454
2025-10-28,0.055131,1.00055131,3.9095686774378335
2025-10-29,0.055131,1.00055131,3.9117240617453923
2025-10-30,0.055131,1.00055131,3.9138806343378736
2025-10-31,0.055131,1.00055131,3.9160383958703906
2025-11-03,0.055131,1.00055131,3.918197346998418
2025-11-04,0.055131,1.00055131,3.920357488377792
2025-11-05,0.055131,1.00055131,3.92251882066471
2025-11-06,0.055131,1.00055131,3.924681344515731
2025-11-07,0.055131,1.00055131,3.9268450605877763
2025-11-10,0.055131,1.00055131,3.929009969538129
2025-11-11,0.055131,1.00055131,3.9311760720244355
2025-11-12,0.055131,1.00055131,3.9333433687047035
2025-11-13,0.055131,1.00055131,3.9355118602373045
2025-11-14,0.055131,1.00055131,3.937681547280972
2025-11-17,0.055131,1.00055131,3.939852430494804
2025-11-18,0.055131,1.00055131,3.9420245105382605
2025-11-19,0.055131,1.00055131,3.9441977880711656
2025-11-21,0.055131,1.00055131,3.9463722637537075
2025-11-24,0.055131,1.00055131,3.948547938246438
2025-11-25,0.055131,1.00055131,3.950724812210273
2025-11-26,0.055131,1.00055131,3.952902886306493
2025-11-27,0.055131,1.00055131,3.955082161196743
2025-11-28,0.055131,1.00055131,3.9572626375430326
2025-12-01,0.055131,1.00055131,3.959444316007737
2025-12-02,0.055131,1.00055131,3.9616271972535952
2025-12-03,0.055131,1.00055131,3.9638112819437135
2025-12-04,0.055131,1.00055131,3.965996570741562
2025-12-05,0.055131,1.00055131,3.968183064310978
2025-12-08,0.055131,1.00055131,3.9703707633161636
2025-12-09,0.055131,1.00055131,3.9725596684216877
2025-12-10,0.055131,1.00055131,3.974749780292486
2025-12-11,0.055131,1.00055131,3.976941099593859
2025-12-12,0.055131,1.00055131,3.9791336269914765
2025-12-15,0.055131,1.00055131,3.9813273631513737
2025-12-16,0.055131,1.00055131,3.983522308739953
2025-12-17,0.055131,1.00055131,3.9857184644239845
2025-12-18,0.055131,1.00055131,3.987915830870606
2025-12-19,0.055131,1.00055131,3.9901144087473237
2025-12-22,0.055131,1.00055131,3.9923141987220103
2025-12-23,0.055131,1.00055131,3.994515201462908
2025-12-24,0.055131,1.00055131,3.9967174176386266
2025-12-26,0.055131,1.00055131,3.9989208479181455
2025-12-29,0.055131,1.00055131,4.001125492970812
2025-12-30,0.055131,1.00055131,4.003331353466342
2025-12-31,0.055131,1.00055131,4.005538430074822
2026-01-02,0.055131,1.00055131,4.007746723466706
2026-01-05,0.055131,1.00055131,4.0099562343128206
2026-01-06,0.055131,1.00055131,4.0121669632843595
2026-01-07,0.055131,1.00055131,4.014378911052888
2026-01-08,0.055131,1.00055131,4.016592078290341
2026-01-09,0.055131,1.00055131,4.018806465669023
2026-01-12,0.055131,1.00055131,4.021022073861611
2026-01-13,0.055131,1.00055131,4.023238903541152
2026-01-14,0.055131,1.00055131,4.025456955381064
2026-01-15,0.055131,1.00055131,4.027676230055135
2026-01-16,0.055131,1.00055131,4.029896728237527
2026-01-19,0.055131,1.00055131,4.032118450602772
2026-01-20,0.055131,1.00055131,4.034341397825774
2026-01-21,0.055131,1.00055131,4.036565570581809
2026-01-22,0.055131,1.00055131,4.038790969546526
2026-01-23,0.055131,1.00055131,4.041017595395948
2026-01-26,0.055131,1.00055131,4.0432454488064655
2026-01-27,0.055131,1.00055131,4.045474530454848
2026-01-28,0.055131,1.00055131,4.047704841018233
2026-01-29,0.055131,1.00055131,4.049936381174136
2026-01-30,0.055131,1.00055131,4.052169151600441
2026-02-02,0.055131,1.00055131,4.05440315297541
2026-02-03,0.055131,1.00055131,4.056638385977677
2026-02-04,0.055131,1.00055131,4.058874851286251
2026-02-05,0.055131,1.00055131,4.061112549580514
2026-02-06,0.055131,1.00055131,4.063351481540224
2026-02-09,0.055131,1.00055131,4.065591647845512
2026-02-10,0.055131,1.00055131,4.067833049176886
2026-02-11,0.055131,1.00055131,4.070075686215228
2026-02-12,0.055131,1.00055131,4.072319559641795
2026-02-13,0.055131,1.00055131,4.074564670138222
2026-02-18,0.055131,1.00055131,4.0768110183865165
2026-02-19,0.055131,1.00055131,4.079058605069063
2026-02-20,0.055131,1.00055131,4.081307430868624
2026-02-23,0.055131,1.00055131,4.0835574964683365
2026-02-24,0.055131,1.00055131,4.085808802551715
2026-02-25,0.055131,1.00055131,4.08806134980265
2026-02-26,0.055131,1.00055131,4.090315138905409
2026-02-27,0.055131,1.00055131,4.09257017054464
2026-03-02,0.055131,1.00055131,4.094826445405364
2026-03-03,0.055131,1.00055131,4.09708396417298
2026-03-04,0.055131,1.00055131,4.099342727533268
2026-03-05,0.055131,1.00055131,4.101602736172385
2026-03-06,0.055131,1.00055131,4.103863990776865
2026-03-09,0.055131,1.00055131,4.10612649203362
2026-03-10,0.055131,1.00055131,4.1083902406299435
2026-03-11,0.055131,1.00055131,4.110655237253505
2026-03-12,0.055131,1.00055131,4.1129214825923555
2026-03-13,0.055131,1.00055131,4.115188977334924
2026-03-16,0.055131,1.00055131,4.117457722170019
2026-03-17,0.055131,1.00055131,4.119727717786828
2026-03-18,0.055131,1.00055131,4.121998964874922
2026-03-19,0.054266,1.00054266,4.124235808833201
2026-03-20,0.054266,1.00054266,4.126473866637222
2026-03-23,0.054266,1.00054266,4.128713138945692
2026-03-24,0.054266,1.00054266,4.130953626417672
2026-03-25,0.054266,1.00054266,4.133195329712584
2026-03-26,0.054266,1.00054266,4.135438249490206
2026-03-27,0.054266,1.00054266,4.137682386410675
2026-03-30,0.054266,1.00054266,4.139927741134485
2026-03-31,0.054266,1.00054266,4.142174314322489
2026-04-01,0.054266,1.00054266,4.144422106635899
2026-04-02,0.054266,1.00054266,4.146671118736286
2026-04-06,0.054266,1.00054266,4.14892135128558
2026-04-07,0.054266,1.00054266,4.151172804946069
2026-04-08,0.054266,1.00054266,4.153425480380401
2026-04-09,0.054266,1.00054266,4.155679378251584
2026-04-10,0.054266,1.00054266,4.157934499222986
2026-04-13,0.054266,1.00054266,4.160190843958334
2026-04-14,0.054266,1.00054266,4.162448413121717
2026-04-15,0.054266,1.00054266,4.164707207377582
2026-04-16,0.054266,1.00054266,4.166967227390737
2026-04-17,0.054266,1.00054266,4.169228473826353
2026-04-20,0.054266,1.00054266,4.17149094734996
2026-04-22,0.054266,1.00054266,4.173754648627448
2026-04-23,0.054266,1.00054266,4.176019578325072
2026-04-24,0.054266,1.00054266,4.178285737109446
2026-04-27,0.054266,1.00054266,4.180553125647546
2026-04-28,0.054266,1.00054266,4.18282174460671
2026-04-29,0.054266,1.00054266,4.185091594654638
2026-04-30,0.0534,1.000534,4.187326433566184
2026-05-04,0.0534,1.000534,4.189562465881709
2026-05-05,0.0534,1.000534,4.19179969223849
2026-05-06,0.0534,1.000534,4.1940381132741456
2026-05-07,0.0534,1.000534,4.196277729626634
2026-05-08,0.0534,1.000534,4.198518541934255
2026-05-11,0.0534,1.000534,4.200760550835648
2026-05-12,0.0534,1.000534,4.203003756969794
2026-05-13,0.0534,1.000534,4.205248160976017
2026-05-14,0.0534,1.000534,4.207493763493978
2026-05-15,0.0534,1.000534,4.209740565163684
2026-05-18,0.0534,1.000534,4.2119885666254815
2026-05-19,0.0534,1.000534,4.21423776852006
2026-05-20,0.0534,1.000534,4.21648817148845
2026-05-21,0.0534,1.000534,4.218739776172025
2026-05-22,0.0534,1.000534,4.2209925832125
2026-05-25,0.0534,1.000534,4.223246593251936
2026-05-26,0.0534,1.000534,4.225501806932733
2026-05-27,0.0534,1.000534,4.227758224897634
2026-05-28,0.0534,1.000534,4.23001584778973
2026-05-29,0.0534,1.000534,4.23227467625245
2026-06-01,0.0534,1.000534,4.234534710929569
2026-06-02,0.0534,1.000534,4.236795952465205
2026-06-03,0.0534,1.000534,4.239058401503822
2026-06-05,0.0534,1.000534,4.241322058690225
2026-06-08,0.0534,1.000534,4.243586924669566
2026-06-09,0.0534,1.000534,4.24585300008734
2026-06-10,0.0534,1.000534,4.248120285589387
2026-06-11,0.0534,1.000534,4.250388781821892
2026-06-12,0.0534,1.000534,4.252658489431385
2026-06-15,0.0534,1.000534,4.254929409064741
2026-06-16,0.0534,1.000534,4.257201541369182
2026-06-17,0.0534,1.000534,4.259474886992273
2026-06-18,0.052531,1.00052531,4.261712431745159
2026-06-19,0.052531,1.00052531,4.263951151902679
2026-06-22,0.052531,1.00052531,4.266191048082286
2026-06-23,0.052531,1.00052531,4.268432120901754
2026-06-24,0.052531,1.00052531,4.270674370979185
2026-06-25,0.052531,1.00052531,4.272917798933004
2026-06-26,0.052531,1.00052531,4.275162405381962
2026-06-29,0.052531,1.00052531,4.277408190945133
2026-06-30,0.052531,1.00052531,4.279655156241918
2026-07-01,0.052531,1.00052531,4.281903301892044
2026-07-02,0.052531,1.00052531,4.28415262851556
2026-07-03,0.052531,1.00052531,4.2864031367328455
2026-07-06,0.052531,1.00052531,4.288654827164603
2026-07-07,0.052531,1.00052531,4.290907700431861
2026-07-08,0.052531,1.00052531,4.293161757155975
2026-07-09,0.052531,1.00052531,4.295416997958626
2026-07-10,0.052531,1.00052531,4.297673423461824
2026-07-13,0.052531,1.00052531,4.299931034287903
2026-07-14,0.052531,1.00052531,4.302189831059525
2026-07-15,0.052531,1.00052531,4.304449814399678
2026-07-16,0.052531,1.00052531,4.306710984931681
2026-07-17,0.052531,1.00052531,4.308973343279176
2026-07-20,0.052531,1.00052531,4.311236890066134
2026-07-21,0.052531,1.00052531,4.313501625916855
2026-07-22,0.052531,1.00052531,4.3157675514559655
2026-07-23,0.052531,1.00052531,4.318034667308421
2026-07-24,0.052531,1.00052531,4.320302974099505
2026-07-27,0.052531,1.00052531,4.322572472454829
2026-07-28,0.052531,1.00052531,4.324843163000335
2026-07-29,0.052531,1.00052531,4.32711504636229
2026-07-30,0.052531,1.00052531,4.329388123167295
2026-07-31,0.052531,1.00052531,4.331662394042276
2026-08-03,0.052531,1.00052531,4.33393785961449
2026-08-04,0.052531,1.00052531,4.336214520511525
2026-08-05,0.052531,1.00052531,4.338492377361295
